scraped_at,category,product_id,name,brand,variant,price_gbp,unit_price_raw,region,promo_label,product_url,image_url,is_brand_placeholder,bottle_size_cl,bottle_size_l,abv_percent,unit_price_gbp_per_litre,discount_amount_gbp,is_discounted,price_pre_discount_calc_gbp,true_price_gbp,true_unit_price_per_l,alcohol_units,true_price_per_alcohol_unit_gbp,price_tier,discount_percent,discount_band,age_years,is_age_stated,age_band,bottle_size_band,abv_band,is_cask_strength
2025-12-29 22:13:54,Single Malt,3121,Lagavulin 16 Year Old,Lagavulin,70cl / 43%,65.79,(£112.79 per litre),Islay,,https://www.thewhiskyexchange.com/p/3121/lagavulin-16-year-old,https://img.thewhiskyexchange.com/380/lgvob.16yo.jpg?v=202407241,False,70.0,0.7,43.0,112.79,,False,65.79,65.79,93.99,30.099999999999998,2.19,Premium,0.0,No Discount,16.0,True,16–18,Standard (70cl),40–43%,False
2025-12-29 22:13:54,Single Malt,73311,Laphroaig 10 Year Old Cask Strength / Batch 016,Laphroaig,70cl / 58.5%,58.29,(£99.93 per litre),Islay,,https://www.thewhiskyexchange.com/p/73311/laphroaig-10-year-old-cask-strength-batch-016,https://img.thewhiskyexchange.com/380/lrgob.10yov92.jpg?v=202407241,False,70.0,0.7,58.5,99.93,,False,58.29,58.29,83.27,40.949999999999996,1.42,Premium,0.0,No Discount,10.0,True,≤10,Standard (70cl),50%+,True
2025-12-29 22:13:54,Single Malt,56151,Talisker 2011 / 8 Year Old / Rum Finish / Special Releases 2020,Talisker,70cl / 57.9%,80.79,(£138.50 per litre),Island,,https://www.thewhiskyexchange.com/p/56151/talisker-2011-8-year-old-rum-finish-special-releases-2020,https://img.thewhiskyexchange.com/380/talob.08yov13.jpg?v=202407241,False,70.0,0.7,57.9,138.5,,False,80.79,80.79,115.41,40.529999999999994,1.99,Premium,0.0,No Discount,8.0,True,≤10,Standard (70cl),50%+,True
2025-12-29 22:13:54,Single Malt,49646,Glen Scotia Victoriana,Glen Scotia,70cl / 54.2%,63.54,(£108.93 per litre),Campbeltown,,https://www.thewhiskyexchange.com/p/49646/glen-scotia-victoriana,https://img.thewhiskyexchange.com/380/gstob.non6.jpg?v=202407241,False,70.0,0.7,54.2,108.93,,False,63.54,63.54,90.77,37.94,1.67,Premium,0.0,No Discount,,False,,Standard (70cl),50%+,True
2025-12-29 22:13:54,Single Malt,48135,Glenfarclas 25 Year Old London Edition / Exclusive to The Whisky Exchange,Glenfarclas,70cl / 50.5%,249.17,(£427.14 per litre),Speyside,,https://www.thewhiskyexchange.com/p/48135/glenfarclas-25-year-old-london-edition-exclusive-to-the-whisky-exchange,https://img.thewhiskyexchange.com/380/gfcob.25yov15.jpg?v=202407241,False,70.0,0.7,50.5,427.14,,False,249.17,249.17,355.96,35.349999999999994,7.05,Luxury,0.0,No Discount,25.0,True,19–25,Standard (70cl),50%+,True
2025-12-29 22:13:54,Single Malt,82436,Ardbeg 17 Year Old The Legend Returns / Committee Exclusive,Ardbeg,70cl / 40%,133.33,(£228.57 per litre),Islay,,https://www.thewhiskyexchange.com/p/82436/ardbeg-17-year-old-the-legend-returns-committee-exclusive,https://img.thewhiskyexchange.com/380/abgob.17yov7.jpg?v=202407241,False,70.0,0.7,40.0,228.57,,False,133.33,133.33,190.47,28.0,4.76,Luxury,0.0,No Discount,17.0,True,16–18,Standard (70cl),≤40%,False
2025-12-29 22:13:54,Single Malt,232,Arran 10 Year Old,Arran,70cl / 46%,38.96,(£58.21 per litre),Island,Special Offer: £6 Off!,https://www.thewhiskyexchange.com/p/232/arran-10-year-old,https://img.thewhiskyexchange.com/380/arrob.10yov1.jpg?v=202407241,False,70.0,0.7,46.0,58.21,6.0,True,44.96,44.96,64.23,32.199999999999996,1.4,Premium,13.35,Medium (10–20%),10.0,True,≤10,Standard (70cl),43–46%,False
2025-12-29 22:13:54,Single Malt,67780,Scapa 2003 / 19 Year Old / Exclusive to The Whisky Exchange,Scapa,70cl / 56.7%,154.17,(£264.29 per litre),Island,,https://www.thewhiskyexchange.com/p/67780/scapa-2003-19-year-old-exclusive-to-the-whisky-exchange,https://img.thewhiskyexchange.com/380/scpob.2003.jpg?v=202407241,False,70.0,0.7,56.7,264.29,,False,154.17,154.17,220.24,39.69,3.88,Luxury,0.0,No Discount,19.0,True,19–25,Standard (70cl),50%+,True
2025-12-29 22:13:54,Single Malt,48762,Balblair 15 Year Old,Balblair,70cl / 46%,71.62,(£122.79 per litre),Highland,,https://www.thewhiskyexchange.com/p/48762/balblair-15-year-old,https://img.thewhiskyexchange.com/380/blbob.15yo.jpg?v=202407241,False,70.0,0.7,46.0,122.79,,False,71.62,71.62,102.31,32.199999999999996,2.22,Premium,0.0,No Discount,15.0,True,11–15,Standard (70cl),43–46%,False
2025-12-29 22:13:54,Single Malt,7635,Glenfiddich 21 Year Old / Gran Reserva Rum Cask Finish,Glenfiddich,70cl / 40%,154.17,(£264.29 per litre),Speyside,,https://www.thewhiskyexchange.com/p/7635/glenfiddich-21-year-old-gran-reserva-rum-cask-finish,https://img.thewhiskyexchange.com/380/gfdob.21yo.jpg?v=202407241,False,70.0,0.7,40.0,264.29,,False,154.17,154.17,220.24,28.0,5.51,Luxury,0.0,No Discount,21.0,True,19–25,Standard (70cl),≤40%,False
2025-12-29 22:13:54,Single Malt,73225,Blair Athol 12 Year Old / Flora & Fauna,Blair Athol,70cl / 43%,49.79,(£85.36 per litre),Highland,,https://www.thewhiskyexchange.com/p/73225/blair-athol-12-year-old-flora-fauna,https://img.thewhiskyexchange.com/380/blaob.12yov2.jpg?v=202407241,False,70.0,0.7,43.0,85.36,,False,49.79,49.79,71.13,30.099999999999998,1.65,Premium,0.0,No Discount,12.0,True,11–15,Standard (70cl),40–43%,False
2025-12-29 22:13:54,Single Malt,67781,Strathisla 2007 / 15 Year Old / Exclusive to The Whisky Exchange,Strathisla,70cl / 60.3%,104.17,(£178.57 per litre),Speyside,,https://www.thewhiskyexchange.com/p/67781/strathisla-2007-15-year-old-exclusive-to-the-whisky-exchange,https://img.thewhiskyexchange.com/380/stlob.2007.jpg?v=202407241,False,70.0,0.7,60.3,178.57,,False,104.17,104.17,148.81,42.209999999999994,2.47,Premium,0.0,No Discount,15.0,True,11–15,Standard (70cl),50%+,True
2025-12-29 22:13:54,Single Malt,17985,Balvenie 14 Year Old Caribbean Cask,Balvenie,70cl / 43%,59.79,(£102.50 per litre),Speyside,,https://www.thewhiskyexchange.com/p/17985/balvenie-14-year-old-caribbean-cask,https://img.thewhiskyexchange.com/380/balob.14yov4.jpg?v=202407241,False,70.0,0.7,43.0,102.5,,False,59.79,59.79,85.41,30.099999999999998,1.99,Premium,0.0,No Discount,14.0,True,11–15,Standard (70cl),40–43%,False
2025-12-29 22:13:54,Single Malt,43962,Port Charlotte 10 Year Old,Port Charlotte,70cl / 50%,49.38,(£84.64 per litre),Islay,,https://www.thewhiskyexchange.com/p/43962/port-charlotte-10-year-old,https://img.thewhiskyexchange.com/380/pclob.10yov3.jpg?v=202407241,False,70.0,0.7,50.0,84.64,,False,49.38,49.38,70.54,35.0,1.41,Premium,0.0,No Discount,10.0,True,≤10,Standard (70cl),46–50%,True
2025-12-29 22:13:54,Single Malt,51008,Glenallachie 15 Year Old / Sherry Cask,Glenallachie,70cl / 46%,57.08,(£97.86 per litre),Speyside,,https://www.thewhiskyexchange.com/p/51008/glenallachie-15-year-old-sherry-cask,https://img.thewhiskyexchange.com/380/gleob.15yo.jpg?v=202407241,False,70.0,0.7,46.0,97.86,,False,57.08,57.08,81.54,32.199999999999996,1.77,Premium,0.0,No Discount,15.0,True,11–15,Standard (70cl),43–46%,False
2025-12-29 22:13:54,Single Malt,2038,Glenfarclas 15 Year Old,Glenfarclas,70cl / 46%,66.62,(£114.21 per litre),Speyside,,https://www.thewhiskyexchange.com/p/2038/glenfarclas-15-year-old,https://img.thewhiskyexchange.com/380/gfcob.15yo.jpg?v=202407241,False,70.0,0.7,46.0,114.21,,False,66.62,66.62,95.17,32.199999999999996,2.07,Premium,0.0,No Discount,15.0,True,11–15,Standard (70cl),43–46%,False
2025-12-29 22:13:54,Single Malt,64061,Glendronach 15 Year Old / Sherry Cask Matured,Glendronach,70cl / 46%,67.71,(£116.07 per litre),Highland,,https://www.thewhiskyexchange.com/p/64061/glendronach-15-year-old-sherry-cask-matured,https://img.thewhiskyexchange.com/380/grnob.15yov10.jpg?v=202407241,False,70.0,0.7,46.0,116.07,,False,67.71,67.71,96.73,32.199999999999996,2.1,Premium,0.0,No Discount,15.0,True,11–15,Standard (70cl),43–46%,False
2025-12-29 22:13:54,Single Malt,3395,Laphroaig 10 Year Old,Laphroaig,70cl / 40%,34.12,(£58.50 per litre),Islay,Special Offer: Free Laphroaig Dry Bag,https://www.thewhiskyexchange.com/p/3395/laphroaig-10-year-old,https://img.thewhiskyexchange.com/380/lrgob.10yov1.jpg?v=202407241,False,70.0,0.7,40.0,58.5,,False,34.12,34.12,48.74,28.0,1.22,Budget,0.0,No Discount,10.0,True,≤10,Standard (70cl),≤40%,False
2025-12-29 22:13:54,Single Malt,60097,Royal Brackla 12 Year Old / Sherry Finish,Royal Brackla,70cl / 46%,57.71,(£98.93 per litre),Highland,,https://www.thewhiskyexchange.com/p/60097/royal-brackla-12-year-old-sherry-finish,https://img.thewhiskyexchange.com/380/rblob.12yov3.jpg?v=202407241,False,70.0,0.7,46.0,98.93,,False,57.71,57.71,82.44,32.199999999999996,1.79,Premium,0.0,No Discount,12.0,True,11–15,Standard (70cl),43–46%,False
2025-12-29 22:13:54,Single Malt,83211,Glendronach Ode to the Dark,Glendronach,70cl / 50.8%,59.58,(£102.14 per litre),Highland,,https://www.thewhiskyexchange.com/p/83211/glendronach-ode-to-the-dark,https://img.thewhiskyexchange.com/380/grnob.non22.jpg?v=202407241,False,70.0,0.7,50.8,102.14,,False,59.58,59.58,85.11,35.559999999999995,1.68,Premium,0.0,No Discount,,False,,Standard (70cl),50%+,True
2025-12-29 22:13:54,Single Malt,82931,Scapa 10 Year Old,Scapa,70cl / 48%,44.12,(£64.21 per litre),Island,Special Offer: £8 Off!,https://www.thewhiskyexchange.com/p/82931/scapa-10-year-old,https://img.thewhiskyexchange.com/380/scpob.10yov2.jpg?v=202407241,False,70.0,0.7,48.0,64.21,8.0,True,52.12,52.12,74.46,33.599999999999994,1.55,Premium,15.35,Medium (10–20%),10.0,True,≤10,Standard (70cl),46–50%,False
2025-12-29 22:13:54,Single Malt,5850,Aberfeldy 12 Year Old,Aberfeldy,70cl / 40%,38.75,(£66.43 per litre),Highland,,https://www.thewhiskyexchange.com/p/5850/aberfeldy-12-year-old,https://img.thewhiskyexchange.com/380/abfob.12yov1.jpg?v=202407241,False,70.0,0.7,40.0,66.43,,False,38.75,38.75,55.36,28.0,1.38,Budget,0.0,No Discount,12.0,True,11–15,Standard (70cl),≤40%,False
2025-12-29 22:13:54,Single Malt,42534,Jura 10 Year Old,Jura,70cl / 40%,29.38,(£37.50 per litre),Island,Special Offer: £9 Off!,https://www.thewhiskyexchange.com/p/42534/jura-10-year-old,https://img.thewhiskyexchange.com/380/iojob.10yov9.jpg?v=202407241,False,70.0,0.7,40.0,37.5,9.0,True,38.379999999999995,38.379999999999995,54.83,28.0,1.37,Budget,23.45,High (20–40%),10.0,True,≤10,Standard (70cl),≤40%,False
2025-12-29 22:13:54,Single Malt,45607,Old Pulteney 15 Year Old,Old Pulteney,70cl / 46%,66.25,(£83.57 per litre),Highland,Special Offer: £21 Off!,https://www.thewhiskyexchange.com/p/45607/old-pulteney-15-year-old,https://img.thewhiskyexchange.com/380/opnob.15yov2.jpg?v=202407241,False,70.0,0.7,46.0,83.57,21.0,True,87.25,87.25,124.64,32.199999999999996,2.71,Premium,24.07,High (20–40%),15.0,True,11–15,Standard (70cl),43–46%,False
2025-12-29 22:13:58,Single Malt,12983,Ledaig 10 Year Old,Ledaig,70cl / 46.3%,33.96,(£58.21 per litre),Island,,https://www.thewhiskyexchange.com/p/12983/ledaig-10-year-old,https://img.thewhiskyexchange.com/380/ldgob.10yov1.jpg?v=202407241,False,70.0,0.7,46.3,58.21,,False,33.96,33.96,48.51,32.41,1.05,Budget,0.0,No Discount,10.0,True,≤10,Standard (70cl),46–50%,False
2025-12-29 22:13:58,Single Malt,51202,Arran Sherry Cask,Arran,70cl / 55.8%,53.12,(£91.07 per litre),Island,,https://www.thewhiskyexchange.com/p/51202/arran-sherry-cask,https://img.thewhiskyexchange.com/380/arrob.non71.jpg?v=202407241,False,70.0,0.7,55.8,91.07,,False,53.12,53.12,75.89,39.059999999999995,1.36,Premium,0.0,No Discount,,False,,Standard (70cl),50%+,True
2025-12-29 22:13:58,Single Malt,3512,Macallan 12 Year Old Sherry Oak,Macallan,70cl / 40%,72.46,(£124.21 per litre),Speyside,,https://www.thewhiskyexchange.com/p/3512/macallan-12-year-old-sherry-oak,https://img.thewhiskyexchange.com/380/macob.12yo.jpg?v=202407241,False,70.0,0.7,40.0,124.21,,False,72.46,72.46,103.51,28.0,2.59,Premium,0.0,No Discount,12.0,True,11–15,Standard (70cl),≤40%,False
2025-12-29 22:13:58,Single Malt,15703,Glenlivet 18 Year Old Batch Reserve,Glenlivet,70cl / 40%,83.29,(£142.79 per litre),Speyside,,https://www.thewhiskyexchange.com/p/15703/glenlivet-18-year-old-batch-reserve,https://img.thewhiskyexchange.com/380/glvob.18yov1.jpg?v=202407241,False,70.0,0.7,40.0,142.79,,False,83.29,83.29,118.99,28.0,2.97,Premium,0.0,No Discount,18.0,True,16–18,Standard (70cl),≤40%,False
2025-12-29 22:13:58,Single Malt,7218,Dalmore 15 Year Old,Dalmore,70cl / 40%,91.67,(£157.14 per litre),Highland,,https://www.thewhiskyexchange.com/p/7218/dalmore-15-year-old,https://img.thewhiskyexchange.com/380/dlmob.15yo.jpg?v=202407241,False,70.0,0.7,40.0,157.14,,False,91.67,91.67,130.96,28.0,3.27,Premium,0.0,No Discount,15.0,True,11–15,Standard (70cl),≤40%,False
2025-12-29 22:13:58,Single Malt,47814,Clynelish Reserve / Game of Thrones House Tyrell,Clynelish,70cl / 51.2%,36.62,(£62.79 per litre),Highland,,https://www.thewhiskyexchange.com/p/47814/clynelish-reserve-game-of-thrones-house-tyrell,https://img.thewhiskyexchange.com/380/clyob.non4.jpg?v=202407241,False,70.0,0.7,51.2,62.79,,False,36.62,36.62,52.31,35.839999999999996,1.02,Budget,0.0,No Discount,,False,,Standard (70cl),50%+,True
2025-12-29 22:13:58,Single Malt,2093,Glenfiddich 18 Year Old,Glenfiddich,70cl / 40%,81.04,(£138.93 per litre),Speyside,,https://www.thewhiskyexchange.com/p/2093/glenfiddich-18-year-old,https://img.thewhiskyexchange.com/380/gfdob.18yo.jpg?v=202407241,False,70.0,0.7,40.0,138.93,,False,81.04,81.04,115.77,28.0,2.89,Premium,0.0,No Discount,18.0,True,16–18,Standard (70cl),≤40%,False
2025-12-29 22:13:58,Single Malt,284,Balvenie 12 Year Old DoubleWood,Balvenie,70cl / 40%,44.58,(£76.43 per litre),Speyside,,https://www.thewhiskyexchange.com/p/284/balvenie-12-year-old-doublewood,https://img.thewhiskyexchange.com/380/balob.12yo.jpg?v=202407241,False,70.0,0.7,40.0,76.43,,False,44.58,44.58,63.69,28.0,1.59,Premium,0.0,No Discount,12.0,True,11–15,Standard (70cl),≤40%,False
2025-12-29 22:13:58,Single Malt,53636,Aberlour Casg Annamh,Aberlour,70cl / 48%,47.29,(£81.07 per litre),Speyside,,https://www.thewhiskyexchange.com/p/53636/aberlour-casg-annamh,https://img.thewhiskyexchange.com/380/ablob.non47.jpg?v=202407241,False,70.0,0.7,48.0,81.07,,False,47.29,47.29,67.56,33.599999999999994,1.41,Premium,0.0,No Discount,,False,,Standard (70cl),46–50%,False
2025-12-29 22:13:58,Single Malt,86756,Thompson Bros Mystery Malt Series No.5,Independent/Unknown,70cl / 46.3%,54.12,(£92.79 per litre),,,https://www.thewhiskyexchange.com/p/86756/thompson-bros-mystery-malt-series-no5,https://img.thewhiskyexchange.com/380/malts_tho4.jpg?v=202407241,True,70.0,0.7,46.3,92.79,,False,54.12,54.12,77.31,32.41,1.67,Premium,0.0,No Discount,,False,,Standard (70cl),46–50%,False
2025-12-29 22:13:58,Single Malt,32560,Kilchoman Sanaig,Kilchoman,70cl / 46%,47.08,(£80.71 per litre),Islay,,https://www.thewhiskyexchange.com/p/32560/kilchoman-sanaig,https://img.thewhiskyexchange.com/380/kilob.non3.jpg?v=202407241,False,70.0,0.7,46.0,80.71,,False,47.08,47.08,67.26,32.199999999999996,1.46,Premium,0.0,No Discount,,False,,Standard (70cl),43–46%,False
2025-12-29 22:13:58,Single Malt,2091,Glenfiddich 15 Year Old Solera,Glenfiddich,70cl / 40%,49.96,(£85.64 per litre),Speyside,,https://www.thewhiskyexchange.com/p/2091/glenfiddich-15-year-old-solera,https://img.thewhiskyexchange.com/380/gfdob.15yo.jpg?v=202407241,False,70.0,0.7,40.0,85.64,,False,49.96,49.96,71.37,28.0,1.78,Premium,0.0,No Discount,15.0,True,11–15,Standard (70cl),≤40%,False
2025-12-29 22:13:58,Single Malt,13626,Bunnahabhain 18 Year Old,Bunnahabhain,70cl / 46.3%,110.83,(£190 per litre),Islay,,https://www.thewhiskyexchange.com/p/13626/bunnahabhain-18-year-old,https://img.thewhiskyexchange.com/380/bunob.18yov2.jpg?v=202407241,False,70.0,0.7,46.3,190.0,,False,110.83,110.83,158.33,32.41,3.42,Premium,0.0,No Discount,18.0,True,16–18,Standard (70cl),46–50%,False
2025-12-29 22:13:58,Single Malt,4132,Oban 14 Year Old,Oban,70cl / 43%,72.71,(£110.36 per litre),Highland,Special Offer: £10 Off!,https://www.thewhiskyexchange.com/p/4132/oban-14-year-old,https://img.thewhiskyexchange.com/380/obnob.14yo.jpg?v=202407241,False,70.0,0.7,43.0,110.36,10.0,True,82.71,82.71,118.16,30.099999999999998,2.75,Premium,12.09,Medium (10–20%),14.0,True,11–15,Standard (70cl),40–43%,False
2025-12-29 22:13:58,Single Malt,40227,Kilchoman Machir Bay,Kilchoman,70cl / 46%,39.12,(£67.07 per litre),Islay,,https://www.thewhiskyexchange.com/p/40227/kilchoman-machir-bay,https://img.thewhiskyexchange.com/380/kilob.non26.jpg?v=202407241,False,70.0,0.7,46.0,67.07,,False,39.12,39.12,55.89,32.199999999999996,1.21,Budget,0.0,No Discount,,False,,Standard (70cl),43–46%,False
2025-12-29 22:13:58,Single Malt,83347,Aberlour A'Bunadh,Aberlour,70cl / 60%,78.12,(£133.93 per litre),Speyside,,https://www.thewhiskyexchange.com/p/83347/aberlour-abunadh,https://img.thewhiskyexchange.com/380/ablob.non65.jpg?v=202407241,False,70.0,0.7,60.0,133.93,,False,78.12,78.12,111.6,42.0,1.86,Premium,0.0,No Discount,,False,,Standard (70cl),50%+,True
2025-12-29 22:13:58,Single Malt,1665,Clynelish 14 Year Old,Clynelish,70cl / 46%,47.08,(£66.43 per litre),Highland,Special Offer: £10 Off!,https://www.thewhiskyexchange.com/p/1665/clynelish-14-year-old,https://img.thewhiskyexchange.com/380/clyob.14yo.jpg?v=202407241,False,70.0,0.7,46.0,66.43,10.0,True,57.08,57.08,81.54,32.199999999999996,1.77,Premium,17.52,Medium (10–20%),14.0,True,11–15,Standard (70cl),43–46%,False
2025-12-29 22:13:58,Single Malt,1902,Edradour 10 Year Old,Edradour,70cl / 46%,38.75,(£66.43 per litre),Highland,,https://www.thewhiskyexchange.com/p/1902/edradour-10-year-old,https://img.thewhiskyexchange.com/380/edrob.10yov1.jpg?v=202407241,False,70.0,0.7,46.0,66.43,,False,38.75,38.75,55.36,32.199999999999996,1.2,Budget,0.0,No Discount,10.0,True,≤10,Standard (70cl),43–46%,False
2025-12-29 22:13:58,Single Malt,48885,Tobermory 12 Year Old,Tobermory,70cl / 46.3%,34.96,(£59.93 per litre),Island,,https://www.thewhiskyexchange.com/p/48885/tobermory-12-year-old,https://img.thewhiskyexchange.com/380/tobob.12yo.jpg?v=202407241,False,70.0,0.7,46.3,59.93,,False,34.96,34.96,49.94,32.41,1.08,Budget,0.0,No Discount,12.0,True,11–15,Standard (70cl),46–50%,False
2025-12-29 22:13:58,Single Malt,34537,Macallan 12 Year Old Double Cask,Macallan,70cl / 40%,64.96,(£111.36 per litre),Speyside,,https://www.thewhiskyexchange.com/p/34537/macallan-12-year-old-double-cask,https://img.thewhiskyexchange.com/380/macob.12yov26.jpg?v=202407241,False,70.0,0.7,40.0,111.36,,False,64.96,64.96,92.8,28.0,2.32,Premium,0.0,No Discount,12.0,True,11–15,Standard (70cl),≤40%,False
2025-12-29 22:13:58,Single Malt,49965,Glendronach Port Wood,Glendronach,70cl / 46%,55.62,(£95.36 per litre),Highland,,https://www.thewhiskyexchange.com/p/49965/glendronach-port-wood,https://img.thewhiskyexchange.com/380/grnob.non13.jpg?v=202407241,False,70.0,0.7,46.0,95.36,,False,55.62,55.62,79.46,32.199999999999996,1.73,Premium,0.0,No Discount,,False,,Standard (70cl),43–46%,False
2025-12-29 22:13:58,Single Malt,48761,Balblair 12 Year Old,Balblair,70cl / 46%,44.79,(£56.79 per litre),Highland,Special Offer: £14 Off!,https://www.thewhiskyexchange.com/p/48761/balblair-12-year-old,https://img.thewhiskyexchange.com/380/blbob.12yo.jpg?v=202407241,False,70.0,0.7,46.0,56.79,14.0,True,58.79,58.79,83.99,32.199999999999996,1.83,Premium,23.81,High (20–40%),12.0,True,11–15,Standard (70cl),43–46%,False
2025-12-29 22:13:58,Single Malt,1814,Dalwhinnie 15 Year Old,Dalwhinnie,70cl / 43%,46.25,(£70.71 per litre),Speyside,Special Offer: £6 Off!,https://www.thewhiskyexchange.com/p/1814/dalwhinnie-15-year-old,https://img.thewhiskyexchange.com/380/dalob.15yov1.jpg?v=202407241,False,70.0,0.7,43.0,70.71,6.0,True,52.25,52.25,74.64,30.099999999999998,1.74,Premium,11.48,Medium (10–20%),15.0,True,11–15,Standard (70cl),40–43%,False
2025-12-29 22:13:58,Single Malt,85676,Glenfiddich 16 Year Old / Aston Martin F1,Glenfiddich,70cl / 43%,61.62,(£105.64 per litre),Speyside,,https://www.thewhiskyexchange.com/p/85676/glenfiddich-16-year-old-aston-martin-f1,https://img.thewhiskyexchange.com/380/gfdob.16yo.jpg?v=202407241,False,70.0,0.7,43.0,105.64,,False,61.62,61.62,88.03,30.099999999999998,2.05,Premium,0.0,No Discount,16.0,True,16–18,Standard (70cl),40–43%,False
2025-12-29 22:14:03,Single Malt,26055,Craigellachie 13 Year Old,Craigellachie,70cl / 46%,49.96,(£74.21 per litre),Speyside,Special Offer: £8 Off!,https://www.thewhiskyexchange.com/p/26055/craigellachie-13-year-old,https://img.thewhiskyexchange.com/380/crgob.13yo.jpg?v=202407241,False,70.0,0.7,46.0,74.21,8.0,True,57.96,57.96,82.8,32.199999999999996,1.8,Premium,13.8,Medium (10–20%),13.0,True,11–15,Standard (70cl),43–46%,False
2025-12-29 22:14:03,Single Malt,1619,Caol Ila 12 Year Old,Caol Ila,70cl / 43%,45.62,(£78.21 per litre),Islay,,https://www.thewhiskyexchange.com/p/1619/caol-ila-12-year-old,https://img.thewhiskyexchange.com/380/cilob.12yov1.jpg?v=202407241,False,70.0,0.7,43.0,78.21,,False,45.62,45.62,65.17,30.099999999999998,1.52,Premium,0.0,No Discount,12.0,True,11–15,Standard (70cl),40–43%,False
2025-12-29 22:14:03,Single Malt,72702,Macallan Classic Cut 2023 Release,Macallan,70cl / 50.3%,79.12,(£135.64 per litre),Speyside,,https://www.thewhiskyexchange.com/p/72702/macallan-classic-cut-2023-release,https://img.thewhiskyexchange.com/380/macob.non183.jpg?v=202407241,False,70.0,0.7,50.3,135.64,,False,79.12,79.12,113.03,35.209999999999994,2.25,Premium,0.0,No Discount,,False,,Standard (70cl),50%+,True
2025-12-29 22:14:03,Single Malt,114,Ardbeg Uigeadail,Ardbeg,70cl / 54.2%,58.54,(£100.36 per litre),Islay,,https://www.thewhiskyexchange.com/p/114/ardbeg-uigeadail,https://img.thewhiskyexchange.com/380/abgob.non2.jpg?v=202407241,False,70.0,0.7,54.2,100.36,,False,58.54,58.54,83.63,37.94,1.54,Premium,0.0,No Discount,,False,,Standard (70cl),50%+,True
2025-12-29 22:14:03,Single Malt,73328,Dailuaine 16 Year Old / Flora & Fauna,Dailuaine,70cl / 43%,56.46,(£96.79 per litre),Speyside,,https://www.thewhiskyexchange.com/p/73328/dailuaine-16-year-old-flora-fauna,https://img.thewhiskyexchange.com/380/dlnob.16yo.jpg?v=202407241,False,70.0,0.7,43.0,96.79,,False,56.46,56.46,80.66,30.099999999999998,1.88,Premium,0.0,No Discount,16.0,True,16–18,Standard (70cl),40–43%,False
2025-12-29 22:14:03,Single Malt,82932,Scapa 16 Year Old,Scapa,70cl / 48%,79.12,(£135.64 per litre),Island,,https://www.thewhiskyexchange.com/p/82932/scapa-16-year-old,https://img.thewhiskyexchange.com/380/scpob.16yov2.jpg?v=202407241,False,70.0,0.7,48.0,135.64,,False,79.12,79.12,113.03,33.599999999999994,2.35,Premium,0.0,No Discount,16.0,True,16–18,Standard (70cl),46–50%,False
2025-12-29 22:14:03,Single Malt,71873,Glenglassaugh Portsoy,Glenglassaugh,70cl / 49.1%,49.38,(£84.64 per litre),Highland,,https://www.thewhiskyexchange.com/p/71873/glenglassaugh-portsoy,https://img.thewhiskyexchange.com/380/ggsob.non22.jpg?v=202407241,False,70.0,0.7,49.1,84.64,,False,49.38,49.38,70.54,34.37,1.44,Premium,0.0,No Discount,,False,,Standard (70cl),46–50%,False
2025-12-29 22:14:03,Single Malt,85994,Ben Nevis 2019 / 6 Year Old / Caoineag The Weeping Spirit / The Whisky Exchange,Ben Nevis,70cl / 55%,49.96,(£85.64 per litre),Highland,,https://www.thewhiskyexchange.com/p/85994/ben-nevis-2019-6-year-old-caoineag-the-weeping-spirit-the-whisky-exchange,https://img.thewhiskyexchange.com/380/bnvtwe2019.jpg?v=202407241,False,70.0,0.7,55.0,85.64,,False,49.96,49.96,71.37,38.5,1.3,Premium,0.0,No Discount,6.0,True,≤10,Standard (70cl),50%+,True
2025-12-29 22:14:03,Single Malt,2072,Glenfarclas 25 Year Old,Glenfarclas,70cl / 43%,179.17,(£271.43 per litre),Speyside,Special Offer: £25 Off!,https://www.thewhiskyexchange.com/p/2072/glenfarclas-25-year-old,https://img.thewhiskyexchange.com/380/gfcob.25yo.jpg?v=202407241,False,70.0,0.7,43.0,271.43,25.0,True,204.17,204.17,291.67,30.099999999999998,6.78,Luxury,12.24,Medium (10–20%),25.0,True,19–25,Standard (70cl),40–43%,False
2025-12-29 22:14:03,Single Malt,4837,Talisker 10 Year Old,Talisker,70cl / 45.8%,40.21,(£62.79 per litre),Island,Special Offer: £4.30 Off!,https://www.thewhiskyexchange.com/p/4837/talisker-10-year-old,https://img.thewhiskyexchange.com/380/talob.10yo.jpg?v=202407241,False,70.0,0.7,45.8,62.79,4.3,True,44.51,44.51,63.59,32.059999999999995,1.39,Premium,9.66,Low (≤10%),10.0,True,≤10,Standard (70cl),43–46%,False
2025-12-29 22:14:03,Single Malt,23560,Aberlour 16 Year Old Double Cask (40%),Aberlour,70cl / 40%,94.17,(£161.43 per litre),Speyside,,https://www.thewhiskyexchange.com/p/23560/aberlour-16-year-old-double-cask-40,https://img.thewhiskyexchange.com/380/ablob.16yov1.jpg?v=202407241,False,70.0,0.7,40.0,161.43,,False,94.17,94.17,134.53,28.0,3.36,Premium,0.0,No Discount,16.0,True,16–18,Standard (70cl),≤40%,False
2025-12-29 22:14:03,Single Malt,71872,Glenglassaugh Sandend,Glenglassaugh,70cl / 50.5%,45.42,(£66.43 per litre),Highland,Special Offer: £8 Off!,https://www.thewhiskyexchange.com/p/71872/glenglassaugh-sandend,https://img.thewhiskyexchange.com/380/ggsob.non21.jpg?v=202407241,False,70.0,0.7,50.5,66.43,8.0,True,53.42,53.42,76.31,35.349999999999994,1.51,Premium,14.98,Medium (10–20%),,False,,Standard (70cl),50%+,True
2025-12-29 22:14:03,Single Malt,81812,Glendronach 12 Year Old / Sherry Cask Matured,Glendronach,70cl / 43%,44.38,(£68.93 per litre),Highland,Special Offer: £5 Off!,https://www.thewhiskyexchange.com/p/81812/glendronach-12-year-old-sherry-cask-matured,https://img.thewhiskyexchange.com/380/grnob.12yov38.jpg?v=202407241,False,70.0,0.7,43.0,68.93,5.0,True,49.38,49.38,70.54,30.099999999999998,1.64,Premium,10.13,Medium (10–20%),12.0,True,11–15,Standard (70cl),40–43%,False
2025-12-29 22:14:03,Single Malt,68596,Glengoyne 15 Year Old,Glengoyne,70cl / 43%,58.29,(£99.93 per litre),Highland,,https://www.thewhiskyexchange.com/p/68596/glengoyne-15-year-old,https://img.thewhiskyexchange.com/380/ggoob.15yov7.jpg?v=202407241,False,70.0,0.7,43.0,99.93,,False,58.29,58.29,83.27,30.099999999999998,1.94,Premium,0.0,No Discount,15.0,True,11–15,Standard (70cl),40–43%,False
2025-12-29 22:14:03,Single Malt,72248,Bruichladdich Classic Laddie,Bruichladdich,70cl / 50%,43.96,(£61.07 per litre),Islay,Special Offer: £10 Off!,https://www.thewhiskyexchange.com/p/72248/bruichladdich-classic-laddie,https://img.thewhiskyexchange.com/380/bruob.non35.jpg?v=202407241,False,70.0,0.7,50.0,61.07,10.0,True,53.96,53.96,77.09,35.0,1.54,Premium,18.53,Medium (10–20%),,False,,Standard (70cl),46–50%,True
2025-12-29 22:14:03,Single Malt,81026,Glenmorangie 18 Year Old The Infinita,Glenmorangie,70cl / 43%,103.33,(£177.14 per litre),Highland,,https://www.thewhiskyexchange.com/p/81026/glenmorangie-18-year-old-the-infinita,https://img.thewhiskyexchange.com/380/gmgob.18yov21.jpg?v=202407241,False,70.0,0.7,43.0,177.14,,False,103.33,103.33,147.61,30.099999999999998,3.43,Premium,0.0,No Discount,18.0,True,16–18,Standard (70cl),40–43%,False
2025-12-29 22:14:03,Single Malt,302,Balvenie 21 Year Old Port Wood,Balvenie,70cl / 40%,203.33,(£348.57 per litre),Speyside,,https://www.thewhiskyexchange.com/p/302/balvenie-21-year-old-port-wood,https://img.thewhiskyexchange.com/380/balob.21yo.jpg?v=202407241,False,70.0,0.7,40.0,348.57,,False,203.33,203.33,290.47,28.0,7.26,Luxury,0.0,No Discount,21.0,True,19–25,Standard (70cl),≤40%,False
2025-12-29 22:14:03,Single Malt,51252,Arran 18 Year Old,Arran,70cl / 46%,96.67,(£165.71 per litre),Island,,https://www.thewhiskyexchange.com/p/51252/arran-18-year-old,https://img.thewhiskyexchange.com/380/arrob.18yov2.jpg?v=202407241,False,70.0,0.7,46.0,165.71,,False,96.67,96.67,138.1,32.199999999999996,3.0,Premium,0.0,No Discount,18.0,True,16–18,Standard (70cl),43–46%,False
2025-12-29 22:14:03,Single Malt,68167,Mortlach / Special Releases 2022,Mortlach,70cl / 57.8%,208.33,(£357.14 per litre),Speyside,,https://www.thewhiskyexchange.com/p/68167/mortlach-special-releases-2022,https://img.thewhiskyexchange.com/380/mtlob.non3.jpg?v=202407241,False,70.0,0.7,57.8,357.14,,False,208.33,208.33,297.61,40.459999999999994,5.15,Luxury,0.0,No Discount,,False,,Standard (70cl),50%+,True
2025-12-29 22:14:03,Single Malt,86410,Macallan A Night on Earth The First Light / 2025 Release,Macallan,70cl / 43%,83.29,(£142.79 per litre),Speyside,,https://www.thewhiskyexchange.com/p/86410/macallan-a-night-on-earth-the-first-light-2025-release,https://img.thewhiskyexchange.com/380/macob.non195.jpg?v=202407241,False,70.0,0.7,43.0,142.79,,False,83.29,83.29,118.99,30.099999999999998,2.77,Premium,0.0,No Discount,,False,,Standard (70cl),40–43%,False
2025-12-29 22:14:03,Single Malt,7957,Auchentoshan Three Wood,Auchentoshan,70cl / 43%,41.04,(£70.36 per litre),Lowland,,https://www.thewhiskyexchange.com/p/7957/auchentoshan-three-wood,https://img.thewhiskyexchange.com/380/aucob.non2.jpg?v=202407241,False,70.0,0.7,43.0,70.36,,False,41.04,41.04,58.63,30.099999999999998,1.36,Premium,0.0,No Discount,,False,,Standard (70cl),40–43%,False
2025-12-29 22:14:03,Single Malt,48763,Balblair 18 Year Old,Balblair,70cl / 46%,118.33,(£145.71 per litre),Highland,Special Offer: £40 Off!,https://www.thewhiskyexchange.com/p/48763/balblair-18-year-old,https://img.thewhiskyexchange.com/380/blbob.18yo.jpg?v=202407241,False,70.0,0.7,46.0,145.71,40.0,True,158.32999999999998,158.32999999999998,226.19,32.199999999999996,4.92,Luxury,25.26,High (20–40%),18.0,True,16–18,Standard (70cl),43–46%,False
2025-12-29 22:14:03,Single Malt,178,AnCnoc 12 Year Old,AnCnoc,70cl / 40%,31.88,(£54.64 per litre),Highland,,https://www.thewhiskyexchange.com/p/178/ancnoc-12-year-old,https://img.thewhiskyexchange.com/380/ancob.12yo.jpg?v=202407241,False,70.0,0.7,40.0,54.64,,False,31.88,31.88,45.54,28.0,1.14,Budget,0.0,No Discount,12.0,True,11–15,Standard (70cl),≤40%,False
2025-12-29 22:14:03,Single Malt,2089,Glenfiddich 12 Year Old,Glenfiddich,70cl / 40%,33.29,(£57.07 per litre),Speyside,,https://www.thewhiskyexchange.com/p/2089/glenfiddich-12-year-old,https://img.thewhiskyexchange.com/380/gfdob.12yo.jpg?v=202407241,False,70.0,0.7,40.0,57.07,,False,33.29,33.29,47.56,28.0,1.19,Budget,0.0,No Discount,12.0,True,11–15,Standard (70cl),≤40%,False
2025-12-29 22:14:08,Single Malt,7317,Dalmore King Alexander III,Dalmore,70cl / 40%,241.67,(£307.14 per litre),Highland,Special Offer: £75 Off!,https://www.thewhiskyexchange.com/p/7317/dalmore-king-alexander-iii,https://img.thewhiskyexchange.com/380/dlmob.non3.jpg?v=202407241,False,70.0,0.7,40.0,307.14,75.0,True,316.66999999999996,316.66999999999996,452.39,28.0,11.31,Luxury,23.68,High (20–40%),,False,,Standard (70cl),≤40%,False
2025-12-29 22:14:08,Single Malt,69951,Benriach The Sixteen / 16 Year Old,Benriach,70cl / 43%,58.96,(£101.07 per litre),Speyside,,https://www.thewhiskyexchange.com/p/69951/benriach-the-sixteen-16-year-old,https://img.thewhiskyexchange.com/380/bnrob.16yov5.jpg?v=202407241,False,70.0,0.7,43.0,101.07,,False,58.96,58.96,84.23,30.099999999999998,1.96,Premium,0.0,No Discount,16.0,True,16–18,Standard (70cl),40–43%,False
2025-12-29 22:14:08,Single Malt,1483,Cragganmore 12 Year Old,Cragganmore,70cl / 40%,38.75,(£55 per litre),Speyside,Special Offer: £8 Off!,https://www.thewhiskyexchange.com/p/1483/cragganmore-12-year-old,https://img.thewhiskyexchange.com/380/cgmob.12yo.jpg?v=202407241,False,70.0,0.7,40.0,55.0,8.0,True,46.75,46.75,66.79,28.0,1.67,Premium,17.11,Medium (10–20%),12.0,True,11–15,Standard (70cl),≤40%,False
2025-12-29 22:14:08,Single Malt,86390,Kilkerran Heavily Peated Batch 13,Kilkerran,70cl / 58.6%,41.62,(£71.36 per litre),Campbeltown,,https://www.thewhiskyexchange.com/p/86390/kilkerran-heavily-peated-batch-13,https://img.thewhiskyexchange.com/380/klkob.non24.jpg?v=202407241,False,70.0,0.7,58.6,71.36,,False,41.62,41.62,59.46,41.019999999999996,1.01,Premium,0.0,No Discount,,False,,Standard (70cl),50%+,True
2025-12-29 22:14:08,Single Malt,56099,Benriach The Original Ten / 10 Year Old,Benriach,70cl / 43%,33.54,(£57.50 per litre),Speyside,,https://www.thewhiskyexchange.com/p/56099/benriach-the-original-ten-10-year-old,https://img.thewhiskyexchange.com/380/bnrob.10yov8.jpg?v=202407241,False,70.0,0.7,43.0,57.5,,False,33.54,33.54,47.91,30.099999999999998,1.11,Budget,0.0,No Discount,10.0,True,≤10,Standard (70cl),40–43%,False
2025-12-29 22:14:08,Single Malt,5861,Bowmore 15 Year Old,Bowmore,70cl / 43%,62.08,(£106.43 per litre),Islay,,https://www.thewhiskyexchange.com/p/5861/bowmore-15-year-old,https://img.thewhiskyexchange.com/380/bowob.15yov3.jpg?v=202407241,False,70.0,0.7,43.0,106.43,,False,62.08,62.08,88.69,30.099999999999998,2.06,Premium,0.0,No Discount,15.0,True,11–15,Standard (70cl),40–43%,False
2025-12-29 22:14:08,Single Malt,53988,Glenmorangie A Tale of Spices,Glenmorangie,70cl / 46%,60.62,(£103.93 per litre),Highland,Special Offer: Free Glenmorangie Beanie Hat,https://www.thewhiskyexchange.com/p/53988/glenmorangie-a-tale-of-spices,https://img.thewhiskyexchange.com/380/gmgob.non52.jpg?v=202407241,False,70.0,0.7,46.0,103.93,,False,60.62,60.62,86.6,32.199999999999996,1.88,Premium,0.0,No Discount,,False,,Standard (70cl),43–46%,False
2025-12-29 22:14:08,Single Malt,70740,Dalmunach 6 Year Old / Wulver / Exclusive to The Whisky Exchange,Dalmunach,70cl / 60%,49.96,(£57.07 per litre),Speyside,Special Offer: £20 Off!,https://www.thewhiskyexchange.com/p/70740/dalmunach-6-year-old-wulver-exclusive-to-the-whisky-exchange,https://img.thewhiskyexchange.com/380/dmnob.06yo.jpg?v=202407241,False,70.0,0.7,60.0,57.07,20.0,True,69.96000000000001,69.96000000000001,99.94,42.0,1.67,Premium,28.59,High (20–40%),6.0,True,≤10,Standard (70cl),50%+,True
2025-12-29 22:14:08,Single Malt,40351,Glen Scotia 18 Year Old,Glen Scotia,70cl / 46%,106.67,(£139.93 per litre),Campbeltown,Special Offer: £30.05 Off!,https://www.thewhiskyexchange.com/p/40351/glen-scotia-18-year-old,https://img.thewhiskyexchange.com/380/gstob.18yov1.jpg?v=202407241,False,70.0,0.7,46.0,139.93,30.05,True,136.72,136.72,195.31,32.199999999999996,4.25,Luxury,21.98,High (20–40%),18.0,True,16–18,Standard (70cl),43–46%,False
2025-12-29 22:14:08,Single Malt,2400,Glenlivet 15 Year Old / French Oak Reserve,Glenlivet,70cl / 40%,53.75,(£70.71 per litre),Speyside,Special Offer: £15 Off!,https://www.thewhiskyexchange.com/p/2400/glenlivet-15-year-old-french-oak-reserve,https://img.thewhiskyexchange.com/380/glvob.15yov1.jpg?v=202407241,False,70.0,0.7,40.0,70.71,15.0,True,68.75,68.75,98.21,28.0,2.46,Premium,21.82,High (20–40%),15.0,True,11–15,Standard (70cl),≤40%,False
2025-12-29 22:14:08,Single Malt,86493,Arran 10 Year Old Arran Barley,Arran,70cl / 50%,48.12,(£82.50 per litre),Island,,https://www.thewhiskyexchange.com/p/86493/arran-10-year-old-arran-barley,https://img.thewhiskyexchange.com/380/arrob.10yov8.jpg?v=202407241,False,70.0,0.7,50.0,82.5,,False,48.12,48.12,68.74,35.0,1.37,Premium,0.0,No Discount,10.0,True,≤10,Standard (70cl),46–50%,True
2025-12-29 22:14:08,Single Malt,66,Ardbeg 10 Year Old,Ardbeg,70cl / 46%,37.71,(£64.64 per litre),Islay,,https://www.thewhiskyexchange.com/p/66/ardbeg-10-year-old,https://img.thewhiskyexchange.com/380/abgob.10yov1.jpg?v=202407241,False,70.0,0.7,46.0,64.64,,False,37.71,37.71,53.87,32.199999999999996,1.17,Budget,0.0,No Discount,10.0,True,≤10,Standard (70cl),43–46%,False
2025-12-29 22:14:08,Single Malt,51087,Macallan Edition No.5,Macallan,70cl / 48.5%,208.33,(£357.14 per litre),Speyside,,https://www.thewhiskyexchange.com/p/51087/macallan-edition-no5,https://img.thewhiskyexchange.com/380/macob.non136.jpg?v=202407241,False,70.0,0.7,48.5,357.14,,False,208.33,208.33,297.61,33.949999999999996,6.14,Luxury,0.0,No Discount,,False,,Standard (70cl),46–50%,False
2025-12-29 22:14:08,Single Malt,55981,Nc'nean Organic Single Malt,Nc'nean,70cl / 46%,43.12,(£73.93 per litre),Highland,Special Offer: Free Nc'nean Beeswax Candles,https://www.thewhiskyexchange.com/p/55981/ncnean-organic-single-malt,https://img.thewhiskyexchange.com/380/ncnob.non1.jpg?v=202407241,False,70.0,0.7,46.0,73.93,,False,43.12,43.12,61.6,32.199999999999996,1.34,Premium,0.0,No Discount,,False,,Standard (70cl),43–46%,False
2025-12-29 22:14:08,Single Malt,34496,Glenfiddich Project XX / Experimental Series,Glenfiddich,70cl / 47%,46.88,(£80.36 per litre),Speyside,,https://www.thewhiskyexchange.com/p/34496/glenfiddich-project-xx-experimental-series,https://img.thewhiskyexchange.com/380/gfdob.non42.jpg?v=202407241,False,70.0,0.7,47.0,80.36,,False,46.88,46.88,66.97,32.9,1.42,Premium,0.0,No Discount,,False,,Standard (70cl),46–50%,False
2025-12-29 22:14:08,Single Malt,49748,Balvenie 12 Year Old / Sweet Toast Of American Oak,Balvenie,70cl / 43%,47.29,(£75.36 per litre),Speyside,Special Offer: £4 Off!,https://www.thewhiskyexchange.com/p/49748/balvenie-12-year-old-sweet-toast-of-american-oak,https://img.thewhiskyexchange.com/380/balob.12yov13.jpg?v=202407241,False,70.0,0.7,43.0,75.36,4.0,True,51.29,51.29,73.27,30.099999999999998,1.7,Premium,7.8,Low (≤10%),12.0,True,11–15,Standard (70cl),40–43%,False
2025-12-29 22:14:08,Single Malt,68597,Glenmorangie A Tale of The Forest,Glenmorangie,70cl / 46%,63.75,(£109.29 per litre),Highland,,https://www.thewhiskyexchange.com/p/68597/glenmorangie-a-tale-of-the-forest,https://img.thewhiskyexchange.com/380/gmgob.non6.jpg?v=202407241,False,70.0,0.7,46.0,109.29,,False,63.75,63.75,91.07,32.199999999999996,1.98,Premium,0.0,No Discount,,False,,Standard (70cl),43–46%,False
2025-12-29 22:14:08,Single Malt,40037,Speyburn 15 Year Old,Speyburn,70cl / 46%,57.71,(£98.93 per litre),Speyside,,https://www.thewhiskyexchange.com/p/40037/speyburn-15-year-old,https://img.thewhiskyexchange.com/380/spbob.15yo.jpg?v=202407241,False,70.0,0.7,46.0,98.93,,False,57.71,57.71,82.44,32.199999999999996,1.79,Premium,0.0,No Discount,15.0,True,11–15,Standard (70cl),43–46%,False
2025-12-29 22:14:08,Single Malt,47811,Oban Bay Reserve / Game of Thrones Night's Watch,Oban,70cl / 43%,57.46,(£98.50 per litre),Highland,,https://www.thewhiskyexchange.com/p/47811/oban-bay-reserve-game-of-thrones-nights-watch,https://img.thewhiskyexchange.com/380/obnob.non3.jpg?v=202407241,False,70.0,0.7,43.0,98.5,,False,57.46,57.46,82.09,30.099999999999998,1.91,Premium,0.0,No Discount,,False,,Standard (70cl),40–43%,False
2025-12-29 22:14:08,Single Malt,57481,Ledaig Rioja Cask Finish / Sinclair Series,Ledaig,70cl / 46.3%,31.88,(£54.64 per litre),Island,,https://www.thewhiskyexchange.com/p/57481/ledaig-rioja-cask-finish-sinclair-series,https://img.thewhiskyexchange.com/380/ldgob.non5.jpg?v=202407241,False,70.0,0.7,46.3,54.64,,False,31.88,31.88,45.54,32.41,0.98,Budget,0.0,No Discount,,False,,Standard (70cl),46–50%,False
2025-12-29 22:14:08,Single Malt,73481,Glenmorangie A Tale of Tokyo,Glenmorangie,70cl / 46%,61.62,(£84.21 per litre),Highland,Special Offer: £15 Off!,https://www.thewhiskyexchange.com/p/73481/glenmorangie-a-tale-of-tokyo,https://img.thewhiskyexchange.com/380/gmgob.non64.jpg?v=202407241,False,70.0,0.7,46.0,84.21,15.0,True,76.62,76.62,109.46,32.199999999999996,2.38,Premium,19.58,Medium (10–20%),,False,,Standard (70cl),43–46%,False
2025-12-29 22:14:08,Single Malt,2393,Glenlivet 12 Year Old Double Oak,Glenlivet,70cl / 40%,34.96,(£59.93 per litre),Speyside,,https://www.thewhiskyexchange.com/p/2393/glenlivet-12-year-old-double-oak,https://img.thewhiskyexchange.com/380/glvob.12yov1.jpg?v=202407241,False,70.0,0.7,40.0,59.93,,False,34.96,34.96,49.94,28.0,1.25,Budget,0.0,No Discount,12.0,True,11–15,Standard (70cl),≤40%,False
2025-12-29 22:14:08,Single Malt,17955,Longrow Peated,Longrow,70cl / 46%,41.62,(£71.36 per litre),Campbeltown,,https://www.thewhiskyexchange.com/p/17955/longrow-peated,https://img.thewhiskyexchange.com/380/lgrob.non1.jpg?v=202407241,False,70.0,0.7,46.0,71.36,,False,41.62,41.62,59.46,32.199999999999996,1.29,Premium,0.0,No Discount,,False,,Standard (70cl),43–46%,False
2025-12-29 22:14:08,Single Malt,12105,Caol Ila 25 Year Old,Caol Ila,70cl / 43%,187.5,(£321.43 per litre),Islay,,https://www.thewhiskyexchange.com/p/12105/caol-ila-25-year-old,https://img.thewhiskyexchange.com/380/cilob.25yov2.jpg?v=202407241,False,70.0,0.7,43.0,321.43,,False,187.5,187.5,267.86,30.099999999999998,6.23,Luxury,0.0,No Discount,25.0,True,19–25,Standard (70cl),40–43%,False
2025-12-29 22:14:13,Single Malt,85260,Ardbeg 10 Year Old Glass Pack,Ardbeg,70cl / 46%,38.29,(£65.64 per litre),Islay,,https://www.thewhiskyexchange.com/p/85260/ardbeg-10-year-old-glass-pack,https://img.thewhiskyexchange.com/380/abgob.10yov26.jpg?v=202407241,False,70.0,0.7,46.0,65.64,,False,38.29,38.29,54.7,32.199999999999996,1.19,Budget,0.0,No Discount,10.0,True,≤10,Standard (70cl),43–46%,False
2025-12-29 22:14:13,Single Malt,48271,Tamdhu 15 Year Old / Sherry Cask Matured,Tamdhu,70cl / 46%,83.12,(£142.50 per litre),Speyside,,https://www.thewhiskyexchange.com/p/48271/tamdhu-15-year-old-sherry-cask-matured,https://img.thewhiskyexchange.com/380/tamob.15yov1.jpg?v=202407241,False,70.0,0.7,46.0,142.5,,False,83.12,83.12,118.74,32.199999999999996,2.58,Premium,0.0,No Discount,15.0,True,11–15,Standard (70cl),43–46%,False
2025-12-29 22:14:13,Single Malt,86152,Edradour 2015 / 10 Year Old / PX Small Batch / 200th Anniversary,Edradour,70cl / 46%,46.62,(£79.93 per litre),Highland,,https://www.thewhiskyexchange.com/p/86152/edradour-2015-10-year-old-px-small-batch-200th-anniversary,https://img.thewhiskyexchange.com/380/edrob.2015.jpg?v=202407241,False,70.0,0.7,46.0,79.93,,False,46.62,46.62,66.6,32.199999999999996,1.45,Premium,0.0,No Discount,10.0,True,≤10,Standard (70cl),43–46%,False
2025-12-29 22:14:13,Single Malt,85632,Talisker 14 Year Old / Special Releases 2025,Talisker,70cl / 53.9%,116.67,(£200 per litre),Island,,https://www.thewhiskyexchange.com/p/85632/talisker-14-year-old-special-releases-2025,https://img.thewhiskyexchange.com/380/talob.14yo.jpg?v=202407241,False,70.0,0.7,53.9,200.0,,False,116.67,116.67,166.67,37.73,3.09,Premium,0.0,No Discount,14.0,True,11–15,Standard (70cl),50%+,True
2025-12-29 22:14:13,Single Malt,72917,Port Askaig 8 Year Old,Port Askaig,70cl / 45.8%,41.88,(£64.21 per litre),Islay,Special Offer: £5.30 Off!,https://www.thewhiskyexchange.com/p/72917/port-askaig-8-year-old,https://img.thewhiskyexchange.com/380/malts_por08yo.jpg?v=202407241,False,70.0,0.7,45.8,64.21,5.3,True,47.18,47.18,67.4,32.059999999999995,1.47,Premium,11.23,Medium (10–20%),8.0,True,≤10,Standard (70cl),43–46%,False
2025-12-29 22:14:13,Single Malt,45608,Old Pulteney 18 Year Old,Old Pulteney,70cl / 46%,108.33,(£185.71 per litre),Highland,,https://www.thewhiskyexchange.com/p/45608/old-pulteney-18-year-old,https://img.thewhiskyexchange.com/380/opnob.18yov3.jpg?v=202407241,False,70.0,0.7,46.0,185.71,,False,108.33,108.33,154.76,32.199999999999996,3.36,Premium,0.0,No Discount,18.0,True,16–18,Standard (70cl),43–46%,False
2025-12-29 22:14:13,Single Malt,68487,Personalised 21 Year Old Speyside Scotch Whisky,Independent/Unknown,70cl / 49%,145.83,(£250 per litre),Speyside,,https://www.thewhiskyexchange.com/p/68487/personalised-21-year-old-speyside-scotch-whisky,https://img.thewhiskyexchange.com/380/malts_twe21yov2.jpg?v=202407241,True,70.0,0.7,49.0,250.0,,False,145.83,145.83,208.33,34.3,4.25,Luxury,0.0,No Discount,21.0,True,19–25,Standard (70cl),46–50%,False
2025-12-29 22:14:13,Single Malt,85794,Bunnahabhain 12 Year Old Cask Strength / 2025 Release,Bunnahabhain,70cl / 56.4%,70.79,(£121.36 per litre),Islay,,https://www.thewhiskyexchange.com/p/85794/bunnahabhain-12-year-old-cask-strength-2025-release,https://img.thewhiskyexchange.com/380/bunob.12yov27.jpg?v=202407241,False,70.0,0.7,56.4,121.36,,False,70.79,70.79,101.13,39.48,1.79,Premium,0.0,No Discount,12.0,True,11–15,Standard (70cl),50%+,True
2025-12-29 22:14:13,Single Malt,86551,Edradour 2015 / 10 Year Old / Sherry Cask 299 / Signatory,Edradour,70cl / 46%,45.79,(£78.50 per litre),Highland,,https://www.thewhiskyexchange.com/p/86551/edradour-2015-10-year-old-sherry-cask-299-signatory,https://img.thewhiskyexchange.com/380/edrsig2015.jpg?v=202407241,False,70.0,0.7,46.0,78.5,,False,45.79,45.79,65.41,32.199999999999996,1.42,Premium,0.0,No Discount,10.0,True,≤10,Standard (70cl),43–46%,False
2025-12-29 22:14:13,Single Malt,5258,Aberfeldy 21 Year Old,Aberfeldy,70cl / 40%,133.33,(£228.57 per litre),Highland,,https://www.thewhiskyexchange.com/p/5258/aberfeldy-21-year-old,https://img.thewhiskyexchange.com/380/abfob.21yo.jpg?v=202407241,False,70.0,0.7,40.0,228.57,,False,133.33,133.33,190.47,28.0,4.76,Luxury,0.0,No Discount,21.0,True,19–25,Standard (70cl),≤40%,False
2025-12-29 22:14:13,Single Malt,68804,Glentauchers 2009 / 13 Year Old / Sherry Cask /Signatory for The Whisky Exchange,Glentauchers,70cl / 64.1%,95.0,(£162.86 per litre),Speyside,,https://www.thewhiskyexchange.com/p/68804/glentauchers-2009-13-year-old-sherry-cask-signatory-for-the-whisky-exchange,https://img.thewhiskyexchange.com/380/gtasig2009.jpg?v=202407241,False,70.0,0.7,64.1,162.86,,False,95.0,95.0,135.71,44.86999999999999,2.12,Premium,0.0,No Discount,13.0,True,11–15,Standard (70cl),50%+,True
2025-12-29 22:14:13,Single Malt,84860,Ardbeg Smokiverse / Ardbeg Day 2025,Ardbeg,70cl / 48.3%,74.96,(£128.50 per litre),Islay,,https://www.thewhiskyexchange.com/p/84860/ardbeg-smokiverse-ardbeg-day-2025,https://img.thewhiskyexchange.com/380/abgob.non57.jpg?v=202407241,False,70.0,0.7,48.3,128.5,,False,74.96,74.96,107.09,33.809999999999995,2.22,Premium,0.0,No Discount,,False,,Standard (70cl),46–50%,False
2025-12-29 22:14:13,Single Malt,64107,Caol Ila 24 Year Old / 175th Anniversary,Caol Ila,70cl / 52.1%,541.67,(£928.57 per litre),Islay,,https://www.thewhiskyexchange.com/p/64107/caol-ila-24-year-old-175th-anniversary,https://img.thewhiskyexchange.com/380/cilob.24yo.jpg?v=202407241,False,70.0,0.7,52.1,928.57,,False,541.67,541.67,773.81,36.47,14.85,Luxury,0.0,No Discount,24.0,True,19–25,Standard (70cl),50%+,True
2025-12-29 22:14:13,Single Malt,718,Ben Nevis 10 Year Old,Ben Nevis,70cl / 46%,46.25,(£79.29 per litre),Highland,,https://www.thewhiskyexchange.com/p/718/ben-nevis-10-year-old,https://img.thewhiskyexchange.com/380/bnvob.10yo.jpg?v=202407241,False,70.0,0.7,46.0,79.29,,False,46.25,46.25,66.07,32.199999999999996,1.44,Premium,0.0,No Discount,10.0,True,≤10,Standard (70cl),43–46%,False
2025-12-29 22:14:13,Single Malt,57908,Lagavulin Distillers Edition,Lagavulin,70cl / 43%,89.17,(£152.86 per litre),Islay,,https://www.thewhiskyexchange.com/p/57908/lagavulin-distillers-edition,https://img.thewhiskyexchange.com/380/lgvob.non7.jpg?v=202407241,False,70.0,0.7,43.0,152.86,,False,89.17,89.17,127.39,30.099999999999998,2.96,Premium,0.0,No Discount,,False,,Standard (70cl),40–43%,False
2025-12-29 22:14:13,Single Malt,10992,Edradour 12 Year Old / Caledonia Selection / Sherry Cask,Edradour,70cl / 46%,52.29,(£89.64 per litre),Highland,,https://www.thewhiskyexchange.com/p/10992/edradour-12-year-old-caledonia-selection-sherry-cask,https://img.thewhiskyexchange.com/380/edrob.12yo.jpg?v=202407241,False,70.0,0.7,46.0,89.64,,False,52.29,52.29,74.7,32.199999999999996,1.62,Premium,0.0,No Discount,12.0,True,11–15,Standard (70cl),43–46%,False
2025-12-29 22:14:13,Single Malt,29719,Benromach 15 Year Old,Benromach,70cl / 43%,61.25,(£105 per litre),Speyside,,https://www.thewhiskyexchange.com/p/29719/benromach-15-year-old,https://img.thewhiskyexchange.com/380/brmob.15yov1.jpg?v=202407241,False,70.0,0.7,43.0,105.0,,False,61.25,61.25,87.5,30.099999999999998,2.03,Premium,0.0,No Discount,15.0,True,11–15,Standard (70cl),40–43%,False
2025-12-29 22:14:13,Single Malt,2034,Glenfarclas 10 Year Old,Glenfarclas,70cl / 40%,37.92,(£60.71 per litre),Speyside,Special Offer: £3 Off!,https://www.thewhiskyexchange.com/p/2034/glenfarclas-10-year-old,https://img.thewhiskyexchange.com/380/gfcob.10yo.jpg?v=202407241,False,70.0,0.7,40.0,60.71,3.0,True,40.92,40.92,58.46,28.0,1.46,Premium,7.33,Low (≤10%),10.0,True,≤10,Standard (70cl),≤40%,False
2025-12-29 22:14:13,Single Malt,56014,Loch Lomond 18 Year Old,Loch Lomond,70cl / 46%,74.96,(£128.50 per litre),Highland,,https://www.thewhiskyexchange.com/p/56014/loch-lomond-18-year-old,https://img.thewhiskyexchange.com/380/llmob.18yov2.jpg?v=202407241,False,70.0,0.7,46.0,128.5,,False,74.96,74.96,107.09,32.199999999999996,2.33,Premium,0.0,No Discount,18.0,True,16–18,Standard (70cl),43–46%,False
2025-12-29 22:14:13,Single Malt,71229,Aberlour 12 Year Old Double Cask / Gift Box,Aberlour,70cl / 40%,35.79,(£61.36 per litre),Speyside,,https://www.thewhiskyexchange.com/p/71229/aberlour-12-year-old-double-cask-gift-box,https://img.thewhiskyexchange.com/380/ablob.12yov16.jpg?v=202407241,False,70.0,0.7,40.0,61.36,,False,35.79,35.79,51.13,28.0,1.28,Budget,0.0,No Discount,12.0,True,11–15,Standard (70cl),≤40%,False
2025-12-29 22:14:13,Single Malt,85827,Tormore 2009 Legacy / Bourbon Cask #4046 / Whisky Show 2025,Tormore,70cl / 55.1%,87.5,(£150 per litre),Speyside,,https://www.thewhiskyexchange.com/p/85827/tormore-2009-legacy-bourbon-cask-4046-whisky-show-2025,https://img.thewhiskyexchange.com/380/torob.2009.jpg?v=202407241,False,70.0,0.7,55.1,150.0,,False,87.5,87.5,125.0,38.57,2.27,Premium,0.0,No Discount,,False,,Standard (70cl),50%+,True
2025-12-29 22:14:13,Single Malt,9141,Deanston 12 Year Old / Unchillfiltered,Deanston,70cl / 46.3%,33.96,(£58.21 per litre),Highland,,https://www.thewhiskyexchange.com/p/9141/deanston-12-year-old-unchillfiltered,https://img.thewhiskyexchange.com/380/dstob.12yov2.jpg?v=202407241,False,70.0,0.7,46.3,58.21,,False,33.96,33.96,48.51,32.41,1.05,Budget,0.0,No Discount,12.0,True,11–15,Standard (70cl),46–50%,False
2025-12-29 22:14:13,Single Malt,10894,Benromach 10 Year Old,Benromach,70cl / 43%,34.96,(£55.64 per litre),Speyside,Special Offer: £3 Off!,https://www.thewhiskyexchange.com/p/10894/benromach-10-year-old,https://img.thewhiskyexchange.com/380/brmob.10yo.jpg?v=202407241,False,70.0,0.7,43.0,55.64,3.0,True,37.96,37.96,54.23,30.099999999999998,1.26,Budget,7.9,Low (≤10%),10.0,True,≤10,Standard (70cl),40–43%,False
2025-12-29 22:14:13,Single Malt,85677,Balvenie 2012 / 12 Year Old / Montilla Casks / A Collection of Curious Casks,Balvenie,70cl / 47.3%,53.96,(£92.50 per litre),Speyside,,https://www.thewhiskyexchange.com/p/85677/balvenie-2012-12-year-old-montilla-casks-a-collection-of-curious-casks,https://img.thewhiskyexchange.com/380/balob.2012.jpg?v=202407241,False,70.0,0.7,47.3,92.5,,False,53.96,53.96,77.09,33.11,1.63,Premium,0.0,No Discount,12.0,True,11–15,Standard (70cl),46–50%,False
2025-12-29 22:14:18,Single Malt,72943,Isle of Harris The Hearach Single Malt,Isle of Harris,70cl / 46%,51.46,(£88.21 per litre),Island,,https://www.thewhiskyexchange.com/p/72943/isle-of-harris-the-hearach-single-malt,https://img.thewhiskyexchange.com/380/harob.non1.jpg?v=202407241,False,70.0,0.7,46.0,88.21,,False,51.46,51.46,73.51,32.199999999999996,1.6,Premium,0.0,No Discount,,False,,Standard (70cl),43–46%,False
2025-12-29 22:14:18,Single Malt,40228,Kilchoman Machir Bay / 2 Glass Set,Kilchoman,70cl / 46%,44.79,(£68.21 per litre),Islay,Special Offer: £6 Off!,https://www.thewhiskyexchange.com/p/40228/kilchoman-machir-bay-2-glass-set,https://img.thewhiskyexchange.com/380/kilob.non27.jpg?v=202407241,False,70.0,0.7,46.0,68.21,6.0,True,50.79,50.79,72.56,32.199999999999996,1.58,Premium,11.81,Medium (10–20%),,False,,Standard (70cl),43–46%,False
2025-12-29 22:14:18,Single Malt,50725,Ledaig 18 Year Old,Ledaig,70cl / 46.3%,85.83,(£147.14 per litre),Island,,https://www.thewhiskyexchange.com/p/50725/ledaig-18-year-old,https://img.thewhiskyexchange.com/380/ldgob.18yov3.jpg?v=202407241,False,70.0,0.7,46.3,147.14,,False,85.83,85.83,122.61,32.41,2.65,Premium,0.0,No Discount,18.0,True,16–18,Standard (70cl),46–50%,False
2025-12-29 22:14:18,Single Malt,7620,Aberlour 18 Year Old,Aberlour,70cl / 43%,125.0,(£214.29 per litre),Speyside,,https://www.thewhiskyexchange.com/p/7620/aberlour-18-year-old,https://img.thewhiskyexchange.com/380/ablob.18yo.jpg?v=202407241,False,70.0,0.7,43.0,214.29,,False,125.0,125.0,178.57,30.099999999999998,4.15,Luxury,0.0,No Discount,18.0,True,16–18,Standard (70cl),40–43%,False
2025-12-29 22:14:18,Single Malt,72309,Macallan 18 Year Old Sherry Oak / 2023 Release,Macallan,70cl / 43%,277.5,(£475.71 per litre),Speyside,,https://www.thewhiskyexchange.com/p/72309/macallan-18-year-old-sherry-oak-2023-release,https://img.thewhiskyexchange.com/380/macob.18yov14.jpg?v=202407241,False,70.0,0.7,43.0,475.71,,False,277.5,277.5,396.43,30.099999999999998,9.22,Luxury,0.0,No Discount,18.0,True,16–18,Standard (70cl),40–43%,False
2025-12-29 22:14:18,Single Malt,85815,Glenturret 12 Year Old / 2025 Release,Glenturret,70cl / 46.2%,62.46,(£107.07 per litre),Highland,,https://www.thewhiskyexchange.com/p/85815/glenturret-12-year-old-2025-release,https://img.thewhiskyexchange.com/380/gtuob.12yov15.jpg?v=202407241,False,70.0,0.7,46.2,107.07,,False,62.46,62.46,89.23,32.34,1.93,Premium,0.0,No Discount,12.0,True,11–15,Standard (70cl),46–50%,False
2025-12-29 22:14:18,Single Malt,45356,Highland Park Valknut,Highland Park,70cl / 46.8%,54.12,(£92.79 per litre),Island,,https://www.thewhiskyexchange.com/p/45356/highland-park-valknut,https://img.thewhiskyexchange.com/380/hlpob.non12.jpg?v=202407241,False,70.0,0.7,46.8,92.79,,False,54.12,54.12,77.31,32.76,1.65,Premium,0.0,No Discount,,False,,Standard (70cl),46–50%,False
2025-12-29 22:14:18,Single Malt,82895,Kilchoman Sanaig Cask Strength,Kilchoman,70cl / 57.8%,59.58,(£102.14 per litre),Islay,,https://www.thewhiskyexchange.com/p/82895/kilchoman-sanaig-cask-strength,https://img.thewhiskyexchange.com/380/kilob.non60.jpg?v=202407241,False,70.0,0.7,57.8,102.14,,False,59.58,59.58,85.11,40.459999999999994,1.47,Premium,0.0,No Discount,,False,,Standard (70cl),50%+,True
2025-12-29 22:14:18,Single Malt,86695,Secret Speyside (M) 2009 / 16 Year Old / Signatory 100 Proof Exceptional #15,Macallan,70cl / 57.1%,66.62,(£114.21 per litre),Speyside,,https://www.thewhiskyexchange.com/p/86695/secret-speyside-m-2009-16-year-old-signatory-100-proof-exceptional-15,https://img.thewhiskyexchange.com/380/macsig2009v3.jpg?v=202407241,False,70.0,0.7,57.1,114.21,,False,66.62,66.62,95.17,39.97,1.67,Premium,0.0,No Discount,16.0,True,16–18,Standard (70cl),50%+,True
2025-12-29 22:14:18,Single Malt,5300,Balvenie 12 Year Old / Double Wood / Small Bottle,Balvenie,20cl / 40%,17.46,(£10.47 per 10cl),Speyside,,https://www.thewhiskyexchange.com/p/5300/balvenie-12-year-old-double-wood-small-bottle,https://img.thewhiskyexchange.com/380/balob.12yov1.jpg?v=202407241,False,20.0,0.2,40.0,104.7,,False,17.46,17.46,87.3,8.0,2.18,Budget,0.0,No Discount,12.0,True,11–15,Small (≤35cl),≤40%,False
2025-12-29 22:14:18,Single Malt,42532,Jura 18 Year Old / Red Wine Finish,Jura,70cl / 44%,65.62,(£112.50 per litre),Island,,https://www.thewhiskyexchange.com/p/42532/jura-18-year-old-red-wine-finish,https://img.thewhiskyexchange.com/380/iojob.18yov2.jpg?v=202407241,False,70.0,0.7,44.0,112.5,,False,65.62,65.62,93.74,30.799999999999997,2.13,Premium,0.0,No Discount,18.0,True,16–18,Standard (70cl),43–46%,False
2025-12-29 22:14:18,Single Malt,86342,Ardnamurchan 10 Year Old / 2025 Release,Ardnamurchan,70cl / 46.8%,49.96,(£85.64 per litre),Highland,,https://www.thewhiskyexchange.com/p/86342/ardnamurchan-10-year-old-2025-release,https://img.thewhiskyexchange.com/380/amcob.10yov1.jpg?v=202407241,False,70.0,0.7,46.8,85.64,,False,49.96,49.96,71.37,32.76,1.53,Premium,0.0,No Discount,10.0,True,≤10,Standard (70cl),46–50%,False
2025-12-29 22:14:18,Single Malt,86319,Caol Ila 2007 / 17 Year Old / Oloroso Cask 3 / Signatory,Caol Ila,70cl / 57.8%,106.67,(£182.86 per litre),Islay,,https://www.thewhiskyexchange.com/p/86319/caol-ila-2007-17-year-old-oloroso-cask-3-signatory,https://img.thewhiskyexchange.com/380/cilsig2007v11.jpg?v=202407241,False,70.0,0.7,57.8,182.86,,False,106.67,106.67,152.39,40.459999999999994,2.64,Premium,0.0,No Discount,17.0,True,16–18,Standard (70cl),50%+,True
2025-12-29 22:14:18,Single Malt,63274,Macallan The Harmony Collection Rich Cacao,Macallan,70cl / 44%,183.33,(£314.29 per litre),Speyside,,https://www.thewhiskyexchange.com/p/63274/macallan-the-harmony-collection-rich-cacao,https://img.thewhiskyexchange.com/380/macob.non161.jpg?v=202407241,False,70.0,0.7,44.0,314.29,,False,183.33,183.33,261.9,30.799999999999997,5.95,Luxury,0.0,No Discount,,False,,Standard (70cl),43–46%,False
2025-12-29 22:14:18,Single Malt,2172,Glen Garioch 12 Year Old,Glen Garioch,70cl / 48%,36.88,(£63.21 per litre),Highland,,https://www.thewhiskyexchange.com/p/2172/glen-garioch-12-year-old,https://img.thewhiskyexchange.com/380/ggrob.12yo.jpg?v=202407241,False,70.0,0.7,48.0,63.21,,False,36.88,36.88,52.69,33.599999999999994,1.1,Budget,0.0,No Discount,12.0,True,11–15,Standard (70cl),46–50%,False
2025-12-29 22:14:18,Single Malt,86550,Edradour 12 Year Old / Sherry Cask Strength / Batch 7,Edradour,70cl / 59%,62.46,(£107.07 per litre),Highland,,https://www.thewhiskyexchange.com/p/86550/edradour-12-year-old-sherry-cask-strength-batch-7,https://img.thewhiskyexchange.com/380/edrob.12yov5.jpg?v=202407241,False,70.0,0.7,59.0,107.07,,False,62.46,62.46,89.23,41.3,1.51,Premium,0.0,No Discount,12.0,True,11–15,Standard (70cl),50%+,True
2025-12-29 22:14:18,Single Malt,26056,Craigellachie 17 Year Old,Craigellachie,70cl / 46%,102.5,(£175.71 per litre),Speyside,,https://www.thewhiskyexchange.com/p/26056/craigellachie-17-year-old,https://img.thewhiskyexchange.com/380/crgob.17yo.jpg?v=202407241,False,70.0,0.7,46.0,175.71,,False,102.5,102.5,146.43,32.199999999999996,3.18,Premium,0.0,No Discount,17.0,True,16–18,Standard (70cl),43–46%,False
2025-12-29 22:14:18,Single Malt,49356,Glenmorangie Quinta Ruban 14 Year Old / Port Finish,Glenmorangie,70cl / 46%,39.79,(£68.21 per litre),Highland,,https://www.thewhiskyexchange.com/p/49356/glenmorangie-quinta-ruban-14-year-old-port-finish,https://img.thewhiskyexchange.com/380/gmgob.14yo.jpg?v=202407241,False,70.0,0.7,46.0,68.21,,False,39.79,39.79,56.84,32.199999999999996,1.24,Budget,0.0,No Discount,14.0,True,11–15,Standard (70cl),43–46%,False
2025-12-29 22:14:18,Single Malt,5862,Bowmore 18 Year Old,Bowmore,70cl / 43%,110.0,(£188.57 per litre),Islay,,https://www.thewhiskyexchange.com/p/5862/bowmore-18-year-old,https://img.thewhiskyexchange.com/380/bowob.18yov1.jpg?v=202407241,False,70.0,0.7,43.0,188.57,,False,110.0,110.0,157.14,30.099999999999998,3.65,Premium,0.0,No Discount,18.0,True,16–18,Standard (70cl),40–43%,False
2025-12-29 22:14:18,Single Malt,39915,Ardbeg An Oa,Ardbeg,70cl / 46.6%,43.75,(£75 per litre),Islay,,https://www.thewhiskyexchange.com/p/39915/ardbeg-an-oa,https://img.thewhiskyexchange.com/380/abgob.non36.jpg?v=202407241,False,70.0,0.7,46.6,75.0,,False,43.75,43.75,62.5,32.62,1.34,Premium,0.0,No Discount,,False,,Standard (70cl),46–50%,False
2025-12-29 22:14:18,Single Malt,73326,Benrinnes 15 Year Old / Flora & Fauna,Benrinnes,70cl / 43%,52.92,(£90.71 per litre),Speyside,,https://www.thewhiskyexchange.com/p/73326/benrinnes-15-year-old-flora-fauna,https://img.thewhiskyexchange.com/380/brnob.15yo.jpg?v=202407241,False,70.0,0.7,43.0,90.71,,False,52.92,52.92,75.6,30.099999999999998,1.76,Premium,0.0,No Discount,15.0,True,11–15,Standard (70cl),40–43%,False
2025-12-29 22:14:18,Single Malt,7032,Glenkinchie 12 Year Old,Glenkinchie,70cl / 43%,38.75,(£66.43 per litre),Lowland,,https://www.thewhiskyexchange.com/p/7032/glenkinchie-12-year-old,https://img.thewhiskyexchange.com/380/gkcob.12yov1.jpg?v=202407241,False,70.0,0.7,43.0,66.43,,False,38.75,38.75,55.36,30.099999999999998,1.29,Budget,0.0,No Discount,12.0,True,11–15,Standard (70cl),40–43%,False
2025-12-29 22:14:18,Single Malt,70795,Oban Distillers Edition,Oban,70cl / 43%,72.46,(£124.21 per litre),Highland,,https://www.thewhiskyexchange.com/p/70795/oban-distillers-edition,https://img.thewhiskyexchange.com/380/obnob.non5.jpg?v=202407241,False,70.0,0.7,43.0,124.21,,False,72.46,72.46,103.51,30.099999999999998,2.41,Premium,0.0,No Discount,,False,,Standard (70cl),40–43%,False
2025-12-29 22:14:18,Single Malt,83921,Edradour 2011 / 13 Year Old / Marsala Finish /Signatory for The Whisky Exchange,Edradour,70cl / 58.9%,79.12,(£135.64 per litre),Highland,Special Offer: Free Edradour Book,https://www.thewhiskyexchange.com/p/83921/edradour-2011-13-year-old-marsala-finish-signatory-for-the-whisky-exchange,https://img.thewhiskyexchange.com/380/edrsig2011v4.jpg?v=202407241,False,70.0,0.7,58.9,135.64,,False,79.12,79.12,113.03,41.23,1.92,Premium,0.0,No Discount,13.0,True,11–15,Standard (70cl),50%+,True
2025-12-29 22:14:21,Single Malt,86198,Glen Scotia 2015 Dawny Port / 10 Year Old /Thompson Bros for The Whisky Exchange,Glen Scotia,70cl / 53.3%,58.29,(£99.93 per litre),Campbeltown,,https://www.thewhiskyexchange.com/p/86198/glen-scotia-2015-dawny-port-10-year-old-thompson-bros-for-the-whisky-exchange,https://img.thewhiskyexchange.com/380/gsttho2015.jpg?v=202407241,False,70.0,0.7,53.3,99.93,,False,58.29,58.29,83.27,37.309999999999995,1.56,Premium,0.0,No Discount,10.0,True,≤10,Standard (70cl),50%+,True
2025-12-29 22:14:21,Single Malt,32496,Laphroaig Lore,Laphroaig,70cl / 48%,53.12,(£91.07 per litre),Islay,,https://www.thewhiskyexchange.com/p/32496/laphroaig-lore,https://img.thewhiskyexchange.com/380/lrgob.non16.jpg?v=202407241,False,70.0,0.7,48.0,91.07,,False,53.12,53.12,75.89,33.599999999999994,1.58,Premium,0.0,No Discount,,False,,Standard (70cl),46–50%,False
2025-12-29 22:14:21,Single Malt,82933,Scapa 21 Year Old,Scapa,70cl / 50.7%,195.83,(£335.71 per litre),Island,,https://www.thewhiskyexchange.com/p/82933/scapa-21-year-old,https://img.thewhiskyexchange.com/380/scpob.21yo.jpg?v=202407241,False,70.0,0.7,50.7,335.71,,False,195.83,195.83,279.76,35.49,5.52,Luxury,0.0,No Discount,21.0,True,19–25,Standard (70cl),50%+,True
2025-12-29 22:14:21,Single Malt,29813,Dalwhinnie Winter's Gold,Dalwhinnie,70cl / 43%,43.12,(£73.93 per litre),Speyside,,https://www.thewhiskyexchange.com/p/29813/dalwhinnie-winters-gold,https://img.thewhiskyexchange.com/380/dalob.non1.jpg?v=202407241,False,70.0,0.7,43.0,73.93,,False,43.12,43.12,61.6,30.099999999999998,1.43,Premium,0.0,No Discount,,False,,Standard (70cl),40–43%,False
2025-12-29 22:14:21,Single Malt,85291,Blair Athol 2007 / 17 Year Old / 100 Proof Exceptional Edition 12 / Signatory,Blair Athol,70cl / 57.1%,63.75,(£109.29 per litre),Highland,,https://www.thewhiskyexchange.com/p/85291/blair-athol-2007-17-year-old-100-proof-exceptional-edition-12-signatory,https://img.thewhiskyexchange.com/380/blasig2007v1.jpg?v=202407241,False,70.0,0.7,57.1,109.29,,False,63.75,63.75,91.07,39.97,1.59,Premium,0.0,No Discount,17.0,True,16–18,Standard (70cl),50%+,True
2025-12-29 22:14:21,Single Malt,18098,Macallan Double Cask Gold,Macallan,70cl / 40%,100.0,(£171.43 per litre),Speyside,,https://www.thewhiskyexchange.com/p/18098/macallan-double-cask-gold,https://img.thewhiskyexchange.com/380/macob.non29.jpg?v=202407241,False,70.0,0.7,40.0,171.43,,False,100.0,100.0,142.86,28.0,3.57,Premium,0.0,No Discount,,False,,Standard (70cl),≤40%,False
2025-12-29 22:14:21,Single Malt,47802,Deanston 18 Year Old,Deanston,70cl / 46.3%,75.62,(£121.07 per litre),Highland,Special Offer: £6 Off!,https://www.thewhiskyexchange.com/p/47802/deanston-18-year-old,https://img.thewhiskyexchange.com/380/dstob.18yov3.jpg?v=202407241,False,70.0,0.7,46.3,121.07,6.0,True,81.62,81.62,116.6,32.41,2.52,Premium,7.35,Low (≤10%),18.0,True,16–18,Standard (70cl),46–50%,False
2025-12-29 22:14:21,Single Malt,19712,Aberlour 12 Year Old Non Chill-Filtered,Aberlour,70cl / 48%,48.96,(£76.79 per litre),Speyside,Special Offer: £5 Off!,https://www.thewhiskyexchange.com/p/19712/aberlour-12-year-old-non-chill-filtered,https://img.thewhiskyexchange.com/380/ablob.12yov10.jpg?v=202407241,False,70.0,0.7,48.0,76.79,5.0,True,53.96,53.96,77.09,33.599999999999994,1.61,Premium,9.27,Low (≤10%),12.0,True,11–15,Standard (70cl),46–50%,False
2025-12-29 22:14:21,Single Malt,6722,Singleton of Dufftown 12 Year Old,Dufftown,70cl / 40%,31.62,(£47.07 per litre),Speyside,Special Offer: £5 Off!,https://www.thewhiskyexchange.com/p/6722/singleton-of-dufftown-12-year-old,https://img.thewhiskyexchange.com/380/dufob.12yov1.jpg?v=202407241,False,70.0,0.7,40.0,47.07,5.0,True,36.620000000000005,36.620000000000005,52.31,28.0,1.31,Budget,13.65,Medium (10–20%),12.0,True,11–15,Standard (70cl),≤40%,False
2025-12-29 22:14:21,Single Malt,2078,Glenfarclas 105°,Glenfarclas,70cl / 60%,63.75,(£109.29 per litre),Speyside,,https://www.thewhiskyexchange.com/p/2078/glenfarclas-105,https://img.thewhiskyexchange.com/380/gfcob.non1.jpg?v=202407241,False,70.0,0.7,60.0,109.29,,False,63.75,63.75,91.07,42.0,1.52,Premium,0.0,No Discount,,False,,Standard (70cl),50%+,True
2025-12-29 22:14:21,Single Malt,85567,Glen Scotia 2014 / 10 Year Old / Whisky Show 2025,Glen Scotia,70cl / 55.9%,73.29,(£125.64 per litre),Campbeltown,,https://www.thewhiskyexchange.com/p/85567/glen-scotia-2014-10-year-old-whisky-show-2025,https://img.thewhiskyexchange.com/380/gstob.2014.jpg?v=202407241,False,70.0,0.7,55.9,125.64,,False,73.29,73.29,104.7,39.129999999999995,1.87,Premium,0.0,No Discount,10.0,True,≤10,Standard (70cl),50%+,True
2025-12-29 22:14:21,Single Malt,56100,Benriach The Twelve / 12 Year Old,Benriach,70cl / 46%,38.29,(£59.93 per litre),Speyside,Special Offer: £4 Off!,https://www.thewhiskyexchange.com/p/56100/benriach-the-twelve-12-year-old,https://img.thewhiskyexchange.com/380/bnrob.12yov9.jpg?v=202407241,False,70.0,0.7,46.0,59.93,4.0,True,42.29,42.29,60.41,32.199999999999996,1.31,Premium,9.46,Low (≤10%),12.0,True,11–15,Standard (70cl),43–46%,False
2025-12-29 22:14:21,Single Malt,85672,Octomore Edition 16.2 / 5 Year Old / Scottish Barley,Octomore,70cl / 58.1%,129.17,(£221.43 per litre),Islay,,https://www.thewhiskyexchange.com/p/85672/octomore-edition-162-5-year-old-scottish-barley,https://img.thewhiskyexchange.com/380/octob.05yov34.jpg?v=202407241,False,70.0,0.7,58.1,221.43,,False,129.17,129.17,184.53,40.67,3.18,Luxury,0.0,No Discount,5.0,True,≤10,Standard (70cl),50%+,True
2025-12-29 22:14:21,Single Malt,10302,Caol Ila Distillers Edition,Caol Ila,70cl / 43%,71.46,(£122.50 per litre),Islay,,https://www.thewhiskyexchange.com/p/10302/caol-ila-distillers-edition,https://img.thewhiskyexchange.com/380/cilob.non4.jpg?v=202407241,False,70.0,0.7,43.0,122.5,,False,71.46,71.46,102.09,30.099999999999998,2.37,Premium,0.0,No Discount,,False,,Standard (70cl),40–43%,False
2025-12-29 22:14:21,Single Malt,56738,Benromach 21 Year Old,Benromach,70cl / 43%,113.33,(£194.29 per litre),Speyside,,https://www.thewhiskyexchange.com/p/56738/benromach-21-year-old,https://img.thewhiskyexchange.com/380/brmob.21yov2.jpg?v=202407241,False,70.0,0.7,43.0,194.29,,False,113.33,113.33,161.9,30.099999999999998,3.77,Premium,0.0,No Discount,21.0,True,19–25,Standard (70cl),40–43%,False
2025-12-29 22:14:21,Single Malt,31422,Macallan Rare Cask Black,Macallan,70cl / 48%,458.33,(£785.71 per litre),Speyside,,https://www.thewhiskyexchange.com/p/31422/macallan-rare-cask-black,https://img.thewhiskyexchange.com/380/macob.non67.jpg?v=202407241,False,70.0,0.7,48.0,785.71,,False,458.33,458.33,654.76,33.599999999999994,13.64,Luxury,0.0,No Discount,,False,,Standard (70cl),46–50%,False
2025-12-29 22:14:21,Single Malt,85600,Inchgower 2011 / 13 Year Old / 100 Proof Edition #53 / Signatory,Inchgower,70cl / 57.1%,38.75,(£66.43 per litre),Speyside,,https://www.thewhiskyexchange.com/p/85600/inchgower-2011-13-year-old-100-proof-edition-53-signatory,https://img.thewhiskyexchange.com/380/ingsig2011v4.jpg?v=202407241,False,70.0,0.7,57.1,66.43,,False,38.75,38.75,55.36,39.97,0.97,Budget,0.0,No Discount,13.0,True,11–15,Standard (70cl),50%+,True
2025-12-29 22:14:21,Single Malt,1461,Cardhu 12 Year Old,Cardhu,70cl / 40%,32.92,(£56.43 per litre),Speyside,,https://www.thewhiskyexchange.com/p/1461/cardhu-12-year-old,https://img.thewhiskyexchange.com/380/carob.12yov1.jpg?v=202407241,False,70.0,0.7,40.0,56.43,,False,32.92,32.92,47.03,28.0,1.18,Budget,0.0,No Discount,12.0,True,11–15,Standard (70cl),≤40%,False
2025-12-29 22:14:21,Single Malt,52345,Mortlach 15 Year Old / Game of Thrones Six Kingdoms,Mortlach,70cl / 46%,74.12,(£127.07 per litre),Speyside,,https://www.thewhiskyexchange.com/p/52345/mortlach-15-year-old-game-of-thrones-six-kingdoms,https://img.thewhiskyexchange.com/380/mtlob.15yo.jpg?v=202407241,False,70.0,0.7,46.0,127.07,,False,74.12,74.12,105.89,32.199999999999996,2.3,Premium,0.0,No Discount,15.0,True,11–15,Standard (70cl),43–46%,False
2025-12-29 22:14:21,Single Malt,44886,Fettercairn 12 Year Old,Fettercairn,70cl / 40%,43.75,(£69.29 per litre),Highland,Special Offer: £4 Off!,https://www.thewhiskyexchange.com/p/44886/fettercairn-12-year-old,https://img.thewhiskyexchange.com/380/ofcob.12yov1.jpg?v=202407241,False,70.0,0.7,40.0,69.29,4.0,True,47.75,47.75,68.21,28.0,1.71,Premium,8.38,Low (≤10%),12.0,True,11–15,Standard (70cl),≤40%,False
2025-12-29 22:14:21,Single Malt,6297,Bowmore 25 Year Old,Bowmore,70cl / 43%,416.67,(£428.57 per litre),Islay,Special Offer: £200 Off!,https://www.thewhiskyexchange.com/p/6297/bowmore-25-year-old,https://img.thewhiskyexchange.com/380/bowob.25yov6.jpg?v=202407241,False,70.0,0.7,43.0,428.57,200.0,True,616.6700000000001,616.6700000000001,880.96,30.099999999999998,20.49,Luxury,32.43,High (20–40%),25.0,True,19–25,Standard (70cl),40–43%,False
2025-12-29 22:14:21,Single Malt,1485,Cragganmore 12 Year Old / Small Bottle,Cragganmore,20cl / 40%,15.21,(£7.12 per 10cl),Speyside,Special Offer: £4 Off!,https://www.thewhiskyexchange.com/p/1485/cragganmore-12-year-old-small-bottle,https://img.thewhiskyexchange.com/380/cgmob.12yov2.jpg?v=202407241,False,20.0,0.2,40.0,71.2,4.0,True,19.21,19.21,96.05,8.0,2.4,Budget,20.82,High (20–40%),12.0,True,11–15,Small (≤35cl),≤40%,False
2025-12-29 22:14:21,Single Malt,59721,Laphroaig 10 Year Old Sherry Oak Finish,Laphroaig,70cl / 48%,46.62,(£79.93 per litre),Islay,,https://www.thewhiskyexchange.com/p/59721/laphroaig-10-year-old-sherry-oak-finish,https://img.thewhiskyexchange.com/380/lrgob.10yov79.jpg?v=202407241,False,70.0,0.7,48.0,79.93,,False,46.62,46.62,66.6,33.599999999999994,1.39,Premium,0.0,No Discount,10.0,True,≤10,Standard (70cl),46–50%,False
2025-12-29 22:14:21,Single Malt,19988,Talisker Port Ruighe / Port Finish,Talisker,70cl / 45.8%,52.46,(£89.93 per litre),Island,,https://www.thewhiskyexchange.com/p/19988/talisker-port-ruighe-port-finish,https://img.thewhiskyexchange.com/380/talob.non8.jpg?v=202407241,False,70.0,0.7,45.8,89.93,,False,52.46,52.46,74.94,32.059999999999995,1.64,Premium,0.0,No Discount,,False,,Standard (70cl),43–46%,False
2025-12-29 22:14:25,Single Malt,85238,Arran 12 Year Old Duero Discovery / Signature Series Edition 3,Arran,70cl / 50%,67.71,(£116.07 per litre),Island,,https://www.thewhiskyexchange.com/p/85238/arran-12-year-old-duero-discovery-signature-series-edition-3,https://img.thewhiskyexchange.com/380/arrob.12yov9.jpg?v=202407241,False,70.0,0.7,50.0,116.07,,False,67.71,67.71,96.73,35.0,1.93,Premium,0.0,No Discount,12.0,True,11–15,Standard (70cl),46–50%,True
2025-12-29 22:14:25,Single Malt,12340,Aberlour A'Bunadh Sherry Cask Collection Edition I,Aberlour,70cl / 56.2%,79.12,(£135.64 per litre),Speyside,,https://www.thewhiskyexchange.com/p/12340/aberlour-abunadh-sherry-cask-collection-edition-i,https://img.thewhiskyexchange.com/380/ablob.non8.jpg?v=202407241,False,70.0,0.7,56.2,135.64,,False,79.12,79.12,113.03,39.339999999999996,2.01,Premium,0.0,No Discount,,False,,Standard (70cl),50%+,True
2025-12-29 22:14:25,Single Malt,42732,Dalmore Port Wood Reserve,Dalmore,70cl / 46.5%,65.42,(£112.14 per litre),Highland,,https://www.thewhiskyexchange.com/p/42732/dalmore-port-wood-reserve,https://img.thewhiskyexchange.com/380/dlmob.non19.jpg?v=202407241,False,70.0,0.7,46.5,112.14,,False,65.42,65.42,93.46,32.55,2.01,Premium,0.0,No Discount,,False,,Standard (70cl),46–50%,False
2025-12-29 22:14:25,Single Malt,84641,Ledaig 10 Year Old Hebridean Moon,Ledaig,70cl / 58.8%,66.62,(£114.21 per litre),Island,Special Offer: Free Ledaig Beanie Hat,https://www.thewhiskyexchange.com/p/84641/ledaig-10-year-old-hebridean-moon,https://img.thewhiskyexchange.com/380/ldgob.10yov2.jpg?v=202407241,False,70.0,0.7,58.8,114.21,,False,66.62,66.62,95.17,41.16,1.62,Premium,0.0,No Discount,10.0,True,≤10,Standard (70cl),50%+,True
2025-12-29 22:14:25,Single Malt,33705,Tomatin Legacy / Bourbon & Virgin Oak,Tomatin,70cl / 43%,27.92,(£47.86 per litre),Highland,,https://www.thewhiskyexchange.com/p/33705/tomatin-legacy-bourbon-virgin-oak,https://img.thewhiskyexchange.com/380/tomob.non10.jpg?v=202407241,False,70.0,0.7,43.0,47.86,,False,27.92,27.92,39.89,30.099999999999998,0.93,Budget,0.0,No Discount,,False,,Standard (70cl),40–43%,False
2025-12-29 22:14:25,Single Malt,4154,Old Pulteney 12 Year Old,Old Pulteney,70cl / 40%,32.71,(£56.07 per litre),Highland,,https://www.thewhiskyexchange.com/p/4154/old-pulteney-12-year-old,https://img.thewhiskyexchange.com/380/opnob.12yo.jpg?v=202407241,False,70.0,0.7,40.0,56.07,,False,32.71,32.71,46.73,28.0,1.17,Budget,0.0,No Discount,12.0,True,11–15,Standard (70cl),≤40%,False
2025-12-29 22:14:25,Single Malt,64489,Balvenie 16 Year Old French Oak / Pineau Cask Finish,Balvenie,70cl / 47.6%,122.5,(£188.57 per litre),Speyside,Special Offer: £15 Off!,https://www.thewhiskyexchange.com/p/64489/balvenie-16-year-old-french-oak-pineau-cask-finish,https://img.thewhiskyexchange.com/380/balob.16yov3.jpg?v=202407241,False,70.0,0.7,47.6,188.57,15.0,True,137.5,137.5,196.43,33.32,4.13,Luxury,10.91,Medium (10–20%),16.0,True,16–18,Standard (70cl),46–50%,False
2025-12-29 22:14:25,Single Malt,51441,Glenfiddich 23 Year Old / Grand Cru,Glenfiddich,70cl / 40%,216.67,(£328.57 per litre),Speyside,Special Offer: £30 Off!,https://www.thewhiskyexchange.com/p/51441/glenfiddich-23-year-old-grand-cru,https://img.thewhiskyexchange.com/380/gfdob.23yo.jpg?v=202407241,False,70.0,0.7,40.0,328.57,30.0,True,246.67,246.67,352.39,28.0,8.81,Luxury,12.16,Medium (10–20%),23.0,True,19–25,Standard (70cl),≤40%,False
2025-12-29 22:14:25,Single Malt,56101,Benriach The Smoky Twelve / 12 Year Old,Benriach,70cl / 46%,41.46,(£71.07 per litre),Speyside,,https://www.thewhiskyexchange.com/p/56101/benriach-the-smoky-twelve-12-year-old,https://img.thewhiskyexchange.com/380/bnrob.12yov10.jpg?v=202407241,False,70.0,0.7,46.0,71.07,,False,41.46,41.46,59.23,32.199999999999996,1.29,Premium,0.0,No Discount,12.0,True,11–15,Standard (70cl),43–46%,False
2025-12-29 22:14:25,Single Malt,28699,Laphroaig PX Cask / Litre,Laphroaig,100cl / 48%,94.17,,Islay,,https://www.thewhiskyexchange.com/p/28699/laphroaig-px-cask-litre,https://img.thewhiskyexchange.com/380/lrgob.non12.jpg?v=202407241,False,100.0,1.0,48.0,,,False,94.17,94.17,94.17,48.0,1.96,Premium,0.0,No Discount,,False,,Large (1L),46–50%,False
2025-12-29 22:14:25,Single Malt,63499,Lagavulin 12 Year Old / Special Releases 2025,Lagavulin,70cl / 56.5%,116.67,(£200 per litre),Islay,,https://www.thewhiskyexchange.com/p/63499/lagavulin-12-year-old-special-releases-2025,https://img.thewhiskyexchange.com/380/lgvob.12yov48.jpg?v=202407241,False,70.0,0.7,56.5,200.0,,False,116.67,116.67,166.67,39.55,2.95,Premium,0.0,No Discount,12.0,True,11–15,Standard (70cl),50%+,True
2025-12-29 22:14:25,Single Malt,85603,Mortlach 2013 / 12 Year Old / 100 Proof Edition #60 / Signatory,Mortlach,70cl / 57.1%,40.21,(£68.93 per litre),Speyside,,https://www.thewhiskyexchange.com/p/85603/mortlach-2013-12-year-old-100-proof-edition-60-signatory,https://img.thewhiskyexchange.com/380/mtlsig2013v1.jpg?v=202407241,False,70.0,0.7,57.1,68.93,,False,40.21,40.21,57.44,39.97,1.01,Premium,0.0,No Discount,12.0,True,11–15,Standard (70cl),50%+,True
2025-12-29 22:14:25,Single Malt,70570,Bunnahabhain 1998 / Manzanilla Cask / Feis Ile 2023,Bunnahabhain,70cl / 52.3%,340.83,(£584.29 per litre),Islay,,https://www.thewhiskyexchange.com/p/70570/bunnahabhain-1998-manzanilla-cask-feis-ile-2023,https://img.thewhiskyexchange.com/380/bunob.1998v1.jpg?v=202407241,False,70.0,0.7,52.3,584.29,,False,340.83,340.83,486.9,36.60999999999999,9.31,Luxury,0.0,No Discount,,False,,Standard (70cl),50%+,True
2025-12-29 22:14:25,Single Malt,4854,Talisker The Wild Blue,Talisker,70cl / 48.2%,64.38,(£110.36 per litre),Island,,https://www.thewhiskyexchange.com/p/4854/talisker-the-wild-blue,https://img.thewhiskyexchange.com/380/talob.non1.jpg?v=202407241,False,70.0,0.7,48.2,110.36,,False,64.38,64.38,91.97,33.74,1.91,Premium,0.0,No Discount,,False,,Standard (70cl),46–50%,False
2025-12-29 22:14:25,Single Malt,82228,Isle of Harris The Hearach Oloroso Cask,Isle of Harris,70cl / 46%,59.38,(£91.79 per litre),Island,Special Offer: £7 Off!,https://www.thewhiskyexchange.com/p/82228/isle-of-harris-the-hearach-oloroso-cask,https://img.thewhiskyexchange.com/380/harob.non2.jpg?v=202407241,False,70.0,0.7,46.0,91.79,7.0,True,66.38,66.38,94.83,32.199999999999996,2.06,Premium,10.55,Medium (10–20%),,False,,Standard (70cl),43–46%,False
2025-12-29 22:14:25,Single Malt,85581,Macallan The Harmony Collection Inspired by Phoenix Honey Orchid Tea,Macallan,70cl / 43.9%,126.67,(£217.14 per litre),Speyside,,https://www.thewhiskyexchange.com/p/85581/macallan-the-harmony-collection-inspired-by-phoenix-honey-orchid-tea,https://img.thewhiskyexchange.com/380/macob.non193.jpg?v=202407241,False,70.0,0.7,43.9,217.14,,False,126.67,126.67,180.96,30.729999999999997,4.12,Luxury,0.0,No Discount,,False,,Standard (70cl),43–46%,False
2025-12-29 22:14:25,Single Malt,5747,Bowmore 12 Year Old,Bowmore,70cl / 40%,33.75,(£57.86 per litre),Islay,,https://www.thewhiskyexchange.com/p/5747/bowmore-12-year-old,https://img.thewhiskyexchange.com/380/bowob.12yov10.jpg?v=202407241,False,70.0,0.7,40.0,57.86,,False,33.75,33.75,48.21,28.0,1.21,Budget,0.0,No Discount,12.0,True,11–15,Standard (70cl),≤40%,False
2025-12-29 22:14:25,Single Malt,4838,Talisker 10 Year Old / Small Bottle,Talisker,20cl / 45.8%,16.04,(£9.63 per 10cl),Island,,https://www.thewhiskyexchange.com/p/4838/talisker-10-year-old-small-bottle,https://img.thewhiskyexchange.com/380/talob.10yov1.jpg?v=202407241,False,20.0,0.2,45.8,96.3,,False,16.04,16.04,80.2,9.16,1.75,Budget,0.0,No Discount,10.0,True,≤10,Small (≤35cl),43–46%,False
2025-12-29 22:14:25,Single Malt,51201,Arran Quarter Cask,Arran,70cl / 56.2%,48.75,(£83.57 per litre),Island,,https://www.thewhiskyexchange.com/p/51201/arran-quarter-cask,https://img.thewhiskyexchange.com/380/arrob.non70.jpg?v=202407241,False,70.0,0.7,56.2,83.57,,False,48.75,48.75,69.64,39.339999999999996,1.24,Premium,0.0,No Discount,,False,,Standard (70cl),50%+,True
2025-12-29 22:14:25,Single Malt,86019,Bunnahabhain 21 Year Old Cask Strength / 2025 Release,Bunnahabhain,70cl / 53.1%,220.83,(£378.57 per litre),Islay,,https://www.thewhiskyexchange.com/p/86019/bunnahabhain-21-year-old-cask-strength-2025-release,https://img.thewhiskyexchange.com/380/bunob.21yov1.jpg?v=202407241,False,70.0,0.7,53.1,378.57,,False,220.83,220.83,315.47,37.17,5.94,Luxury,0.0,No Discount,21.0,True,19–25,Standard (70cl),50%+,True
2025-12-29 22:14:25,Single Malt,4958,Tomatin 12 Year Old / Sherry Cask,Tomatin,70cl / 40%,40.21,(£68.93 per litre),Highland,,https://www.thewhiskyexchange.com/p/4958/tomatin-12-year-old-sherry-cask,https://img.thewhiskyexchange.com/380/tomob.12yo.jpg?v=202407241,False,70.0,0.7,40.0,68.93,,False,40.21,40.21,57.44,28.0,1.44,Premium,0.0,No Discount,12.0,True,11–15,Standard (70cl),≤40%,False
2025-12-29 22:14:25,Single Malt,86548,Ben Nevis 2014 / 10 Year Old / Signatory 100 Proof Edition 63,Ben Nevis,70cl / 57.1%,39.12,(£67.07 per litre),Highland,,https://www.thewhiskyexchange.com/p/86548/ben-nevis-2014-10-year-old-signatory-100-proof-edition-63,https://img.thewhiskyexchange.com/380/bnvsig2014v3.jpg?v=202407241,False,70.0,0.7,57.1,67.07,,False,39.12,39.12,55.89,39.97,0.98,Budget,0.0,No Discount,10.0,True,≤10,Standard (70cl),50%+,True
2025-12-29 22:14:25,Single Malt,82900,Highland Park 15 Year Old / 2024 Relaunch,Highland Park,70cl / 44%,78.96,(£135.36 per litre),Island,,https://www.thewhiskyexchange.com/p/82900/highland-park-15-year-old-2024-relaunch,https://img.thewhiskyexchange.com/380/hlpob.15yov9.jpg?v=202407241,False,70.0,0.7,44.0,135.36,,False,78.96,78.96,112.8,30.799999999999997,2.56,Premium,0.0,No Discount,15.0,True,11–15,Standard (70cl),43–46%,False
2025-12-29 22:14:25,Single Malt,84178,Glenlossie 2012 /12 Year Old / 100 Proof Edition #35 / Signatory,Glenlossie,70cl / 57.1%,39.79,(£68.21 per litre),Speyside,,https://www.thewhiskyexchange.com/p/84178/glenlossie-2012-12-year-old-100-proof-edition-35-signatory,https://img.thewhiskyexchange.com/380/glosig2012.jpg?v=202407241,False,70.0,0.7,57.1,68.21,,False,39.79,39.79,56.84,39.97,1.0,Budget,0.0,No Discount,12.0,True,11–15,Standard (70cl),50%+,True
2025-12-29 22:14:29,Single Malt,11746,Bruichladdich Classic Laddie 10 Year Old / Small Bottle,Bruichladdich,20cl / 50%,16.62,(£9.98 per 10cl),Islay,,https://www.thewhiskyexchange.com/p/11746/bruichladdich-classic-laddie-10-year-old-small-bottle,https://img.thewhiskyexchange.com/380/bruob.10yov2.jpg?v=202407241,False,20.0,0.2,50.0,99.8,,False,16.62,16.62,83.1,10.0,1.66,Budget,0.0,No Discount,10.0,True,≤10,Small (≤35cl),46–50%,True
2025-12-29 22:14:29,Single Malt,11252,Edradour 10 Year Old / Small Bottle,Edradour,20cl / 40%,15.21,(£9.12 per 10cl),Highland,,https://www.thewhiskyexchange.com/p/11252/edradour-10-year-old-small-bottle,https://img.thewhiskyexchange.com/380/edrob.10yov12.jpg?v=202407241,False,20.0,0.2,40.0,91.2,,False,15.21,15.21,76.05,8.0,1.9,Budget,0.0,No Discount,10.0,True,≤10,Small (≤35cl),≤40%,False
2025-12-29 22:14:29,Single Malt,82608,Black Friday 2024 / Highland 16 Year Old (2008),Jura,70cl / 53.8%,62.46,(£92.79 per litre),Island,Special Offer: £10 Off!,https://www.thewhiskyexchange.com/p/82608/black-friday-2024-highland-16-year-old-2008,https://img.thewhiskyexchange.com/380/iojtwe2008.jpg?v=202407241,False,70.0,0.7,53.8,92.79,10.0,True,72.46000000000001,72.46000000000001,103.51,37.66,1.92,Premium,13.8,Medium (10–20%),16.0,True,16–18,Standard (70cl),50%+,True
2025-12-29 22:14:29,Single Malt,80855,Bunnahabhain 1999 / 23 Year Old / Triple Sherry Wood Feis Isle 2024,Bunnahabhain,70cl / 53.3%,330.0,(£408.57 per litre),Islay,Special Offer: £110 Off!,https://www.thewhiskyexchange.com/p/80855/bunnahabhain-1999-23-year-old-triple-sherry-wood-feis-isle-2024,https://img.thewhiskyexchange.com/380/bunob.1999.jpg?v=202407241,False,70.0,0.7,53.3,408.57,110.0,True,440.0,440.0,628.57,37.309999999999995,11.79,Luxury,25.0,High (20–40%),23.0,True,19–25,Standard (70cl),50%+,True
2025-12-29 22:14:29,Single Malt,33704,Tomatin 12 Year Old / Bourbon & Sherry Casks,Tomatin,70cl / 43%,34.12,(£58.50 per litre),Highland,,https://www.thewhiskyexchange.com/p/33704/tomatin-12-year-old-bourbon-sherry-casks,https://img.thewhiskyexchange.com/380/tomob.12yov3.jpg?v=202407241,False,70.0,0.7,43.0,58.5,,False,34.12,34.12,48.74,30.099999999999998,1.13,Budget,0.0,No Discount,12.0,True,11–15,Standard (70cl),40–43%,False
2025-12-29 22:14:29,Single Malt,86128,Cu Bocan Creation 7 / Pineau Rouge & American Virgin Oak,Cu Bocan,70cl / 46%,35.42,(£60.71 per litre),Highland,,https://www.thewhiskyexchange.com/p/86128/cu-bocan-creation-7-pineau-rouge-american-virgin-oak,https://img.thewhiskyexchange.com/380/cubob.non8.jpg?v=202407241,False,70.0,0.7,46.0,60.71,,False,35.42,35.42,50.6,32.199999999999996,1.1,Budget,0.0,No Discount,,False,,Standard (70cl),43–46%,False
2025-12-29 22:14:29,Single Malt,7936,Auchentoshan 12 Year Old,Auchentoshan,70cl / 40%,28.75,(£49.29 per litre),Lowland,,https://www.thewhiskyexchange.com/p/7936/auchentoshan-12-year-old,https://img.thewhiskyexchange.com/380/aucob.12yov6.jpg?v=202407241,False,70.0,0.7,40.0,49.29,,False,28.75,28.75,41.07,28.0,1.03,Budget,0.0,No Discount,12.0,True,11–15,Standard (70cl),≤40%,False
2025-12-29 22:14:29,Single Malt,39311,Macallan Classic Cut 2024 Release,Macallan,70cl / 52.4%,104.17,(£178.57 per litre),Speyside,,https://www.thewhiskyexchange.com/p/39311/macallan-classic-cut-2024-release,https://img.thewhiskyexchange.com/380/macob.non120.jpg?v=202407241,False,70.0,0.7,52.4,178.57,,False,104.17,104.17,148.81,36.68,2.84,Premium,0.0,No Discount,,False,,Standard (70cl),50%+,True
2025-12-29 22:14:29,Single Malt,85671,Octomore Edition 16.1 / 5 Year Old / Bourbon Cask / Scottish Barley,Octomore,70cl / 59.3%,116.67,(£200 per litre),Islay,,https://www.thewhiskyexchange.com/p/85671/octomore-edition-161-5-year-old-bourbon-cask-scottish-barley,https://img.thewhiskyexchange.com/380/octob.05yov33.jpg?v=202407241,False,70.0,0.7,59.3,200.0,,False,116.67,116.67,166.67,41.51,2.81,Premium,0.0,No Discount,5.0,True,≤10,Standard (70cl),50%+,True
2025-12-29 22:14:29,Single Malt,16252,MacDonald's Traditional Ben Nevis,Ben Nevis,70cl / 46%,42.29,(£72.50 per litre),Highland,,https://www.thewhiskyexchange.com/p/16252/macdonalds-traditional-ben-nevis,https://img.thewhiskyexchange.com/380/bnvob.non2.jpg?v=202407241,False,70.0,0.7,46.0,72.5,,False,42.29,42.29,60.41,32.199999999999996,1.31,Premium,0.0,No Discount,,False,,Standard (70cl),43–46%,False
2025-12-29 22:14:29,Single Malt,68622,Talisker 11 Year Old / Special Releases 2022,Talisker,70cl / 55.1%,87.5,(£150 per litre),Island,,https://www.thewhiskyexchange.com/p/68622/talisker-11-year-old-special-releases-2022,https://img.thewhiskyexchange.com/380/talob.11yo.jpg?v=202407241,False,70.0,0.7,55.1,150.0,,False,87.5,87.5,125.0,38.57,2.27,Premium,0.0,No Discount,11.0,True,11–15,Standard (70cl),50%+,True
2025-12-29 22:14:29,Single Malt,68157,Balvenie 17 Year Old / Week of Peat,Balvenie,70cl / 49.4%,95.83,(£164.29 per litre),Speyside,,https://www.thewhiskyexchange.com/p/68157/balvenie-17-year-old-week-of-peat,https://img.thewhiskyexchange.com/380/balob.17yov22.jpg?v=202407241,False,70.0,0.7,49.4,164.29,,False,95.83,95.83,136.9,34.58,2.77,Premium,0.0,No Discount,17.0,True,16–18,Standard (70cl),46–50%,False
2025-12-29 22:14:29,Single Malt,19204,Talisker Storm,Talisker,70cl / 45.8%,44.79,(£76.79 per litre),Island,,https://www.thewhiskyexchange.com/p/19204/talisker-storm,https://img.thewhiskyexchange.com/380/talob.non7.jpg?v=202407241,False,70.0,0.7,45.8,76.79,,False,44.79,44.79,63.99,32.059999999999995,1.4,Premium,0.0,No Discount,,False,,Standard (70cl),43–46%,False
2025-12-29 22:14:29,Single Malt,82970,Ardnahoe Infinite Loch,Ardnahoe,70cl / 50%,47.92,(£82.14 per litre),Islay,,https://www.thewhiskyexchange.com/p/82970/ardnahoe-infinite-loch,https://img.thewhiskyexchange.com/380/anhob.non1.jpg?v=202407241,False,70.0,0.7,50.0,82.14,,False,47.92,47.92,68.46,35.0,1.37,Premium,0.0,No Discount,,False,,Standard (70cl),46–50%,True
2025-12-29 22:14:29,Single Malt,45301,Mortlach 20 Year Old / Cowie's Blue Seal,Mortlach,70cl / 43.4%,207.5,(£284.29 per litre),Speyside,Clearance Offer: £50 Off!,https://www.thewhiskyexchange.com/p/45301/mortlach-20-year-old-cowies-blue-seal,https://img.thewhiskyexchange.com/380/mtlob.20yo.jpg?v=202407241,False,70.0,0.7,43.4,284.29,50.0,True,257.5,257.5,367.86,30.379999999999995,8.48,Luxury,19.42,Medium (10–20%),20.0,True,19–25,Standard (70cl),43–46%,False
2025-12-29 22:14:29,Single Malt,40978,Aberfeldy 12 Year Old / The Golden Dram,Aberfeldy,70cl / 40%,38.75,(£66.43 per litre),Highland,,https://www.thewhiskyexchange.com/p/40978/aberfeldy-12-year-old-the-golden-dram,https://img.thewhiskyexchange.com/380/abfob.12yov4.jpg?v=202407241,False,70.0,0.7,40.0,66.43,,False,38.75,38.75,55.36,28.0,1.38,Budget,0.0,No Discount,12.0,True,11–15,Standard (70cl),≤40%,False
2025-12-29 22:14:29,Single Malt,82049,Bowmore 12 Year Old / Sherry Oak,Bowmore,70cl / 40%,46.62,(£79.93 per litre),Islay,,https://www.thewhiskyexchange.com/p/82049/bowmore-12-year-old-sherry-oak,https://img.thewhiskyexchange.com/380/bowob.12yov41.jpg?v=202407241,False,70.0,0.7,40.0,79.93,,False,46.62,46.62,66.6,28.0,1.66,Premium,0.0,No Discount,12.0,True,11–15,Standard (70cl),≤40%,False
2025-12-29 22:14:29,Single Malt,83922,Whitlaw 2013 / 11 Year Old / PX Finish / Signatory for The Whisky Exchange,Highland Park,70cl / 58%,70.79,(£121.36 per litre),Island,,https://www.thewhiskyexchange.com/p/83922/whitlaw-2013-11-year-old-px-finish-signatory-for-the-whisky-exchange,https://img.thewhiskyexchange.com/380/hlpsig2013v1.jpg?v=202407241,False,70.0,0.7,58.0,121.36,,False,70.79,70.79,101.13,40.599999999999994,1.74,Premium,0.0,No Discount,11.0,True,11–15,Standard (70cl),50%+,True
2025-12-29 22:14:29,Single Malt,2133,Glengoyne 10 Year Old,Glengoyne,70cl / 40%,33.29,(£57.07 per litre),Highland,,https://www.thewhiskyexchange.com/p/2133/glengoyne-10-year-old,https://img.thewhiskyexchange.com/380/ggoob.10yov1.jpg?v=202407241,False,70.0,0.7,40.0,57.07,,False,33.29,33.29,47.56,28.0,1.19,Budget,0.0,No Discount,10.0,True,≤10,Standard (70cl),≤40%,False
2025-12-29 22:14:29,Single Malt,79557,Knockando 21 Year Old Master Reserve / Glass Pack,Knockando,70cl / 43%,100.0,(£171.43 per litre),Speyside,,https://www.thewhiskyexchange.com/p/79557/knockando-21-year-old-master-reserve-glass-pack,https://img.thewhiskyexchange.com/380/kadob.21yov1.jpg?v=202407241,False,70.0,0.7,43.0,171.43,,False,100.0,100.0,142.86,30.099999999999998,3.32,Premium,0.0,No Discount,21.0,True,19–25,Standard (70cl),40–43%,False
2025-12-29 22:14:29,Single Malt,81531,Balvenie 2009 / 14 Year Old / Bourbon Barrel / A Collection of Curious Casks,Balvenie,70cl / 47.8%,72.92,(£125 per litre),Speyside,,https://www.thewhiskyexchange.com/p/81531/balvenie-2009-14-year-old-bourbon-barrel-a-collection-of-curious-casks,https://img.thewhiskyexchange.com/380/balob.2009.jpg?v=202407241,False,70.0,0.7,47.8,125.0,,False,72.92,72.92,104.17,33.459999999999994,2.18,Premium,0.0,No Discount,14.0,True,11–15,Standard (70cl),46–50%,False
2025-12-29 22:14:29,Single Malt,85813,Glenturret Triple Wood / 2025 Release,Glenturret,70cl / 45%,49.12,(£84.21 per litre),Highland,,https://www.thewhiskyexchange.com/p/85813/glenturret-triple-wood-2025-release,https://img.thewhiskyexchange.com/380/gtuob.non13.jpg?v=202407241,False,70.0,0.7,45.0,84.21,,False,49.12,49.12,70.17,31.499999999999996,1.56,Premium,0.0,No Discount,,False,,Standard (70cl),43–46%,False
2025-12-29 22:14:29,Single Malt,83918,Macallan 1998 / 26 Year Old / Cask #21603913 / Speymalt / Gordon & MacPhail,Macallan,70cl / 52.8%,379.17,(£650 per litre),Speyside,,https://www.thewhiskyexchange.com/p/83918/macallan-1998-26-year-old-cask-21603913-speymalt-gordon-macphail,https://img.thewhiskyexchange.com/380/macg!m1998v3.jpg?v=202407241,False,70.0,0.7,52.8,650.0,,False,379.17,379.17,541.67,36.959999999999994,10.26,Luxury,0.0,No Discount,26.0,True,25+,Standard (70cl),50%+,True
2025-12-29 22:14:29,Single Malt,28323,Glenlivet Founder's Reserve,Glenlivet,70cl / 40%,31.46,(£53.93 per litre),Speyside,,https://www.thewhiskyexchange.com/p/28323/glenlivet-founders-reserve,https://img.thewhiskyexchange.com/380/glvob.non11.jpg?v=202407241,False,70.0,0.7,40.0,53.93,,False,31.46,31.46,44.94,28.0,1.12,Budget,0.0,No Discount,,False,,Standard (70cl),≤40%,False
2025-12-29 22:14:34,Single Malt,72522,Glendronach Ode to the Valley,Glendronach,70cl / 46.2%,48.54,(£83.21 per litre),Highland,,https://www.thewhiskyexchange.com/p/72522/glendronach-ode-to-the-valley,https://img.thewhiskyexchange.com/380/grnob.non19.jpg?v=202407241,False,70.0,0.7,46.2,83.21,,False,48.54,48.54,69.34,32.34,1.5,Premium,0.0,No Discount,,False,,Standard (70cl),46–50%,False
2025-12-29 22:14:34,Single Malt,85799,Macallan Rare Cask / 2024 Release,Macallan,70cl / 43%,250.0,(£428.57 per litre),Speyside,,https://www.thewhiskyexchange.com/p/85799/macallan-rare-cask-2024-release,https://img.thewhiskyexchange.com/380/macob.non194.jpg?v=202407241,False,70.0,0.7,43.0,428.57,,False,250.0,250.0,357.14,30.099999999999998,8.31,Luxury,0.0,No Discount,,False,,Standard (70cl),40–43%,False
2025-12-29 22:14:34,Single Malt,70793,Dalwhinnie Distillers Edition,Dalwhinnie,70cl / 43%,64.58,(£110.71 per litre),Speyside,,https://www.thewhiskyexchange.com/p/70793/dalwhinnie-distillers-edition,https://img.thewhiskyexchange.com/380/dalob.non4.jpg?v=202407241,False,70.0,0.7,43.0,110.71,,False,64.58,64.58,92.26,30.099999999999998,2.15,Premium,0.0,No Discount,,False,,Standard (70cl),40–43%,False
2025-12-29 22:14:34,Single Malt,82856,Glenburgie 1996 / 28 Year Old / Connoisseurs Choice for The Whisky Exchange,Glenburgie,70cl / 54.8%,229.17,(£392.86 per litre),Speyside,,https://www.thewhiskyexchange.com/p/82856/glenburgie-1996-28-year-old-connoisseurs-choice-for-the-whisky-exchange,https://img.thewhiskyexchange.com/380/gbgcc.1996.jpg?v=202407241,False,70.0,0.7,54.8,392.86,,False,229.17,229.17,327.39,38.35999999999999,5.97,Luxury,0.0,No Discount,28.0,True,25+,Standard (70cl),50%+,True
2025-12-29 22:14:34,Single Malt,73229,Inchgower 14 Year Old / Flora & Fauna,Inchgower,70cl / 43%,49.79,(£85.36 per litre),Speyside,,https://www.thewhiskyexchange.com/p/73229/inchgower-14-year-old-flora-fauna,https://img.thewhiskyexchange.com/380/ingob.14yo.jpg?v=202407241,False,70.0,0.7,43.0,85.36,,False,49.79,49.79,71.13,30.099999999999998,1.65,Premium,0.0,No Discount,14.0,True,11–15,Standard (70cl),40–43%,False
2025-12-29 22:14:34,Single Malt,85778,Lochlea Dark Briar / Single Estate Collection,Lochlea,70cl / 46%,40.79,(£69.93 per litre),Lowland,,https://www.thewhiskyexchange.com/p/85778/lochlea-dark-briar-single-estate-collection,https://img.thewhiskyexchange.com/380/lolob.non18.jpg?v=202407241,False,70.0,0.7,46.0,69.93,,False,40.79,40.79,58.27,32.199999999999996,1.27,Premium,0.0,No Discount,,False,,Standard (70cl),43–46%,False
2025-12-29 22:14:34,Single Malt,81587,Speyside (M) 2005 / 18 Year Old / Signatory for Whisky Show 2024,Macallan,70cl / 61.2%,195.83,(£335.71 per litre),Speyside,,https://www.thewhiskyexchange.com/p/81587/speyside-m-2005-18-year-old-signatory-for-whisky-show-2024,https://img.thewhiskyexchange.com/380/macsig2005v4.jpg?v=202407241,False,70.0,0.7,61.2,335.71,,False,195.83,195.83,279.76,42.839999999999996,4.57,Luxury,0.0,No Discount,18.0,True,16–18,Standard (70cl),50%+,True
2025-12-29 22:14:34,Single Malt,61863,Lagavulin 2008 / 12 Year Old / Special Releases 2021,Lagavulin,70cl / 56.5%,106.67,(£182.86 per litre),Islay,,https://www.thewhiskyexchange.com/p/61863/lagavulin-2008-12-year-old-special-releases-2021,https://img.thewhiskyexchange.com/380/lgvob.12yov47.jpg?v=202407241,False,70.0,0.7,56.5,182.86,,False,106.67,106.67,152.39,39.55,2.7,Premium,0.0,No Discount,12.0,True,11–15,Standard (70cl),50%+,True
2025-12-29 22:14:34,Single Malt,85598,Glenrothes 2015 / 10 Year Old / 100 Proof Edition #50 / Signatory,Glenrothes,70cl / 57.1%,38.75,(£66.43 per litre),Speyside,,https://www.thewhiskyexchange.com/p/85598/glenrothes-2015-10-year-old-100-proof-edition-50-signatory,https://img.thewhiskyexchange.com/380/grssig2015v1.jpg?v=202407241,False,70.0,0.7,57.1,66.43,,False,38.75,38.75,55.36,39.97,0.97,Budget,0.0,No Discount,10.0,True,≤10,Standard (70cl),50%+,True
2025-12-29 22:14:34,Single Malt,68806,Glen Grant 2000 / 22 Year Old / Sherry Finish /Signatory for The Whisky Exchange,Glen Grant,70cl / 57.1%,215.0,(£368.57 per litre),Speyside,,https://www.thewhiskyexchange.com/p/68806/glen-grant-2000-22-year-old-sherry-finish-signatory-for-the-whisky-exchange,https://img.thewhiskyexchange.com/380/ggtsig2000.jpg?v=202407241,False,70.0,0.7,57.1,368.57,,False,215.0,215.0,307.14,39.97,5.38,Luxury,0.0,No Discount,22.0,True,19–25,Standard (70cl),50%+,True
2025-12-29 22:14:34,Single Malt,3414,Laphroaig Quarter Cask,Laphroaig,70cl / 48%,39.96,(£68.50 per litre),Islay,,https://www.thewhiskyexchange.com/p/3414/laphroaig-quarter-cask,https://img.thewhiskyexchange.com/380/lrgob.non1.jpg?v=202407241,False,70.0,0.7,48.0,68.5,,False,39.96,39.96,57.09,33.599999999999994,1.19,Budget,0.0,No Discount,,False,,Standard (70cl),46–50%,False
2025-12-29 22:14:34,Single Malt,83210,Glendronach Ode to the Embers,Glendronach,70cl / 48.4%,50.62,(£81.79 per litre),Highland,Special Offer: £3.50 Off!,https://www.thewhiskyexchange.com/p/83210/glendronach-ode-to-the-embers,https://img.thewhiskyexchange.com/380/grnob.non21.jpg?v=202407241,False,70.0,0.7,48.4,81.79,3.5,True,54.12,54.12,77.31,33.879999999999995,1.6,Premium,6.47,Low (≤10%),,False,,Standard (70cl),46–50%,False
2025-12-29 22:14:34,Single Malt,56102,Benriach The Smoky Ten / 10 Year Old,Benriach,70cl / 46%,36.04,(£54.64 per litre),Speyside,Special Offer: £5 Off!,https://www.thewhiskyexchange.com/p/56102/benriach-the-smoky-ten-10-year-old,https://img.thewhiskyexchange.com/380/bnrob.10yov9.jpg?v=202407241,False,70.0,0.7,46.0,54.64,5.0,True,41.04,41.04,58.63,32.199999999999996,1.27,Premium,12.18,Medium (10–20%),10.0,True,≤10,Standard (70cl),43–46%,False
2025-12-29 22:14:34,Single Malt,83051,Glenrothes 15 Year Old,Glenrothes,70cl / 43%,80.62,(£138.21 per litre),Speyside,,https://www.thewhiskyexchange.com/p/83051/glenrothes-15-year-old,https://img.thewhiskyexchange.com/380/grsob.15yo.jpg?v=202407241,False,70.0,0.7,43.0,138.21,,False,80.62,80.62,115.17,30.099999999999998,2.68,Premium,0.0,No Discount,15.0,True,11–15,Standard (70cl),40–43%,False
2025-12-29 22:14:34,Single Malt,10832,Glen Garioch Founder's Reserve,Glen Garioch,70cl / 48%,31.04,(£53.21 per litre),Highland,,https://www.thewhiskyexchange.com/p/10832/glen-garioch-founders-reserve,https://img.thewhiskyexchange.com/380/ggrob.non1.jpg?v=202407241,False,70.0,0.7,48.0,53.21,,False,31.04,31.04,44.34,33.599999999999994,0.92,Budget,0.0,No Discount,,False,,Standard (70cl),46–50%,False
2025-12-29 22:14:34,Single Malt,68486,Personalised 16 Year Old Highland Scotch Whisky,Highland Park,70cl / 53%,100.0,(£171.43 per litre),Island,,https://www.thewhiskyexchange.com/p/68486/personalised-16-year-old-highland-scotch-whisky,https://img.thewhiskyexchange.com/380/malts_twe16yo.jpg?v=202407241,False,70.0,0.7,53.0,171.43,,False,100.0,100.0,142.86,37.099999999999994,2.7,Premium,0.0,No Discount,16.0,True,16–18,Standard (70cl),50%+,True
2025-12-29 22:14:34,Single Malt,33703,Tomatin 14 Year Old / Tawny Port Finish,Tomatin,70cl / 46%,57.46,(£98.50 per litre),Highland,,https://www.thewhiskyexchange.com/p/33703/tomatin-14-year-old-tawny-port-finish,https://img.thewhiskyexchange.com/380/tomob.14yov1.jpg?v=202407241,False,70.0,0.7,46.0,98.5,,False,57.46,57.46,82.09,32.199999999999996,1.78,Premium,0.0,No Discount,14.0,True,11–15,Standard (70cl),43–46%,False
2025-12-29 22:14:34,Single Malt,81665,Glenmorangie 12 Year Old The Original / Gift Box,Glenmorangie,70cl / 40%,33.75,(£57.86 per litre),Highland,,https://www.thewhiskyexchange.com/p/81665/glenmorangie-12-year-old-the-original-gift-box,https://img.thewhiskyexchange.com/380/gmgob.12yov22.jpg?v=202407241,False,70.0,0.7,40.0,57.86,,False,33.75,33.75,48.21,28.0,1.21,Budget,0.0,No Discount,12.0,True,11–15,Standard (70cl),≤40%,False
2025-12-29 22:14:34,Single Malt,71874,Glenglassaugh 12 Year Old,Glenglassaugh,70cl / 45%,41.25,(£70.71 per litre),Highland,,https://www.thewhiskyexchange.com/p/71874/glenglassaugh-12-year-old,https://img.thewhiskyexchange.com/380/ggsob.12yov3.jpg?v=202407241,False,70.0,0.7,45.0,70.71,,False,41.25,41.25,58.93,31.499999999999996,1.31,Premium,0.0,No Discount,12.0,True,11–15,Standard (70cl),43–46%,False
2025-12-29 22:14:34,Single Malt,84533,Inchdairnie Kinglassie Double Matured 2017 / 8 Year Old,Inchdairnie,70cl / 46.3%,62.46,(£99.93 per litre),Lowland,Special Offer: £5 Off!,https://www.thewhiskyexchange.com/p/84533/inchdairnie-kinglassie-double-matured-2017-8-year-old,https://img.thewhiskyexchange.com/380/incob.2017.jpg?v=202407241,False,70.0,0.7,46.3,99.93,5.0,True,67.46000000000001,67.46000000000001,96.37,32.41,2.08,Premium,7.41,Low (≤10%),8.0,True,≤10,Standard (70cl),46–50%,False
2025-12-29 22:14:34,Single Malt,66295,Glenfiddich Orchard Experiment / Experimental Series #05,Glenfiddich,70cl / 43%,39.58,(£67.86 per litre),Speyside,,https://www.thewhiskyexchange.com/p/66295/glenfiddich-orchard-experiment-experimental-series-05,https://img.thewhiskyexchange.com/380/gfdob.non80.jpg?v=202407241,False,70.0,0.7,43.0,67.86,,False,39.58,39.58,56.54,30.099999999999998,1.31,Budget,0.0,No Discount,,False,,Standard (70cl),40–43%,False
2025-12-29 22:14:34,Single Malt,85906,Dailuaine 2015 / 10 Year Old / James Eadie,Dailuaine,70cl / 48.3%,36.62,(£62.79 per litre),Speyside,,https://www.thewhiskyexchange.com/p/85906/dailuaine-2015-10-year-old-james-eadie,https://img.thewhiskyexchange.com/380/dlnead2015.jpg?v=202407241,False,70.0,0.7,48.3,62.79,,False,36.62,36.62,52.31,33.809999999999995,1.08,Budget,0.0,No Discount,10.0,True,≤10,Standard (70cl),46–50%,False
2025-12-29 22:14:34,Single Malt,85777,Lochlea Orchard and Oak / Single Estate Collection,Lochlea,70cl / 46%,40.79,(£69.93 per litre),Lowland,,https://www.thewhiskyexchange.com/p/85777/lochlea-orchard-and-oak-single-estate-collection,https://img.thewhiskyexchange.com/380/lolob.non17.jpg?v=202407241,False,70.0,0.7,46.0,69.93,,False,40.79,40.79,58.27,32.199999999999996,1.27,Premium,0.0,No Discount,,False,,Standard (70cl),43–46%,False
2025-12-29 22:14:34,Single Malt,63067,Highland Park 15 Year Old / Viking Heart,Highland Park,70cl / 44%,74.96,(£128.50 per litre),Island,,https://www.thewhiskyexchange.com/p/63067/highland-park-15-year-old-viking-heart,https://img.thewhiskyexchange.com/380/hlpob.15yov7.jpg?v=202407241,False,70.0,0.7,44.0,128.5,,False,74.96,74.96,107.09,30.799999999999997,2.43,Premium,0.0,No Discount,15.0,True,11–15,Standard (70cl),43–46%,False
2025-12-29 22:14:38,Single Malt,16932,Glenglassaugh Revival,Glenglassaugh,70cl / 46%,33.75,(£57.86 per litre),Highland,,https://www.thewhiskyexchange.com/p/16932/glenglassaugh-revival,https://img.thewhiskyexchange.com/380/ggsob.non7.jpg?v=202407241,False,70.0,0.7,46.0,57.86,,False,33.75,33.75,48.21,32.199999999999996,1.05,Budget,0.0,No Discount,,False,,Standard (70cl),43–46%,False
2025-12-29 22:14:38,Single Malt,85601,Macduff 2011 / 13 Year Old / 100 Proof Edition #55 / Signatory,Macduff,70cl / 57.1%,38.75,(£66.43 per litre),Highland,,https://www.thewhiskyexchange.com/p/85601/macduff-2011-13-year-old-100-proof-edition-55-signatory,https://img.thewhiskyexchange.com/380/mdfsig2011.jpg?v=202407241,False,70.0,0.7,57.1,66.43,,False,38.75,38.75,55.36,39.97,0.97,Budget,0.0,No Discount,13.0,True,11–15,Standard (70cl),50%+,True
2025-12-29 22:14:38,Single Malt,85288,Benrinnes 2012 / 13 Year Old / 100 Proof Edition 56 / Signatory,Benrinnes,70cl / 57.1%,40.42,(£69.29 per litre),Speyside,,https://www.thewhiskyexchange.com/p/85288/benrinnes-2012-13-year-old-100-proof-edition-56-signatory,https://img.thewhiskyexchange.com/380/brnsig2012v2.jpg?v=202407241,False,70.0,0.7,57.1,69.29,,False,40.42,40.42,57.74,39.97,1.01,Premium,0.0,No Discount,13.0,True,11–15,Standard (70cl),50%+,True
2025-12-29 22:14:38,Single Malt,86610,Kilchoman Machir Bay Cask Strength / 2025 Edition,Kilchoman,70cl / 58.1%,49.96,(£85.64 per litre),Islay,,https://www.thewhiskyexchange.com/p/86610/kilchoman-machir-bay-cask-strength-2025-edition,https://img.thewhiskyexchange.com/380/kilob.non62.jpg?v=202407241,False,70.0,0.7,58.1,85.64,,False,49.96,49.96,71.37,40.67,1.23,Premium,0.0,No Discount,,False,,Standard (70cl),50%+,True
2025-12-29 22:14:38,Single Malt,85176,Ardnamurchan The Midgie / 2025 Release,Ardnamurchan,70cl / 48%,42.46,(£72.79 per litre),Highland,,https://www.thewhiskyexchange.com/p/85176/ardnamurchan-the-midgie-2025-release,https://img.thewhiskyexchange.com/380/amcob.non27.jpg?v=202407241,False,70.0,0.7,48.0,72.79,,False,42.46,42.46,60.66,33.599999999999994,1.26,Premium,0.0,No Discount,,False,,Standard (70cl),46–50%,False
2025-12-29 22:14:38,Single Malt,30154,Glen Scotia 15 Year Old,Glen Scotia,70cl / 46%,60.42,(£103.57 per litre),Campbeltown,,https://www.thewhiskyexchange.com/p/30154/glen-scotia-15-year-old,https://img.thewhiskyexchange.com/380/gstob.15yov1.jpg?v=202407241,False,70.0,0.7,46.0,103.57,,False,60.42,60.42,86.31,32.199999999999996,1.88,Premium,0.0,No Discount,15.0,True,11–15,Standard (70cl),43–46%,False
2025-12-29 22:14:38,Single Malt,84309,Ardnahoe Bholsa,Ardnahoe,70cl / 50%,50.42,(£86.43 per litre),Islay,,https://www.thewhiskyexchange.com/p/84309/ardnahoe-bholsa,https://img.thewhiskyexchange.com/380/anhob.non2.jpg?v=202407241,False,70.0,0.7,50.0,86.43,,False,50.42,50.42,72.03,35.0,1.44,Premium,0.0,No Discount,,False,,Standard (70cl),46–50%,True
2025-12-29 22:14:38,Single Malt,82897,Fettercairn 16 Year Old,Fettercairn,70cl / 46.4%,71.62,(£122.79 per litre),Highland,,https://www.thewhiskyexchange.com/p/82897/fettercairn-16-year-old,https://img.thewhiskyexchange.com/380/ofcob.16yov5.jpg?v=202407241,False,70.0,0.7,46.4,122.79,,False,71.62,71.62,102.31,32.48,2.21,Premium,0.0,No Discount,16.0,True,16–18,Standard (70cl),46–50%,False
2025-12-29 22:14:38,Single Malt,85680,Singleton of Glen Ord 17 Year Old / Special Releases 2025,Glen Ord,70cl / 55.5%,133.33,(£228.57 per litre),Highland,,https://www.thewhiskyexchange.com/p/85680/singleton-of-glen-ord-17-year-old-special-releases-2025,https://img.thewhiskyexchange.com/380/godob.17yo.jpg?v=202407241,False,70.0,0.7,55.5,228.57,,False,133.33,133.33,190.47,38.849999999999994,3.43,Luxury,0.0,No Discount,17.0,True,16–18,Standard (70cl),50%+,True
2025-12-29 22:14:38,Single Malt,80994,Isle of Raasay Single Malt Cask Strength / 2024 Release,Isle of Raasay,70cl / 61.6%,54.79,(£93.93 per litre),Island,,https://www.thewhiskyexchange.com/p/80994/isle-of-raasay-single-malt-cask-strength-2024-release,https://img.thewhiskyexchange.com/380/raaob.non14.jpg?v=202407241,False,70.0,0.7,61.6,93.93,,False,54.79,54.79,78.27,43.12,1.27,Premium,0.0,No Discount,,False,,Standard (70cl),50%+,True
2025-12-29 22:14:38,Single Malt,85616,Dailuaine 21 Year Old / Special Releases 2025,Dailuaine,70cl / 54.3%,279.17,(£478.57 per litre),Speyside,,https://www.thewhiskyexchange.com/p/85616/dailuaine-21-year-old-special-releases-2025,https://img.thewhiskyexchange.com/380/dlnob.21yo.jpg?v=202407241,False,70.0,0.7,54.3,478.57,,False,279.17,279.17,398.81,38.01,7.34,Luxury,0.0,No Discount,21.0,True,19–25,Standard (70cl),50%+,True
2025-12-29 22:14:38,Single Malt,2516,Glenmorangie Signet,Glenmorangie,70cl / 46%,166.67,(£285.71 per litre),Highland,,https://www.thewhiskyexchange.com/p/2516/glenmorangie-signet,https://img.thewhiskyexchange.com/380/gmgob.non4.jpg?v=202407241,False,70.0,0.7,46.0,285.71,,False,166.67,166.67,238.1,32.199999999999996,5.18,Luxury,0.0,No Discount,,False,,Standard (70cl),43–46%,False
2025-12-29 22:14:38,Single Malt,2036,Glenfarclas 12 Year Old,Glenfarclas,70cl / 43%,48.75,(£83.57 per litre),Speyside,,https://www.thewhiskyexchange.com/p/2036/glenfarclas-12-year-old,https://img.thewhiskyexchange.com/380/gfcob.12yov1.jpg?v=202407241,False,70.0,0.7,43.0,83.57,,False,48.75,48.75,69.64,30.099999999999998,1.62,Premium,0.0,No Discount,12.0,True,11–15,Standard (70cl),40–43%,False
2025-12-29 22:14:38,Single Malt,86552,Orkney (HP) 2005 / 20 Year Old /  Cask #DRU17/A63 #2 / Signatory,Highland Park,70cl / 55.2%,120.83,(£207.14 per litre),Island,,https://www.thewhiskyexchange.com/p/86552/orkney-hp-2005-20-year-old-cask-dru17a63-2-signatory,https://img.thewhiskyexchange.com/380/hlpsig2005v10.jpg?v=202407241,False,70.0,0.7,55.2,207.14,,False,120.83,120.83,172.61,38.64,3.13,Luxury,0.0,No Discount,20.0,True,19–25,Standard (70cl),50%+,True
2025-12-29 22:14:38,Single Malt,82901,Highland Park 18 Year Old,Highland Park,70cl / 43%,114.17,(£195.71 per litre),Island,Special Offer: Free Highland Park Water Jug,https://www.thewhiskyexchange.com/p/82901/highland-park-18-year-old,https://img.thewhiskyexchange.com/380/hlpob.18yov16.jpg?v=202407241,False,70.0,0.7,43.0,195.71,,False,114.17,114.17,163.1,30.099999999999998,3.79,Premium,0.0,No Discount,18.0,True,16–18,Standard (70cl),40–43%,False
2025-12-29 22:14:38,Single Malt,72934,Smokehead Twisted Stout,Smokehead,70cl / 43%,37.46,(£64.21 per litre),Highland,,https://www.thewhiskyexchange.com/p/72934/smokehead-twisted-stout,https://img.thewhiskyexchange.com/380/malts_smo7.jpg?v=202407241,False,70.0,0.7,43.0,64.21,,False,37.46,37.46,53.51,30.099999999999998,1.24,Budget,0.0,No Discount,,False,,Standard (70cl),40–43%,False
2025-12-29 22:14:38,Single Malt,86151,Edradour 2003 / 22 Year Old / Amarone Cask / 200th Anniversary,Edradour,70cl / 50.8%,195.0,(£334.29 per litre),Highland,,https://www.thewhiskyexchange.com/p/86151/edradour-2003-22-year-old-amarone-cask-200th-anniversary,https://img.thewhiskyexchange.com/380/edrob.2003v26.jpg?v=202407241,False,70.0,0.7,50.8,334.29,,False,195.0,195.0,278.57,35.559999999999995,5.48,Luxury,0.0,No Discount,22.0,True,19–25,Standard (70cl),50%+,True
2025-12-29 22:14:38,Single Malt,69328,Talisker Distillers Edition,Talisker,70cl / 45.8%,62.46,(£107.07 per litre),Island,,https://www.thewhiskyexchange.com/p/69328/talisker-distillers-edition,https://img.thewhiskyexchange.com/380/talob.non22.jpg?v=202407241,False,70.0,0.7,45.8,107.07,,False,62.46,62.46,89.23,32.059999999999995,1.95,Premium,0.0,No Discount,,False,,Standard (70cl),43–46%,False
2025-12-29 22:14:38,Single Malt,86344,Bruichladdich 2001 / 22 Year Old / Sauternes Cask / Artful Dodger,Bruichladdich,50cl / 54.4%,122.5,(£294 per litre),Islay,,https://www.thewhiskyexchange.com/p/86344/bruichladdich-2001-22-year-old-sauternes-cask-artful-dodger,https://img.thewhiskyexchange.com/380/bruart2001.jpg?v=202407241,False,50.0,0.5,54.4,294.0,,False,122.5,122.5,245.0,27.2,4.5,Luxury,0.0,No Discount,22.0,True,19–25,Standard (70cl),50%+,True
2025-12-29 22:14:38,Single Malt,1629,Caol Ila Moch,Caol Ila,70cl / 43%,53.29,(£91.36 per litre),Islay,,https://www.thewhiskyexchange.com/p/1629/caol-ila-moch,https://img.thewhiskyexchange.com/380/cilob.non2.jpg?v=202407241,False,70.0,0.7,43.0,91.36,,False,53.29,53.29,76.13,30.099999999999998,1.77,Premium,0.0,No Discount,,False,,Standard (70cl),40–43%,False
2025-12-29 22:14:38,Single Malt,72150,Bruichladdich Bere Barley 2013,Bruichladdich,70cl / 50%,81.88,(£140.36 per litre),Islay,,https://www.thewhiskyexchange.com/p/72150/bruichladdich-bere-barley-2013,https://img.thewhiskyexchange.com/380/bruob.2013v1.jpg?v=202407241,False,70.0,0.7,50.0,140.36,,False,81.88,81.88,116.97,35.0,2.34,Premium,0.0,No Discount,,False,,Standard (70cl),46–50%,True
2025-12-29 22:14:38,Single Malt,67087,Glenlivet 25 Year Old / The Sample Room Collection,Glenlivet,70cl / 43%,375.0,(£642.86 per litre),Speyside,,https://www.thewhiskyexchange.com/p/67087/glenlivet-25-year-old-the-sample-room-collection,https://img.thewhiskyexchange.com/380/glvob.25yov6.jpg?v=202407241,False,70.0,0.7,43.0,642.86,,False,375.0,375.0,535.71,30.099999999999998,12.46,Luxury,0.0,No Discount,25.0,True,19–25,Standard (70cl),40–43%,False
2025-12-29 22:14:38,Single Malt,72868,Lagg Corriecravie / Oloroso Finish,Lagg,70cl / 55%,52.29,(£89.64 per litre),Island,,https://www.thewhiskyexchange.com/p/72868/lagg-corriecravie-oloroso-finish,https://img.thewhiskyexchange.com/380/lagob.non3.jpg?v=202407241,False,70.0,0.7,55.0,89.64,,False,52.29,52.29,74.7,38.5,1.36,Premium,0.0,No Discount,,False,,Standard (70cl),50%+,True
2025-12-29 22:14:38,Single Malt,84183,Ardnamurchan AD Madeira Release 2025,Ardnamurchan,70cl / 52%,54.79,(£93.93 per litre),Highland,,https://www.thewhiskyexchange.com/p/84183/ardnamurchan-ad-madeira-release-2025,https://img.thewhiskyexchange.com/380/amcob.non25.jpg?v=202407241,False,70.0,0.7,52.0,93.93,,False,54.79,54.79,78.27,36.4,1.51,Premium,0.0,No Discount,,False,,Standard (70cl),50%+,True
2025-12-29 22:14:41,Single Malt,28161,Talisker Skye,Talisker,70cl / 45.8%,41.04,(£70.36 per litre),Island,,https://www.thewhiskyexchange.com/p/28161/talisker-skye,https://img.thewhiskyexchange.com/380/talob.non12.jpg?v=202407241,False,70.0,0.7,45.8,70.36,,False,41.04,41.04,58.63,32.059999999999995,1.28,Premium,0.0,No Discount,,False,,Standard (70cl),43–46%,False
2025-12-29 22:14:41,Single Malt,85299,Glendronach 21 Year Old,Glendronach,70cl / 48%,191.67,(£328.57 per litre),Highland,,https://www.thewhiskyexchange.com/p/85299/glendronach-21-year-old,https://img.thewhiskyexchange.com/380/grnob.21yov1.jpg?v=202407241,False,70.0,0.7,48.0,328.57,,False,191.67,191.67,273.81,33.599999999999994,5.7,Luxury,0.0,No Discount,21.0,True,19–25,Standard (70cl),46–50%,False
2025-12-29 22:14:41,Single Malt,26313,Ballechin 10 Year Old,Ballechin,70cl / 46%,43.54,(£74.64 per litre),Highland,,https://www.thewhiskyexchange.com/p/26313/ballechin-10-year-old,https://img.thewhiskyexchange.com/380/blcob.10yo.jpg?v=202407241,False,70.0,0.7,46.0,74.64,,False,43.54,43.54,62.2,32.199999999999996,1.35,Premium,0.0,No Discount,10.0,True,≤10,Standard (70cl),43–46%,False
2025-12-29 22:14:41,Single Malt,80590,Torabhaig Legacy Series Cnoc Na Moine,Torabhaig,70cl / 46%,48.54,(£83.21 per litre),Island,,https://www.thewhiskyexchange.com/p/80590/torabhaig-legacy-series-cnoc-na-moine,https://img.thewhiskyexchange.com/380/trbob.non3.jpg?v=202407241,False,70.0,0.7,46.0,83.21,,False,48.54,48.54,69.34,32.199999999999996,1.51,Premium,0.0,No Discount,,False,,Standard (70cl),43–46%,False
2025-12-29 22:14:41,Single Malt,64213,Cragganmore 2009 Distillers Edition / Bot.2021,Cragganmore,70cl / 40%,58.29,(£99.93 per litre),Speyside,,https://www.thewhiskyexchange.com/p/64213/cragganmore-2009-distillers-edition-bot2021,https://img.thewhiskyexchange.com/380/cgmob.2009.jpg?v=202407241,False,70.0,0.7,40.0,99.93,,False,58.29,58.29,83.27,28.0,2.08,Premium,0.0,No Discount,,False,,Standard (70cl),≤40%,False
2025-12-29 22:14:41,Single Malt,80742,Kilchoman Batch Strength,Kilchoman,70cl / 57%,54.12,(£92.79 per litre),Islay,,https://www.thewhiskyexchange.com/p/80742/kilchoman-batch-strength,https://img.thewhiskyexchange.com/380/kilob.non55.jpg?v=202407241,False,70.0,0.7,57.0,92.79,,False,54.12,54.12,77.31,39.9,1.36,Premium,0.0,No Discount,,False,,Standard (70cl),50%+,True
2025-12-29 22:14:41,Single Malt,55180,Aberlour 10 Year Old Forest Reserve,Aberlour,70cl / 40%,39.38,(£67.50 per litre),Speyside,,https://www.thewhiskyexchange.com/p/55180/aberlour-10-year-old-forest-reserve,https://img.thewhiskyexchange.com/380/ablob.10yov14.jpg?v=202407241,False,70.0,0.7,40.0,67.5,,False,39.38,39.38,56.26,28.0,1.41,Budget,0.0,No Discount,10.0,True,≤10,Standard (70cl),≤40%,False
2025-12-29 22:14:41,Single Malt,41208,Glenmorangie A Tale of Ice Cream,Glenmorangie,70cl / 43%,60.62,(£103.93 per litre),Highland,,https://www.thewhiskyexchange.com/p/41208/glenmorangie-a-tale-of-ice-cream,https://img.thewhiskyexchange.com/380/gmgob.non45.jpg?v=202407241,False,70.0,0.7,43.0,103.93,,False,60.62,60.62,86.6,30.099999999999998,2.01,Premium,0.0,No Discount,,False,,Standard (70cl),40–43%,False
2025-12-29 22:14:41,Single Malt,73226,Strathmill 12 Year Old / Flora & Fauna,Strathmill,70cl / 43%,50.62,(£86.79 per litre),Speyside,,https://www.thewhiskyexchange.com/p/73226/strathmill-12-year-old-flora-fauna,https://img.thewhiskyexchange.com/380/strob.12yo.jpg?v=202407241,False,70.0,0.7,43.0,86.79,,False,50.62,50.62,72.31,30.099999999999998,1.68,Premium,0.0,No Discount,12.0,True,11–15,Standard (70cl),40–43%,False
2025-12-29 22:14:41,Single Malt,71109,Lochlea Sowing Edition / Second Crop,Lochlea,70cl / 46%,40.62,(£69.64 per litre),Lowland,,https://www.thewhiskyexchange.com/p/71109/lochlea-sowing-edition-second-crop,https://img.thewhiskyexchange.com/380/lolob.non7.jpg?v=202407241,False,70.0,0.7,46.0,69.64,,False,40.62,40.62,58.03,32.199999999999996,1.26,Premium,0.0,No Discount,,False,,Standard (70cl),43–46%,False
2025-12-29 22:14:41,Single Malt,73750,Glenmorangie The Nectar 16 Year Old,Glenmorangie,70cl / 46%,67.08,(£115 per litre),Highland,,https://www.thewhiskyexchange.com/p/73750/glenmorangie-the-nectar-16-year-old,https://img.thewhiskyexchange.com/380/gmgob.16yov1.jpg?v=202407241,False,70.0,0.7,46.0,115.0,,False,67.08,67.08,95.83,32.199999999999996,2.08,Premium,0.0,No Discount,16.0,True,16–18,Standard (70cl),43–46%,False
2025-12-29 22:14:41,Single Malt,12052,Singleton of Dufftown 15 Year Old,Dufftown,70cl / 40%,42.71,(£73.21 per litre),Speyside,,https://www.thewhiskyexchange.com/p/12052/singleton-of-dufftown-15-year-old,https://img.thewhiskyexchange.com/380/dufob.15yov1.jpg?v=202407241,False,70.0,0.7,40.0,73.21,,False,42.71,42.71,61.01,28.0,1.53,Premium,0.0,No Discount,15.0,True,11–15,Standard (70cl),≤40%,False
2025-12-29 22:14:41,Single Malt,5586,Ileach Peaty,Ileach,70cl / 40%,28.12,(£48.21 per litre),Islay,,https://www.thewhiskyexchange.com/p/5586/ileach-peaty,https://img.thewhiskyexchange.com/380/malts_ile2.jpg?v=202407241,False,70.0,0.7,40.0,48.21,,False,28.12,28.12,40.17,28.0,1.0,Budget,0.0,No Discount,,False,,Standard (70cl),≤40%,False
2025-12-29 22:14:41,Single Malt,57767,Lagavulin 8 Year Old,Lagavulin,70cl / 48%,53.75,(£92.14 per litre),Islay,,https://www.thewhiskyexchange.com/p/57767/lagavulin-8-year-old,https://img.thewhiskyexchange.com/380/lgvob.08yov1.jpg?v=202407241,False,70.0,0.7,48.0,92.14,,False,53.75,53.75,76.79,33.599999999999994,1.6,Premium,0.0,No Discount,8.0,True,≤10,Standard (70cl),46–50%,False
2025-12-29 22:14:41,Single Malt,86697,Royal Brackla 2014 / 11 Year Old / Signatory 100 Proof Edition 67,Royal Brackla,70cl / 57.1%,39.12,(£67.07 per litre),Highland,,https://www.thewhiskyexchange.com/p/86697/royal-brackla-2014-11-year-old-signatory-100-proof-edition-67,https://img.thewhiskyexchange.com/380/rblsig2014v1.jpg?v=202407241,False,70.0,0.7,57.1,67.07,,False,39.12,39.12,55.89,39.97,0.98,Budget,0.0,No Discount,11.0,True,11–15,Standard (70cl),50%+,True
2025-12-29 22:14:41,Single Malt,16805,Glenfiddich Malt Master's Edition / Sherry Cask Finish,Glenfiddich,70cl / 43%,47.29,(£73.93 per litre),Speyside,Special Offer: £5 Off!,https://www.thewhiskyexchange.com/p/16805/glenfiddich-malt-masters-edition-sherry-cask-finish,https://img.thewhiskyexchange.com/380/gfdob.non22.jpg?v=202407241,False,70.0,0.7,43.0,73.93,5.0,True,52.29,52.29,74.7,30.099999999999998,1.74,Premium,9.56,Low (≤10%),,False,,Standard (70cl),40–43%,False
2025-12-29 22:14:41,Single Malt,33286,Bunnahabhain Abhainn Araig / Feis Ile 2022,Bunnahabhain,70cl / 50.8%,81.25,(£139.29 per litre),Islay,,https://www.thewhiskyexchange.com/p/33286/bunnahabhain-abhainn-araig-feis-ile-2022,https://img.thewhiskyexchange.com/380/bunob.non7.jpg?v=202407241,False,70.0,0.7,50.8,139.29,,False,81.25,81.25,116.07,35.559999999999995,2.28,Premium,0.0,No Discount,,False,,Standard (70cl),50%+,True
2025-12-29 22:14:41,Single Malt,16650,Dalmore Cigar Malt Reserve,Dalmore,70cl / 44%,93.33,(£160 per litre),Highland,,https://www.thewhiskyexchange.com/p/16650/dalmore-cigar-malt-reserve,https://img.thewhiskyexchange.com/380/dlmob.non10.jpg?v=202407241,False,70.0,0.7,44.0,160.0,,False,93.33,93.33,133.33,30.799999999999997,3.03,Premium,0.0,No Discount,,False,,Standard (70cl),43–46%,False
2025-12-29 22:14:41,Single Malt,82864,Glenfiddich 12 Year Old / Our American Oak / Kosher Certified,Glenfiddich,70cl / 40%,40.21,(£68.93 per litre),Speyside,,https://www.thewhiskyexchange.com/p/82864/glenfiddich-12-year-old-our-american-oak-kosher-certified,https://img.thewhiskyexchange.com/380/gfdob.12yov18.jpg?v=202407241,False,70.0,0.7,40.0,68.93,,False,40.21,40.21,57.44,28.0,1.44,Premium,0.0,No Discount,12.0,True,11–15,Standard (70cl),≤40%,False
2025-12-29 22:14:41,Single Malt,81450,Laphroaig 18 Year Old,Laphroaig,70cl / 48%,145.0,(£248.57 per litre),Islay,,https://www.thewhiskyexchange.com/p/81450/laphroaig-18-year-old,https://img.thewhiskyexchange.com/380/lrgob.18yov3.jpg?v=202407241,False,70.0,0.7,48.0,248.57,,False,145.0,145.0,207.14,33.599999999999994,4.32,Luxury,0.0,No Discount,18.0,True,16–18,Standard (70cl),46–50%,False
2025-12-29 22:14:41,Single Malt,71200,Lindores Abbey Bourbon Cask / Casks of Lindores II,Lindores Abbey,70cl / 49.4%,48.75,(£83.57 per litre),Lowland,,https://www.thewhiskyexchange.com/p/71200/lindores-abbey-bourbon-cask-casks-of-lindores-ii,https://img.thewhiskyexchange.com/380/linob.non7.jpg?v=202407241,False,70.0,0.7,49.4,83.57,,False,48.75,48.75,69.64,34.58,1.41,Premium,0.0,No Discount,,False,,Standard (70cl),46–50%,False
2025-12-29 22:14:41,Single Malt,12603,Glenmorangie Lasanta 12 Year Old / Sherry Cask Finish,Glenmorangie,70cl / 43%,43.54,(£74.64 per litre),Highland,,https://www.thewhiskyexchange.com/p/12603/glenmorangie-lasanta-12-year-old-sherry-cask-finish,https://img.thewhiskyexchange.com/380/gmgob.12yov5.jpg?v=202407241,False,70.0,0.7,43.0,74.64,,False,43.54,43.54,62.2,30.099999999999998,1.45,Premium,0.0,No Discount,12.0,True,11–15,Standard (70cl),40–43%,False
2025-12-29 22:14:41,Single Malt,73136,Glenwyvis 2019 Batch1 / 3 Year Old,GlenWyvis,70cl / 46.5%,46.04,(£78.93 per litre),Highland,,https://www.thewhiskyexchange.com/p/73136/glenwyvis-2019-batch1-3-year-old,https://img.thewhiskyexchange.com/380/gwvob.2019.jpg?v=202407241,False,70.0,0.7,46.5,78.93,,False,46.04,46.04,65.77,32.55,1.41,Premium,0.0,No Discount,3.0,True,≤10,Standard (70cl),46–50%,False
2025-12-29 22:14:41,Single Malt,57104,Glenlivet 12 Year Old First-fill American Oak / 200th Anniversary,Glenlivet,70cl / 43%,44.58,(£76.43 per litre),Speyside,,https://www.thewhiskyexchange.com/p/57104/glenlivet-12-year-old-first-fill-american-oak-200th-anniversary,https://img.thewhiskyexchange.com/380/glvob.12yov39.jpg?v=202407241,False,70.0,0.7,43.0,76.43,,False,44.58,44.58,63.69,30.099999999999998,1.48,Premium,0.0,No Discount,12.0,True,11–15,Standard (70cl),40–43%,False
2025-12-29 22:14:44,Single Malt,68800,Glen Keith 1993 / 29 Year Old / Signatory for The Whisky Exchange,Glen Keith,70cl / 54.3%,251.67,(£431.43 per litre),Speyside,,https://www.thewhiskyexchange.com/p/68800/glen-keith-1993-29-year-old-signatory-for-the-whisky-exchange,https://img.thewhiskyexchange.com/380/gktsig1993v1.jpg?v=202407241,False,70.0,0.7,54.3,431.43,,False,251.67,251.67,359.53,38.01,6.62,Luxury,0.0,No Discount,29.0,True,25+,Standard (70cl),50%+,True
2025-12-29 22:14:44,Single Malt,85814,Glenturret 10 Year Old Peat Smoked / 2025 Release,Glenturret,70cl / 46.6%,55.21,(£94.64 per litre),Highland,,https://www.thewhiskyexchange.com/p/85814/glenturret-10-year-old-peat-smoked-2025-release,https://img.thewhiskyexchange.com/380/gtuob.10yov7.jpg?v=202407241,False,70.0,0.7,46.6,94.64,,False,55.21,55.21,78.87,32.62,1.69,Premium,0.0,No Discount,10.0,True,≤10,Standard (70cl),46–50%,False
2025-12-29 22:14:44,Single Malt,67089,Ardbeg The Three Monsters of Smoke Trio Pack / 3x20cl,Ardbeg,60cl / 46.7%,38.29,(£76.58 per litre),Islay,,https://www.thewhiskyexchange.com/p/67089/ardbeg-the-three-monsters-of-smoke-trio-pack-3x20cl,https://img.thewhiskyexchange.com/380/sets_abg2.jpg?v=202407241,False,60.0,0.6,46.7,76.58,,False,38.29,38.29,63.82,28.02,1.37,Budget,0.0,No Discount,,False,,Standard (70cl),46–50%,False
2025-12-29 22:14:44,Single Malt,36417,Talisker Dark Storm / Litre,Talisker,100cl / 45.8%,72.71,,Island,,https://www.thewhiskyexchange.com/p/36417/talisker-dark-storm-litre,https://img.thewhiskyexchange.com/380/talob.non16.jpg?v=202407241,False,100.0,1.0,45.8,,,False,72.71,72.71,72.71,45.8,1.59,Premium,0.0,No Discount,,False,,Large (1L),43–46%,False
2025-12-29 22:14:44,Single Malt,3686,Ileach Cask Strength,Ileach,70cl / 58%,41.25,(£70.71 per litre),Islay,,https://www.thewhiskyexchange.com/p/3686/ileach-cask-strength,https://img.thewhiskyexchange.com/380/malts_ile1.jpg?v=202407241,False,70.0,0.7,58.0,70.71,,False,41.25,41.25,58.93,40.599999999999994,1.02,Premium,0.0,No Discount,,False,,Standard (70cl),50%+,True
2025-12-29 22:14:44,Single Malt,86231,Benriach 2015 / 9 Year Old / Barbadillo Oloroso Sherry / Gleann Mor Rare Find,Benriach,70cl / 55.1%,52.92,(£90.71 per litre),Speyside,,https://www.thewhiskyexchange.com/p/86231/benriach-2015-9-year-old-barbadillo-oloroso-sherry-gleann-mor-rare-find,https://img.thewhiskyexchange.com/380/bnrglm2015.jpg?v=202407241,False,70.0,0.7,55.1,90.71,,False,52.92,52.92,75.6,38.57,1.37,Premium,0.0,No Discount,9.0,True,≤10,Standard (70cl),50%+,True
2025-12-29 22:14:44,Single Malt,39120,Kilchoman Sanaig / Small Bottle,Kilchoman,20cl / 46%,22.71,(£13.62 per 10cl),Islay,,https://www.thewhiskyexchange.com/p/39120/kilchoman-sanaig-small-bottle,https://img.thewhiskyexchange.com/380/kilob.non25.jpg?v=202407241,False,20.0,0.2,46.0,136.2,,False,22.71,22.71,113.55,9.200000000000001,2.47,Budget,0.0,No Discount,,False,,Small (≤35cl),43–46%,False
2025-12-29 22:14:44,Single Malt,18916,Port Askaig Cask Strength Small Batch 2 / 2024 Release,Port Askaig,70cl / 59.1%,53.29,(£91.36 per litre),Islay,,https://www.thewhiskyexchange.com/p/18916/port-askaig-cask-strength-small-batch-2-2024-release,https://img.thewhiskyexchange.com/380/malts_por10.jpg?v=202407241,False,70.0,0.7,59.1,91.36,,False,53.29,53.29,76.13,41.37,1.29,Premium,0.0,No Discount,,False,,Standard (70cl),50%+,True
2025-12-29 22:14:44,Single Malt,84345,Clynelish 14 Year Old / Servant / Household Series / Macbeth Act Two,Clynelish,70cl / 55.1%,116.67,(£200 per litre),Highland,,https://www.thewhiskyexchange.com/p/84345/clynelish-14-year-old-servant-household-series-macbeth-act-two,https://img.thewhiskyexchange.com/380/clyed.14yo.jpg?v=202407241,False,70.0,0.7,55.1,200.0,,False,116.67,116.67,166.67,38.57,3.02,Premium,0.0,No Discount,14.0,True,11–15,Standard (70cl),50%+,True
2025-12-29 22:14:44,Single Malt,82435,Isle of Raasay The Dùn Cana / Sherry Quarter Cask,Isle of Raasay,70cl / 52%,67.08,(£115 per litre),Island,,https://www.thewhiskyexchange.com/p/82435/isle-of-raasay-the-dun-cana-sherry-quarter-cask,https://img.thewhiskyexchange.com/380/raaob.non16.jpg?v=202407241,False,70.0,0.7,52.0,115.0,,False,67.08,67.08,95.83,36.4,1.84,Premium,0.0,No Discount,,False,,Standard (70cl),50%+,True
2025-12-29 22:14:44,Single Malt,86753,Inchgower 2011 / 13 Year Old  / Cask 101 / Signatory Cask Strength,Inchgower,70cl / 59.8%,58.54,(£100.36 per litre),Speyside,,https://www.thewhiskyexchange.com/p/86753/inchgower-2011-13-year-old-cask-101-signatory-cask-strength,https://img.thewhiskyexchange.com/380/ingsig2011v5.jpg?v=202407241,False,70.0,0.7,59.8,100.36,,False,58.54,58.54,83.63,41.85999999999999,1.4,Premium,0.0,No Discount,13.0,True,11–15,Standard (70cl),50%+,True
2025-12-29 22:14:44,Single Malt,86698,Linkwood 2012 / 12 Year Old / Signatory 100 Proof Edition 68,Linkwood,70cl / 57.1%,41.04,(£70.36 per litre),Speyside,,https://www.thewhiskyexchange.com/p/86698/linkwood-2012-12-year-old-signatory-100-proof-edition-68,https://img.thewhiskyexchange.com/380/lkwsig2012v8.jpg?v=202407241,False,70.0,0.7,57.1,70.36,,False,41.04,41.04,58.63,39.97,1.03,Premium,0.0,No Discount,12.0,True,11–15,Standard (70cl),50%+,True
2025-12-29 22:14:44,Single Malt,86696,Glen Ord 2016 / 9 Year Old / Signatory 100 Proof Edition 66,Glen Ord,70cl / 57.1%,39.12,(£67.07 per litre),Highland,,https://www.thewhiskyexchange.com/p/86696/glen-ord-2016-9-year-old-signatory-100-proof-edition-66,https://img.thewhiskyexchange.com/380/godsig2016.jpg?v=202407241,False,70.0,0.7,57.1,67.07,,False,39.12,39.12,55.89,39.97,0.98,Budget,0.0,No Discount,9.0,True,≤10,Standard (70cl),50%+,True
2025-12-29 22:14:44,Single Malt,82653,Aberlour A'Bunadh Alba,Aberlour,70cl / 58.9%,82.71,(£126.07 per litre),Speyside,Special Offer: £11 Off!,https://www.thewhiskyexchange.com/p/82653/aberlour-abunadh-alba,https://img.thewhiskyexchange.com/380/ablob.non63.jpg?v=202407241,False,70.0,0.7,58.9,126.07,11.0,True,93.71,93.71,133.87,41.23,2.27,Premium,11.74,Medium (10–20%),,False,,Standard (70cl),50%+,True
2025-12-29 22:14:44,Single Malt,79997,Ledaig Triple Wood,Ledaig,70cl / 53.8%,72.71,(£110.36 per litre),Island,Special Offer: £10 Off!,https://www.thewhiskyexchange.com/p/79997/ledaig-triple-wood,https://img.thewhiskyexchange.com/380/ldgob.non6.jpg?v=202407241,False,70.0,0.7,53.8,110.36,10.0,True,82.71,82.71,118.16,37.66,2.2,Premium,12.09,Medium (10–20%),,False,,Standard (70cl),50%+,True
2025-12-29 22:14:44,Single Malt,70052,Bowmore 9 Year Old / Glass Set,Bowmore,70cl / 40%,63.96,(£81.07 per litre),Islay,Special Offer: £20 Off!,https://www.thewhiskyexchange.com/p/70052/bowmore-9-year-old-glass-set,https://img.thewhiskyexchange.com/380/bowob.09yov1.jpg?v=202407241,False,70.0,0.7,40.0,81.07,20.0,True,83.96000000000001,83.96000000000001,119.94,28.0,3.0,Premium,23.82,High (20–40%),9.0,True,≤10,Standard (70cl),≤40%,False
2025-12-29 22:14:44,Single Malt,81191,Kilchoman Sauternes Cask / 2024 Release,Kilchoman,70cl / 50%,66.62,(£114.21 per litre),Islay,,https://www.thewhiskyexchange.com/p/81191/kilchoman-sauternes-cask-2024-release,https://img.thewhiskyexchange.com/380/kilob.non57.jpg?v=202407241,False,70.0,0.7,50.0,114.21,,False,66.62,66.62,95.17,35.0,1.9,Premium,0.0,No Discount,,False,,Standard (70cl),46–50%,True
2025-12-29 22:14:44,Single Malt,82126,Johnny Cree Single Malt,Johnny Cree,70cl / 40%,20.62,(£35.36 per litre),Lowland,,https://www.thewhiskyexchange.com/p/82126/johnny-cree-single-malt,https://img.thewhiskyexchange.com/380/malts_joh1.jpg?v=202407241,False,70.0,0.7,40.0,35.36,,False,20.62,20.62,29.46,28.0,0.74,Budget,0.0,No Discount,,False,,Standard (70cl),≤40%,False
2025-12-29 22:14:44,Single Malt,81581,Glenallachie 12 Year Old Sauternes Finish / UK Exclusive,Glenallachie,70cl / 48%,49.12,(£84.21 per litre),Speyside,,https://www.thewhiskyexchange.com/p/81581/glenallachie-12-year-old-sauternes-finish-uk-exclusive,https://img.thewhiskyexchange.com/380/gleob.12yov9.jpg?v=202407241,False,70.0,0.7,48.0,84.21,,False,49.12,49.12,70.17,33.599999999999994,1.46,Premium,0.0,No Discount,12.0,True,11–15,Standard (70cl),46–50%,False
2025-12-29 22:14:44,Single Malt,86650,Kildalton 2003 / 22 Year Old / Milroy's Vintage Reserve,Ardbeg,70cl / 53.7%,231.67,(£397.14 per litre),Islay,,https://www.thewhiskyexchange.com/p/86650/kildalton-2003-22-year-old-milroys-vintage-reserve,https://img.thewhiskyexchange.com/380/abgmil2003.jpg?v=202407241,False,70.0,0.7,53.7,397.14,,False,231.67,231.67,330.96,37.589999999999996,6.16,Luxury,0.0,No Discount,22.0,True,19–25,Standard (70cl),50%+,True
2025-12-29 22:14:44,Single Malt,34586,Glen Moray Sherry Cask Finish,Glen Moray,70cl / 40%,23.29,(£39.93 per litre),Speyside,,https://www.thewhiskyexchange.com/p/34586/glen-moray-sherry-cask-finish,https://img.thewhiskyexchange.com/380/gmyob.non7.jpg?v=202407241,False,70.0,0.7,40.0,39.93,,False,23.29,23.29,33.27,28.0,0.83,Budget,0.0,No Discount,,False,,Standard (70cl),≤40%,False
2025-12-29 22:14:44,Single Malt,82548,Ardnahoe 5 Year Old Cask Strength,Ardnahoe,70cl / 60.9%,57.71,(£98.93 per litre),Islay,,https://www.thewhiskyexchange.com/p/82548/ardnahoe-5-year-old-cask-strength,https://img.thewhiskyexchange.com/380/anhob.05yov1.jpg?v=202407241,False,70.0,0.7,60.9,98.93,,False,57.71,57.71,82.44,42.629999999999995,1.35,Premium,0.0,No Discount,5.0,True,≤10,Standard (70cl),50%+,True
2025-12-29 22:14:44,Single Malt,82001,Glen Moray Phoenix Rising / Charred Oak Casks,Glen Moray,70cl / 40%,28.12,(£48.21 per litre),Speyside,,https://www.thewhiskyexchange.com/p/82001/glen-moray-phoenix-rising-charred-oak-casks,https://img.thewhiskyexchange.com/380/gmyob.non23.jpg?v=202407241,False,70.0,0.7,40.0,48.21,,False,28.12,28.12,40.17,28.0,1.0,Budget,0.0,No Discount,,False,,Standard (70cl),≤40%,False
2025-12-29 22:14:44,Single Malt,81623,Glen Keith 1998 / 22 Year Old / Cask #69720 / Distillery Reserve Collection,Glen Keith,50cl / 56.1%,138.33,(£332 per litre),Speyside,,https://www.thewhiskyexchange.com/p/81623/glen-keith-1998-22-year-old-cask-69720-distillery-reserve-collection,https://img.thewhiskyexchange.com/380/gktob.1998.jpg?v=202407241,False,50.0,0.5,56.1,332.0,,False,138.33,138.33,276.66,28.05,4.93,Luxury,0.0,No Discount,22.0,True,19–25,Standard (70cl),50%+,True
2025-12-29 22:14:49,Single Malt,85986,Ardbeg Traigh Bhan 19 Year Old / Batch 7,Ardbeg,70cl / 50.3%,193.33,(£331.43 per litre),Islay,,https://www.thewhiskyexchange.com/p/85986/ardbeg-traigh-bhan-19-year-old-batch-7,https://img.thewhiskyexchange.com/380/abgob.19yov6.jpg?v=202407241,False,70.0,0.7,50.3,331.43,,False,193.33,193.33,276.19,35.209999999999994,5.49,Luxury,0.0,No Discount,19.0,True,19–25,Standard (70cl),50%+,True
2025-12-29 22:14:49,Single Malt,68147,Macallan Classic Cut 2022 Release,Macallan,70cl / 52.5%,133.33,(£228.57 per litre),Speyside,,https://www.thewhiskyexchange.com/p/68147/macallan-classic-cut-2022-release,https://img.thewhiskyexchange.com/380/macob.non172.jpg?v=202407241,False,70.0,0.7,52.5,228.57,,False,133.33,133.33,190.47,36.75,3.63,Luxury,0.0,No Discount,,False,,Standard (70cl),50%+,True
2025-12-29 22:14:49,Single Malt,50663,Tamnavulin Sherry Edition,Tamnavulin,70cl / 40%,32.46,(£55.64 per litre),Speyside,,https://www.thewhiskyexchange.com/p/50663/tamnavulin-sherry-edition,https://img.thewhiskyexchange.com/380/tmnob.non4.jpg?v=202407241,False,70.0,0.7,40.0,55.64,,False,32.46,32.46,46.37,28.0,1.16,Budget,0.0,No Discount,,False,,Standard (70cl),≤40%,False
2025-12-29 22:14:49,Single Malt,72899,Benromach Contrasts: Peat Smoke Bourbon 2012,Benromach,70cl / 46%,46.46,(£71.07 per litre),Speyside,Special Offer: £6 Off!,https://www.thewhiskyexchange.com/p/72899/benromach-contrasts-peat-smoke-bourbon-2012,https://img.thewhiskyexchange.com/380/brmob.2012v7.jpg?v=202407241,False,70.0,0.7,46.0,71.07,6.0,True,52.46,52.46,74.94,32.199999999999996,1.63,Premium,11.44,Medium (10–20%),,False,,Standard (70cl),43–46%,False
2025-12-29 22:14:49,Single Malt,56714,Lagavulin 10 Year Old,Lagavulin,70cl / 43%,78.75,(£135 per litre),Islay,,https://www.thewhiskyexchange.com/p/56714/lagavulin-10-year-old,https://img.thewhiskyexchange.com/380/lgvob.10yo.jpg?v=202407241,False,70.0,0.7,43.0,135.0,,False,78.75,78.75,112.5,30.099999999999998,2.62,Premium,0.0,No Discount,10.0,True,≤10,Standard (70cl),40–43%,False
2025-12-29 22:14:49,Single Malt,85951,Glengoyne 2007 / 17 Year Old  / First Editions,Glengoyne,70cl / 56.8%,87.5,(£150 per litre),Highland,,https://www.thewhiskyexchange.com/p/85951/glengoyne-2007-17-year-old-first-editions,https://img.thewhiskyexchange.com/380/ggofe.2007.jpg?v=202407241,False,70.0,0.7,56.8,150.0,,False,87.5,87.5,125.0,39.76,2.2,Premium,0.0,No Discount,17.0,True,16–18,Standard (70cl),50%+,True
2025-12-29 22:14:49,Single Malt,85945,Blair Athol 2011 / 11 Year Old / Old Malt Cask,Blair Athol,70cl / 50%,60.79,(£104.21 per litre),Highland,,https://www.thewhiskyexchange.com/p/85945/blair-athol-2011-11-year-old-old-malt-cask,https://img.thewhiskyexchange.com/380/blaomc2011v1.jpg?v=202407241,False,70.0,0.7,50.0,104.21,,False,60.79,60.79,86.84,35.0,1.74,Premium,0.0,No Discount,11.0,True,11–15,Standard (70cl),46–50%,True
2025-12-29 22:14:49,Single Malt,81249,Berry Bros & Rudd 16 Year Old Speyside Single Malt / Traditional Cask,Independent/Unknown,70cl / 48.2%,85.83,(£147.14 per litre),Speyside,,https://www.thewhiskyexchange.com/p/81249/berry-bros-rudd-16-year-old-speyside-single-malt-traditional-cask,https://img.thewhiskyexchange.com/380/malts_bbr16yo.jpg?v=202407241,True,70.0,0.7,48.2,147.14,,False,85.83,85.83,122.61,33.74,2.54,Premium,0.0,No Discount,16.0,True,16–18,Standard (70cl),46–50%,False
2025-12-29 22:14:49,Single Malt,72920,Port Askaig 17 Year Old / 2023 Release,Port Askaig,70cl / 50.5%,102.5,(£175.71 per litre),Islay,,https://www.thewhiskyexchange.com/p/72920/port-askaig-17-year-old-2023-release,https://img.thewhiskyexchange.com/380/malts_por17yo.jpg?v=202407241,False,70.0,0.7,50.5,175.71,,False,102.5,102.5,146.43,35.349999999999994,2.9,Premium,0.0,No Discount,17.0,True,16–18,Standard (70cl),50%+,True
2025-12-29 22:14:49,Single Malt,85503,Bunnahabhain 2008 / 15 Year Old / Duncan Taylor,Bunnahabhain,70cl / 54.6%,83.29,(£142.79 per litre),Islay,,https://www.thewhiskyexchange.com/p/85503/bunnahabhain-2008-15-year-old-duncan-taylor,https://img.thewhiskyexchange.com/380/bundt.2008v3.jpg?v=202407241,False,70.0,0.7,54.6,142.79,,False,83.29,83.29,118.99,38.22,2.18,Premium,0.0,No Discount,15.0,True,11–15,Standard (70cl),50%+,True
2025-12-29 22:14:49,Single Malt,84731,Dalmore Luminary No.3 / 17 Year Old / 2025 Edition,Dalmore,70cl / 49.2%,229.17,(£392.86 per litre),Highland,,https://www.thewhiskyexchange.com/p/84731/dalmore-luminary-no3-17-year-old-2025-edition,https://img.thewhiskyexchange.com/380/dlmob.17yo.jpg?v=202407241,False,70.0,0.7,49.2,392.86,,False,229.17,229.17,327.39,34.44,6.65,Luxury,0.0,No Discount,17.0,True,16–18,Standard (70cl),46–50%,False
2025-12-29 22:14:49,Single Malt,66886,Glenrothes 31 Year Old / Single Malts of Scotland Marriage of Casks,Glenrothes,70cl / 53.2%,445.83,(£764.29 per litre),Speyside,,https://www.thewhiskyexchange.com/p/66886/glenrothes-31-year-old-single-malts-of-scotland-marriage-of-casks,https://img.thewhiskyexchange.com/380/grsed.31yo.jpg?v=202407241,False,70.0,0.7,53.2,764.29,,False,445.83,445.83,636.9,37.24,11.97,Luxury,0.0,No Discount,31.0,True,25+,Standard (70cl),50%+,True
2025-12-29 22:14:49,Single Malt,54399,Aberlour Triple Cask,Aberlour,70cl / 40%,54.38,(£93.21 per litre),Speyside,,https://www.thewhiskyexchange.com/p/54399/aberlour-triple-cask,https://img.thewhiskyexchange.com/380/ablob.non48.jpg?v=202407241,False,70.0,0.7,40.0,93.21,,False,54.38,54.38,77.69,28.0,1.94,Premium,0.0,No Discount,,False,,Standard (70cl),≤40%,False
2025-12-29 22:14:49,Single Malt,29984,Finlaggan Old Reserve / Small Batch / Islay Malt,Finlaggan,70cl / 40%,34.12,(£58.50 per litre),Islay,,https://www.thewhiskyexchange.com/p/29984/finlaggan-old-reserve-small-batch-islay-malt,https://img.thewhiskyexchange.com/380/malts_fin6.jpg?v=202407241,False,70.0,0.7,40.0,58.5,,False,34.12,34.12,48.74,28.0,1.22,Budget,0.0,No Discount,,False,,Standard (70cl),≤40%,False
2025-12-29 22:14:49,Single Malt,81516,Ben Nevis 2013 / 10 Year Old / Billy Abbott / Whisky Show 2024,Ben Nevis,70cl / 60.2%,59.96,(£102.79 per litre),Highland,,https://www.thewhiskyexchange.com/p/81516/ben-nevis-2013-10-year-old-billy-abbott-whisky-show-2024,https://img.thewhiskyexchange.com/380/bnvtwe2013v2.jpg?v=202407241,False,70.0,0.7,60.2,102.79,,False,59.96,59.96,85.66,42.14,1.42,Premium,0.0,No Discount,10.0,True,≤10,Standard (70cl),50%+,True
2025-12-29 22:14:49,Single Malt,55178,Laphroaig 10 Year Old Cask Strength / Batch 012 / Bot.2020,Laphroaig,70cl / 60.1%,83.29,(£142.79 per litre),Islay,,https://www.thewhiskyexchange.com/p/55178/laphroaig-10-year-old-cask-strength-batch-012-bot2020,https://img.thewhiskyexchange.com/380/lrgob.10yov76.jpg?v=202407241,False,70.0,0.7,60.1,142.79,,False,83.29,83.29,118.99,42.07,1.98,Premium,0.0,No Discount,10.0,True,≤10,Standard (70cl),50%+,True
2025-12-29 22:14:49,Single Malt,85290,Glentauchers 2009 / 16 Year Old / 100 Proof Exceptional Edition 11 / Signatory,Glentauchers,70cl / 57.1%,61.88,(£106.07 per litre),Speyside,,https://www.thewhiskyexchange.com/p/85290/glentauchers-2009-16-year-old-100-proof-exceptional-edition-11-signatory,https://img.thewhiskyexchange.com/380/gtasig2009v1.jpg?v=202407241,False,70.0,0.7,57.1,106.07,,False,61.88,61.88,88.4,39.97,1.55,Premium,0.0,No Discount,16.0,True,16–18,Standard (70cl),50%+,True
2025-12-29 22:14:49,Single Malt,85286,Mannochmore 2014 / 11 Year Old / 100 Proof Edition 51 / Signatory,Mannochmore,70cl / 57.1%,39.12,(£67.07 per litre),Speyside,,https://www.thewhiskyexchange.com/p/85286/mannochmore-2014-11-year-old-100-proof-edition-51-signatory,https://img.thewhiskyexchange.com/380/mnmsig2014.jpg?v=202407241,False,70.0,0.7,57.1,67.07,,False,39.12,39.12,55.89,39.97,0.98,Budget,0.0,No Discount,11.0,True,11–15,Standard (70cl),50%+,True
2025-12-29 22:14:49,Single Malt,81515,Ben Nevis 2013 / 10 Year Old / Alex Huskinson / Whisky Show 2024,Ben Nevis,70cl / 60.2%,59.96,(£102.79 per litre),Highland,,https://www.thewhiskyexchange.com/p/81515/ben-nevis-2013-10-year-old-alex-huskinson-whisky-show-2024,https://img.thewhiskyexchange.com/380/bnvtwe2013v1.jpg?v=202407241,False,70.0,0.7,60.2,102.79,,False,59.96,59.96,85.66,42.14,1.42,Premium,0.0,No Discount,10.0,True,≤10,Standard (70cl),50%+,True
2025-12-29 22:14:49,Single Malt,33706,Tomatin 18 Year Old / Oloroso Sherry Finish,Tomatin,70cl / 46%,91.67,(£157.14 per litre),Highland,,https://www.thewhiskyexchange.com/p/33706/tomatin-18-year-old-oloroso-sherry-finish,https://img.thewhiskyexchange.com/380/tomob.18yov2.jpg?v=202407241,False,70.0,0.7,46.0,157.14,,False,91.67,91.67,130.96,32.199999999999996,2.85,Premium,0.0,No Discount,18.0,True,16–18,Standard (70cl),43–46%,False
2025-12-29 22:14:49,Single Malt,67540,Smokehead Unfiltered,Smokehead,70cl / 46%,33.54,(£57.50 per litre),Islay,,https://www.thewhiskyexchange.com/p/67540/smokehead-unfiltered,https://img.thewhiskyexchange.com/380/malts_smo6.jpg?v=202407241,False,70.0,0.7,46.0,57.5,,False,33.54,33.54,47.91,32.199999999999996,1.04,Budget,0.0,No Discount,,False,,Standard (70cl),43–46%,False
2025-12-29 22:14:49,Single Malt,85779,Lochlea Smoke Without Fire / Single Estate Collection,Lochlea,70cl / 46%,40.79,(£69.93 per litre),Lowland,,https://www.thewhiskyexchange.com/p/85779/lochlea-smoke-without-fire-single-estate-collection,https://img.thewhiskyexchange.com/380/lolob.non19.jpg?v=202407241,False,70.0,0.7,46.0,69.93,,False,40.79,40.79,58.27,32.199999999999996,1.27,Premium,0.0,No Discount,,False,,Standard (70cl),43–46%,False
2025-12-29 22:14:49,Single Malt,4840,Talisker 18 Year Old,Talisker,70cl / 45.8%,190.83,(£327.14 per litre),Island,,https://www.thewhiskyexchange.com/p/4840/talisker-18-year-old,https://img.thewhiskyexchange.com/380/talob.18yo.jpg?v=202407241,False,70.0,0.7,45.8,327.14,,False,190.83,190.83,272.61,32.059999999999995,5.95,Luxury,0.0,No Discount,18.0,True,16–18,Standard (70cl),43–46%,False
2025-12-29 22:14:49,Single Malt,82626,Auchroisk 2012 / 11 Year Old / Amarone Cask / Signatory for The Whisky Exchange,Auchroisk,70cl / 58.5%,70.79,(£121.36 per litre),Speyside,,https://www.thewhiskyexchange.com/p/82626/auchroisk-2012-11-year-old-amarone-cask-signatory-for-the-whisky-exchange,https://img.thewhiskyexchange.com/380/auksig2012.jpg?v=202407241,False,70.0,0.7,58.5,121.36,,False,70.79,70.79,101.13,40.949999999999996,1.73,Premium,0.0,No Discount,11.0,True,11–15,Standard (70cl),50%+,True
2025-12-29 22:14:54,Single Malt,79728,Miltonduff 2003 / 20 Year Old / Cask 63397 / Lost In Time Series,Miltonduff,70cl / 49%,237.5,(£407.14 per litre),Speyside,,https://www.thewhiskyexchange.com/p/79728/miltonduff-2003-20-year-old-cask-63397-lost-in-time-series,https://img.thewhiskyexchange.com/380/mtdob.2003.jpg?v=202407241,False,70.0,0.7,49.0,407.14,,False,237.5,237.5,339.29,34.3,6.92,Luxury,0.0,No Discount,20.0,True,19–25,Standard (70cl),46–50%,False
2025-12-29 22:14:54,Single Malt,45300,Mortlach 16 Year Old / Distiller's Dram,Mortlach,70cl / 43.4%,108.33,(£185.71 per litre),Speyside,,https://www.thewhiskyexchange.com/p/45300/mortlach-16-year-old-distillers-dram,https://img.thewhiskyexchange.com/380/mtlob.16yo.jpg?v=202407241,False,70.0,0.7,43.4,185.71,,False,108.33,108.33,154.76,30.379999999999995,3.57,Premium,0.0,No Discount,16.0,True,16–18,Standard (70cl),43–46%,False
2025-12-29 22:14:54,Single Malt,85961,Glenmorangie 25 Year Old The Altus,Glenmorangie,70cl / 43%,416.67,(£714.29 per litre),Highland,,https://www.thewhiskyexchange.com/p/85961/glenmorangie-25-year-old-the-altus,https://img.thewhiskyexchange.com/380/gmgob.25yov9.jpg?v=202407241,False,70.0,0.7,43.0,714.29,,False,416.67,416.67,595.24,30.099999999999998,13.84,Luxury,0.0,No Discount,25.0,True,19–25,Standard (70cl),40–43%,False
2025-12-29 22:14:54,Single Malt,79748,Bruichladdich 18 Year Old,Bruichladdich,70cl / 50%,122.5,(£210 per litre),Islay,,https://www.thewhiskyexchange.com/p/79748/bruichladdich-18-year-old,https://img.thewhiskyexchange.com/380/bruob.18yov4.jpg?v=202407241,False,70.0,0.7,50.0,210.0,,False,122.5,122.5,175.0,35.0,3.5,Luxury,0.0,No Discount,18.0,True,16–18,Standard (70cl),46–50%,True
2025-12-29 22:14:54,Single Malt,79715,Ardbeg Traigh Bhan 19 Year Old / Batch 5,Ardbeg,70cl / 46.2%,207.5,(£355.71 per litre),Islay,,https://www.thewhiskyexchange.com/p/79715/ardbeg-traigh-bhan-19-year-old-batch-5,https://img.thewhiskyexchange.com/380/abgob.19yov4.jpg?v=202407241,False,70.0,0.7,46.2,355.71,,False,207.5,207.5,296.43,32.34,6.42,Luxury,0.0,No Discount,19.0,True,19–25,Standard (70cl),46–50%,False
2025-12-29 22:14:54,Single Malt,81610,Blair Athol 2007 / 16 Year Old / The Seasons: Winter / The Whisky Exchange,Blair Athol,70cl / 55.1%,91.67,(£157.14 per litre),Highland,,https://www.thewhiskyexchange.com/p/81610/blair-athol-2007-16-year-old-the-seasons-winter-the-whisky-exchange,https://img.thewhiskyexchange.com/380/blatwe2007.jpg?v=202407241,False,70.0,0.7,55.1,157.14,,False,91.67,91.67,130.96,38.57,2.38,Premium,0.0,No Discount,16.0,True,16–18,Standard (70cl),50%+,True
2025-12-29 22:14:54,Single Malt,84888,Glendullan 2009 / 15 Year Old / Cask 9 / Signatory Cask Strength,Glendullan,70cl / 55.6%,65.21,(£111.79 per litre),Speyside,,https://www.thewhiskyexchange.com/p/84888/glendullan-2009-15-year-old-cask-9-signatory-cask-strength,https://img.thewhiskyexchange.com/380/gdlsig2009v2.jpg?v=202407241,False,70.0,0.7,55.6,111.79,,False,65.21,65.21,93.16,38.92,1.68,Premium,0.0,No Discount,15.0,True,11–15,Standard (70cl),50%+,True
2025-12-29 22:14:54,Single Malt,80559,Glenallachie 9 Year Old Amontillado Sherry Cask Finish / The Wood Collection,Glenallachie,70cl / 48%,43.75,(£75 per litre),Speyside,,https://www.thewhiskyexchange.com/p/80559/glenallachie-9-year-old-amontillado-sherry-cask-finish-the-wood-collection,https://img.thewhiskyexchange.com/380/gleob.09yov2.jpg?v=202407241,False,70.0,0.7,48.0,75.0,,False,43.75,43.75,62.5,33.599999999999994,1.3,Premium,0.0,No Discount,9.0,True,≤10,Standard (70cl),46–50%,False
2025-12-29 22:14:54,Single Malt,86437,Adelphi's Islay 10 Year Old (Caol Ila),Caol Ila,70cl / 46%,41.62,(£71.36 per litre),Islay,,https://www.thewhiskyexchange.com/p/86437/adelphis-islay-10-year-old-caol-ila,https://img.thewhiskyexchange.com/380/ciladl10yo.jpg?v=202407241,False,70.0,0.7,46.0,71.36,,False,41.62,41.62,59.46,32.199999999999996,1.29,Premium,0.0,No Discount,10.0,True,≤10,Standard (70cl),43–46%,False
2025-12-29 22:14:54,Single Malt,86397,Kilchoman 11 Year Old 100% Islay / Sherry Cask Matured,Kilchoman,70cl / 50%,66.25,(£113.57 per litre),Islay,,https://www.thewhiskyexchange.com/p/86397/kilchoman-11-year-old-100-islay-sherry-cask-matured,https://img.thewhiskyexchange.com/380/kilob.11yo.jpg?v=202407241,False,70.0,0.7,50.0,113.57,,False,66.25,66.25,94.64,35.0,1.89,Premium,0.0,No Discount,11.0,True,11–15,Standard (70cl),46–50%,True
2025-12-29 22:14:54,Single Malt,84456,Kilchoman Loch Gorm / 2025 Release,Kilchoman,70cl / 46%,62.46,(£107.07 per litre),Islay,,https://www.thewhiskyexchange.com/p/84456/kilchoman-loch-gorm-2025-release,https://img.thewhiskyexchange.com/380/kilob.non61.jpg?v=202407241,False,70.0,0.7,46.0,107.07,,False,62.46,62.46,89.23,32.199999999999996,1.94,Premium,0.0,No Discount,,False,,Standard (70cl),43–46%,False
2025-12-29 22:14:54,Single Malt,3683,Finlaggan Cask Strength Islay Malt,Finlaggan,70cl / 58%,49.79,(£85.36 per litre),Islay,,https://www.thewhiskyexchange.com/p/3683/finlaggan-cask-strength-islay-malt,https://img.thewhiskyexchange.com/380/malts_fin3.jpg?v=202407241,False,70.0,0.7,58.0,85.36,,False,49.79,49.79,71.13,40.599999999999994,1.23,Premium,0.0,No Discount,,False,,Standard (70cl),50%+,True
2025-12-29 22:14:54,Single Malt,86547,Ardmore 2011 / 14 Year Old / Signatory 100 Proof Edition 62,Ardmore,70cl / 57.1%,40.42,(£69.29 per litre),Highland,,https://www.thewhiskyexchange.com/p/86547/ardmore-2011-14-year-old-signatory-100-proof-edition-62,https://img.thewhiskyexchange.com/380/ardsig2011v3.jpg?v=202407241,False,70.0,0.7,57.1,69.29,,False,40.42,40.42,57.74,39.97,1.01,Premium,0.0,No Discount,14.0,True,11–15,Standard (70cl),50%+,True
2025-12-29 22:14:54,Single Malt,56564,Cragganmore 2007 Distillers Edition / Bot.2019,Cragganmore,70cl / 40%,64.12,(£109.93 per litre),Speyside,,https://www.thewhiskyexchange.com/p/56564/cragganmore-2007-distillers-edition-bot2019,https://img.thewhiskyexchange.com/380/cgmob.2007.jpg?v=202407241,False,70.0,0.7,40.0,109.93,,False,64.12,64.12,91.6,28.0,2.29,Premium,0.0,No Discount,,False,,Standard (70cl),≤40%,False
2025-12-29 22:14:54,Single Malt,66882,Ardnamurchan AD Single Malt,Ardnamurchan,70cl / 46.8%,40.21,(£68.93 per litre),Highland,,https://www.thewhiskyexchange.com/p/66882/ardnamurchan-ad-single-malt,https://img.thewhiskyexchange.com/380/amcob.non14.jpg?v=202407241,False,70.0,0.7,46.8,68.93,,False,40.21,40.21,57.44,32.76,1.23,Premium,0.0,No Discount,,False,,Standard (70cl),46–50%,False
2025-12-29 22:14:54,Single Malt,4937,Tomintoul 10 Year Old,Tomintoul,70cl / 40%,31.88,(£54.64 per litre),Speyside,,https://www.thewhiskyexchange.com/p/4937/tomintoul-10-year-old,https://img.thewhiskyexchange.com/380/tmtob.10yov1.jpg?v=202407241,False,70.0,0.7,40.0,54.64,,False,31.88,31.88,45.54,28.0,1.14,Budget,0.0,No Discount,10.0,True,≤10,Standard (70cl),≤40%,False
2025-12-29 22:14:54,Single Malt,19675,Tullibardine 225 / Sauternes Finish,Tullibardine,70cl / 43%,35.21,(£60.36 per litre),Highland,,https://www.thewhiskyexchange.com/p/19675/tullibardine-225-sauternes-finish,https://img.thewhiskyexchange.com/380/tulob.non3.jpg?v=202407241,False,70.0,0.7,43.0,60.36,,False,35.21,35.21,50.3,30.099999999999998,1.17,Budget,0.0,No Discount,,False,,Standard (70cl),40–43%,False
2025-12-29 22:14:54,Single Malt,63743,Laphroaig 10 Year Old Cask Strength / Batch 014 / Bot.2021,Laphroaig,70cl / 58.6%,60.79,(£104.21 per litre),Islay,,https://www.thewhiskyexchange.com/p/63743/laphroaig-10-year-old-cask-strength-batch-014-bot2021,https://img.thewhiskyexchange.com/380/lrgob.10yov84.jpg?v=202407241,False,70.0,0.7,58.6,104.21,,False,60.79,60.79,86.84,41.019999999999996,1.48,Premium,0.0,No Discount,10.0,True,≤10,Standard (70cl),50%+,True
2025-12-29 22:14:54,Single Malt,82547,Kilchoman Port Cask Matured / 2024 Edition,Kilchoman,70cl / 50%,66.62,(£114.21 per litre),Islay,,https://www.thewhiskyexchange.com/p/82547/kilchoman-port-cask-matured-2024-edition,https://img.thewhiskyexchange.com/380/kilob.non59.jpg?v=202407241,False,70.0,0.7,50.0,114.21,,False,66.62,66.62,95.17,35.0,1.9,Premium,0.0,No Discount,,False,,Standard (70cl),46–50%,True
2025-12-29 22:14:54,Single Malt,82298,Glen Scotia 14 Year Old / Icons of Campbeltown Release No.2,Glen Scotia,70cl / 56.8%,77.46,(£132.79 per litre),Campbeltown,,https://www.thewhiskyexchange.com/p/82298/glen-scotia-14-year-old-icons-of-campbeltown-release-no2,https://img.thewhiskyexchange.com/380/gstob.14yov1.jpg?v=202407241,False,70.0,0.7,56.8,132.79,,False,77.46,77.46,110.66,39.76,1.95,Premium,0.0,No Discount,14.0,True,11–15,Standard (70cl),50%+,True
2025-12-29 22:14:54,Single Malt,82020,Kilchoman 100% Islay / 9 Year Old / Bot.2024 / 14th Edition,Kilchoman,70cl / 50%,62.08,(£106.43 per litre),Islay,,https://www.thewhiskyexchange.com/p/82020/kilchoman-100-islay-9-year-old-bot2024-14th-edition,https://img.thewhiskyexchange.com/380/kilob.non58.jpg?v=202407241,False,70.0,0.7,50.0,106.43,,False,62.08,62.08,88.69,35.0,1.77,Premium,0.0,No Discount,9.0,True,≤10,Standard (70cl),46–50%,True
2025-12-29 22:14:54,Single Malt,81613,Caol Ila 2014 / 9 Year Old / The Seasons: Spring,Caol Ila,70cl / 59.9%,62.46,(£107.07 per litre),Islay,,https://www.thewhiskyexchange.com/p/81613/caol-ila-2014-9-year-old-the-seasons-spring,https://img.thewhiskyexchange.com/380/ciltwe2014v2.jpg?v=202407241,False,70.0,0.7,59.9,107.07,,False,62.46,62.46,89.23,41.93,1.49,Premium,0.0,No Discount,9.0,True,≤10,Standard (70cl),50%+,True
2025-12-29 22:14:54,Single Malt,70297,Ardnamurchan 2016 / 5 Year Old / The Whisky Exchange,Ardnamurchan,70cl / 53.1%,62.46,(£107.07 per litre),Highland,,https://www.thewhiskyexchange.com/p/70297/ardnamurchan-2016-5-year-old-the-whisky-exchange,https://img.thewhiskyexchange.com/380/amctwe2016.jpg?v=202407241,False,70.0,0.7,53.1,107.07,,False,62.46,62.46,89.23,37.17,1.68,Premium,0.0,No Discount,5.0,True,≤10,Standard (70cl),50%+,True
2025-12-29 22:14:54,Single Malt,26248,Ardmore Legacy,Ardmore,70cl / 40%,21.62,(£37.07 per litre),Highland,,https://www.thewhiskyexchange.com/p/26248/ardmore-legacy,https://img.thewhiskyexchange.com/380/ardob.non1.jpg?v=202407241,False,70.0,0.7,40.0,37.07,,False,21.62,21.62,30.89,28.0,0.77,Budget,0.0,No Discount,,False,,Standard (70cl),≤40%,False
2025-12-29 22:14:58,Blended,552,Johnnie Walker Blue Label,Johnnie Walker,70cl / 40%,140.83,(£210 per litre),,Special Offer: £22 Off!,https://www.thewhiskyexchange.com/p/552/johnnie-walker-blue-label,https://img.thewhiskyexchange.com/380/blend_joh84.jpg?v=202407241,False,70.0,0.7,40.0,210.0,22.0,True,162.83,162.83,232.61,28.0,5.82,Luxury,13.51,Medium (10–20%),,False,,Standard (70cl),≤40%,False
2025-12-29 22:14:58,Blended,57218,Johnnie Walker Gold Label Reserve / Glass Set,Johnnie Walker,70cl / 40%,47.71,(£56.07 per litre),,Special Offer: £18 Off!,https://www.thewhiskyexchange.com/p/57218/johnnie-walker-gold-label-reserve-glass-set,https://img.thewhiskyexchange.com/380/blend_joh248.jpg?v=202407241,False,70.0,0.7,40.0,56.07,18.0,True,65.71000000000001,65.71000000000001,93.87,28.0,2.35,Premium,27.39,High (20–40%),,False,,Standard (70cl),≤40%,False
2025-12-29 22:14:58,Blended,46949,Johnnie Walker Sweet Peat,Johnnie Walker,50cl / 40.8%,29.96,(£45.90 per litre),,Special Offer: £13 Off!,https://www.thewhiskyexchange.com/p/46949/johnnie-walker-sweet-peat,https://img.thewhiskyexchange.com/380/blend_joh222.jpg?v=202407241,False,50.0,0.5,40.8,45.9,13.0,True,42.96,42.96,85.92,20.4,2.11,Premium,30.26,High (20–40%),,False,,Standard (70cl),40–43%,False
2025-12-29 22:14:58,Blended,61892,Johnnie Walker Gold Label Cracker Pack,Johnnie Walker,20cl / 40%,8.29,(£4.98 per 10cl),,,https://www.thewhiskyexchange.com/p/61892/johnnie-walker-gold-label-cracker-pack,https://img.thewhiskyexchange.com/380/blend_joh257.jpg?v=202407241,False,20.0,0.2,40.0,49.8,,False,8.29,8.29,41.45,8.0,1.04,Budget,0.0,No Discount,,False,,Small (≤35cl),≤40%,False
2025-12-29 22:14:58,Blended,33092,Dimple Gold Selection,Dimple,70cl / 40%,30.42,(£45 per litre),,Special Offer: £5 Off!,https://www.thewhiskyexchange.com/p/33092/dimple-gold-selection,https://img.thewhiskyexchange.com/380/blend_dim53.jpg?v=202407241,False,70.0,0.7,40.0,45.0,5.0,True,35.42,35.42,50.6,28.0,1.27,Budget,14.12,Medium (10–20%),,False,,Standard (70cl),≤40%,False
2025-12-29 22:14:58,Blended,20000,Chivas Regal 18 Year Old Pininfarina Level 1,Chivas Regal,70cl / 40%,165.83,(£284.29 per litre),,,https://www.thewhiskyexchange.com/p/20000/chivas-regal-18-year-old-pininfarina-level-1,https://img.thewhiskyexchange.com/380/blend_chi36.jpg?v=202407241,False,70.0,0.7,40.0,284.29,,False,165.83,165.83,236.9,28.0,5.92,Luxury,0.0,No Discount,18.0,True,16–18,Standard (70cl),≤40%,False
2025-12-29 22:14:58,Blended,433,Black & White,Black & White,70cl / 40%,21.04,(£31.79 per litre),,Special Offer: £3 Off!,https://www.thewhiskyexchange.com/p/433/black-white,https://img.thewhiskyexchange.com/380/blend_bla4.jpg?v=202407241,False,70.0,0.7,40.0,31.79,3.0,True,24.04,24.04,34.34,28.0,0.86,Budget,12.48,Medium (10–20%),,False,,Standard (70cl),≤40%,False
2025-12-29 22:14:58,Blended,82475,Johnnie Walker Blue Label Diwali Edition / Exclusive to The Whisky Exchange,Johnnie Walker,70cl / 40%,143.33,(£245.71 per litre),,,https://www.thewhiskyexchange.com/p/82475/johnnie-walker-blue-label-diwali-edition-exclusive-to-the-whisky-exchange,https://img.thewhiskyexchange.com/380/blend_joh291.jpg?v=202407241,False,70.0,0.7,40.0,245.71,,False,143.33,143.33,204.76,28.0,5.12,Luxury,0.0,No Discount,,False,,Standard (70cl),≤40%,False
2025-12-29 22:14:58,Blended,71642,Royal Salute 21 Year Old The Miami Polo Edition,Royal Salute,70cl / 40%,179.17,(£307.14 per litre),,,https://www.thewhiskyexchange.com/p/71642/royal-salute-21-year-old-the-miami-polo-edition,https://img.thewhiskyexchange.com/380/blend_roy21yov3.jpg?v=202407241,False,70.0,0.7,40.0,307.14,,False,179.17,179.17,255.96,28.0,6.4,Luxury,0.0,No Discount,21.0,True,19–25,Standard (70cl),≤40%,False
2025-12-29 22:14:58,Blended,544,J&B Rare,J&B,70cl / 40%,21.04,(£36.07 per litre),,,https://www.thewhiskyexchange.com/p/544/jb-rare,https://img.thewhiskyexchange.com/380/blend_j!b1.jpg?v=202407241,False,70.0,0.7,40.0,36.07,,False,21.04,21.04,30.06,28.0,0.75,Budget,0.0,No Discount,,False,,Standard (70cl),≤40%,False
2025-12-29 22:14:58,Blended,62603,Dewar's Double Double 21 Year Old,Dewar's,50cl / 46%,116.67,(£280 per litre),,,https://www.thewhiskyexchange.com/p/62603/dewars-double-double-21-year-old,https://img.thewhiskyexchange.com/380/blend_dew21yo.jpg?v=202407241,False,50.0,0.5,46.0,280.0,,False,116.67,116.67,233.34,23.0,5.07,Premium,0.0,No Discount,21.0,True,19–25,Standard (70cl),43–46%,False
2025-12-29 22:14:58,Blended,72732,Ballantine’s 7 Year Old American Barrel x RZA Limited Edition,Ballantine's,70cl / 40%,31.62,(£54.21 per litre),,,https://www.thewhiskyexchange.com/p/72732/ballantines-7-year-old-american-barrel-x-rza-limited-edition,https://img.thewhiskyexchange.com/380/blend_bal07yov1.jpg?v=202407241,False,70.0,0.7,40.0,54.21,,False,31.62,31.62,45.17,28.0,1.13,Budget,0.0,No Discount,7.0,True,≤10,Standard (70cl),≤40%,False
2025-12-29 22:14:58,Blended,550,Johnnie Walker Black Label 12 Year Old,Johnnie Walker,70cl / 40%,26.04,(£44.64 per litre),,,https://www.thewhiskyexchange.com/p/550/johnnie-walker-black-label-12-year-old,https://img.thewhiskyexchange.com/380/blend_joh1.jpg?v=202407241,False,70.0,0.7,40.0,44.64,,False,26.04,26.04,37.2,28.0,0.93,Budget,0.0,No Discount,12.0,True,11–15,Standard (70cl),≤40%,False
2025-12-29 22:14:58,Blended,63501,Johnnie Walker Black Ruby,Johnnie Walker,70cl / 40%,31.04,(£53.21 per litre),,,https://www.thewhiskyexchange.com/p/63501/johnnie-walker-black-ruby,https://img.thewhiskyexchange.com/380/blend_joh316.jpg?v=202407241,False,70.0,0.7,40.0,53.21,,False,31.04,31.04,44.34,28.0,1.11,Budget,0.0,No Discount,,False,,Standard (70cl),≤40%,False
2025-12-29 22:14:58,Blended,21216,Johnnie Walker Blue Label / Small Bottle,Johnnie Walker,20cl / 40%,58.29,(£34.98 per 10cl),,,https://www.thewhiskyexchange.com/p/21216/johnnie-walker-blue-label-small-bottle,https://img.thewhiskyexchange.com/380/blend_joh134.jpg?v=202407241,False,20.0,0.2,40.0,349.8,,False,58.29,58.29,291.45,8.0,7.29,Premium,0.0,No Discount,,False,,Small (≤35cl),≤40%,False
2025-12-29 22:14:58,Blended,81827,Royal Salute 21 Year Old Signature Blend,Royal Salute,70cl / 40%,158.33,(£271.43 per litre),,,https://www.thewhiskyexchange.com/p/81827/royal-salute-21-year-old-signature-blend,https://img.thewhiskyexchange.com/380/blend_roy21yov8.jpg?v=202407241,False,70.0,0.7,40.0,271.43,,False,158.33,158.33,226.19,28.0,5.65,Luxury,0.0,No Discount,21.0,True,19–25,Standard (70cl),≤40%,False
2025-12-29 22:14:58,Blended,71563,Maclean's Nose Blended Scotch Whisky,Maclean's Nose,70cl / 46%,27.08,(£46.43 per litre),,,https://www.thewhiskyexchange.com/p/71563/macleans-nose-blended-scotch-whisky,https://img.thewhiskyexchange.com/380/blend_mac27.jpg?v=202407241,False,70.0,0.7,46.0,46.43,,False,27.08,27.08,38.69,32.199999999999996,0.84,Budget,0.0,No Discount,,False,,Standard (70cl),43–46%,False
2025-12-29 22:14:58,Blended,459,Cutty Sark,Cutty Sark,70cl / 40%,19.96,(£34.21 per litre),,,https://www.thewhiskyexchange.com/p/459/cutty-sark,https://img.thewhiskyexchange.com/380/blend_cut1.jpg?v=202407241,False,70.0,0.7,40.0,34.21,,False,19.96,19.96,28.51,28.0,0.71,Budget,0.0,No Discount,,False,,Standard (70cl),≤40%,False
2025-12-29 22:14:58,Blended,5329,Pig's Nose,Pig's Nose,70cl / 40%,19.12,(£32.79 per litre),,,https://www.thewhiskyexchange.com/p/5329/pigs-nose,https://img.thewhiskyexchange.com/380/blend_pig1.jpg?v=202407241,False,70.0,0.7,40.0,32.79,,False,19.12,19.12,27.31,28.0,0.68,Budget,0.0,No Discount,,False,,Standard (70cl),≤40%,False
2025-12-29 22:14:58,Blended,47977,Ballantine's Finest True Music Icons Elton John Edition,Ballantine's,70cl / 40%,21.25,(£36.43 per litre),,,https://www.thewhiskyexchange.com/p/47977/ballantines-finest-true-music-icons-elton-john-edition,https://img.thewhiskyexchange.com/380/blend_bal93.jpg?v=202407241,False,70.0,0.7,40.0,36.43,,False,21.25,21.25,30.36,28.0,0.76,Budget,0.0,No Discount,,False,,Standard (70cl),≤40%,False
2025-12-29 22:14:58,Blended,72478,Grand Old Parr 12 Year Old / Litre,Old Parr,100cl / 40%,48.29,,,,https://www.thewhiskyexchange.com/p/72478/grand-old-parr-12-year-old-litre,https://img.thewhiskyexchange.com/380/blend_par12yo.jpg?v=202407241,False,100.0,1.0,40.0,,,False,48.29,48.29,48.29,40.0,1.21,Premium,0.0,No Discount,12.0,True,11–15,Large (1L),≤40%,False
2025-12-29 22:14:58,Blended,649,Te Bheag,Té Bheag,70cl / 40%,28.75,(£49.29 per litre),,,https://www.thewhiskyexchange.com/p/649/te-bheag,https://img.thewhiskyexchange.com/380/blend_teb1.jpg?v=202407241,False,70.0,0.7,40.0,49.29,,False,28.75,28.75,41.07,28.0,1.03,Budget,0.0,No Discount,,False,,Standard (70cl),≤40%,False
2025-12-29 22:14:58,Blended,448,Chivas Regal 12 Year Old,Chivas Regal,70cl / 40%,20.21,(£34.64 per litre),,,https://www.thewhiskyexchange.com/p/448/chivas-regal-12-year-old,https://img.thewhiskyexchange.com/380/blend_chi1.jpg?v=202407241,False,70.0,0.7,40.0,34.64,,False,20.21,20.21,28.87,28.0,0.72,Budget,0.0,No Discount,12.0,True,11–15,Standard (70cl),≤40%,False
2025-12-29 22:14:58,Blended,67623,Cutty Sark 12 Year Old,Cutty Sark,70cl / 40%,26.46,(£45.36 per litre),,,https://www.thewhiskyexchange.com/p/67623/cutty-sark-12-year-old,https://img.thewhiskyexchange.com/380/blend_cut12yo.jpg?v=202407241,False,70.0,0.7,40.0,45.36,,False,26.46,26.46,37.8,28.0,0.94,Budget,0.0,No Discount,12.0,True,11–15,Standard (70cl),≤40%,False
2025-12-29 22:15:02,Blended,64986,Chivas Regal 18 Year Old / Gift Box,Chivas Regal,70cl / 40%,61.62,(£105.64 per litre),,,https://www.thewhiskyexchange.com/p/64986/chivas-regal-18-year-old-gift-box,https://img.thewhiskyexchange.com/380/blend_chi18yo.jpg?v=202407241,False,70.0,0.7,40.0,105.64,,False,61.62,61.62,88.03,28.0,2.2,Premium,0.0,No Discount,18.0,True,16–18,Standard (70cl),≤40%,False
2025-12-29 22:15:02,Blended,68124,Johnnie Walker 18 Year Old,Johnnie Walker,70cl / 40%,76.25,(£117.86 per litre),,Special Offer: £9 Off!,https://www.thewhiskyexchange.com/p/68124/johnnie-walker-18-year-old,https://img.thewhiskyexchange.com/380/blend_joh18yov2.jpg?v=202407241,False,70.0,0.7,40.0,117.86,9.0,True,85.25,85.25,121.79,28.0,3.04,Premium,10.56,Medium (10–20%),18.0,True,16–18,Standard (70cl),≤40%,False
2025-12-29 22:15:02,Blended,72610,Ballantine's Finest True Music Icons Queen Edition,Ballantine's,70cl / 40%,20.79,(£35.64 per litre),,,https://www.thewhiskyexchange.com/p/72610/ballantines-finest-true-music-icons-queen-edition,https://img.thewhiskyexchange.com/380/blend_bal118.jpg?v=202407241,False,70.0,0.7,40.0,35.64,,False,20.79,20.79,29.7,28.0,0.74,Budget,0.0,No Discount,,False,,Standard (70cl),≤40%,False
2025-12-29 22:15:02,Blended,29625,Cutty Sark Prohibition,Cutty Sark,70cl / 50%,23.75,(£40.71 per litre),,,https://www.thewhiskyexchange.com/p/29625/cutty-sark-prohibition,https://img.thewhiskyexchange.com/380/blend_cut22.jpg?v=202407241,False,70.0,0.7,50.0,40.71,,False,23.75,23.75,33.93,35.0,0.68,Budget,0.0,No Discount,,False,,Standard (70cl),46–50%,True
2025-12-29 22:15:02,Blended,84137,Johnnie Walker Blue Label x Rahul Mishra 2025 Limited Edition,Johnnie Walker,70cl / 40%,180.0,(£308.57 per litre),,,https://www.thewhiskyexchange.com/p/84137/johnnie-walker-blue-label-x-rahul-mishra-2025-limited-edition,https://img.thewhiskyexchange.com/380/blend_joh405.jpg?v=202407241,False,70.0,0.7,40.0,308.57,,False,180.0,180.0,257.14,28.0,6.43,Luxury,0.0,No Discount,,False,,Standard (70cl),≤40%,False
2025-12-29 22:15:02,Blended,60030,Dewar's 8 Year Old Caribbean Smooth,Dewar's,70cl / 40%,24.38,(£41.79 per litre),,,https://www.thewhiskyexchange.com/p/60030/dewars-8-year-old-caribbean-smooth,https://img.thewhiskyexchange.com/380/blend_dew08yo.jpg?v=202407241,False,70.0,0.7,40.0,41.79,,False,24.38,24.38,34.83,28.0,0.87,Budget,0.0,No Discount,8.0,True,≤10,Standard (70cl),≤40%,False
2025-12-29 22:15:02,Blended,423,Bell's Original,Bell's,70cl / 40%,16.62,(£28.50 per litre),,,https://www.thewhiskyexchange.com/p/423/bells-original,https://img.thewhiskyexchange.com/380/blend_bel1.jpg?v=202407241,False,70.0,0.7,40.0,28.5,,False,16.62,16.62,23.74,28.0,0.59,Budget,0.0,No Discount,,False,,Standard (70cl),≤40%,False
2025-12-29 22:15:02,Blended,43112,James Eadie Trade Mark X,James Eadie,70cl / 45.6%,26.62,(£45.64 per litre),,,https://www.thewhiskyexchange.com/p/43112/james-eadie-trade-mark-x,https://img.thewhiskyexchange.com/380/blend_ead1.jpg?v=202407241,False,70.0,0.7,45.6,45.64,,False,26.62,26.62,38.03,31.919999999999998,0.83,Budget,0.0,No Discount,,False,,Standard (70cl),43–46%,False
2025-12-29 22:15:02,Blended,18213,The Big Ben,Big Ben,50cl / 40%,19.58,(£47 per litre),,,https://www.thewhiskyexchange.com/p/18213/the-big-ben,https://img.thewhiskyexchange.com/380/blend_big2.jpg?v=202407241,False,50.0,0.5,40.0,47.0,,False,19.58,19.58,39.16,20.0,0.98,Budget,0.0,No Discount,,False,,Standard (70cl),≤40%,False
2025-12-29 22:15:02,Blended,429,Black Bottle,Black Bottle,70cl / 40%,18.75,(£32.14 per litre),,,https://www.thewhiskyexchange.com/p/429/black-bottle,https://img.thewhiskyexchange.com/380/blend_bla1.jpg?v=202407241,False,70.0,0.7,40.0,32.14,,False,18.75,18.75,26.79,28.0,0.67,Budget,0.0,No Discount,,False,,Standard (70cl),≤40%,False
2025-12-29 22:15:02,Blended,27930,Robert Burns Blend / Arran,Robert Burns (Arran),70cl / 40%,21.04,(£36.07 per litre),,,https://www.thewhiskyexchange.com/p/27930/robert-burns-blend-arran,https://img.thewhiskyexchange.com/380/blend_arr1.jpg?v=202407241,False,70.0,0.7,40.0,36.07,,False,21.04,21.04,30.06,28.0,0.75,Budget,0.0,No Discount,,False,,Standard (70cl),≤40%,False
2025-12-29 22:15:02,Blended,17271,Johnnie Walker Gold Label Reserve,Johnnie Walker,70cl / 40%,42.08,(£72.14 per litre),,,https://www.thewhiskyexchange.com/p/17271/johnnie-walker-gold-label-reserve,https://img.thewhiskyexchange.com/380/blend_joh104.jpg?v=202407241,False,70.0,0.7,40.0,72.14,,False,42.08,42.08,60.11,28.0,1.5,Premium,0.0,No Discount,,False,,Standard (70cl),≤40%,False
2025-12-29 22:15:02,Blended,562,Johnnie Walker Red Label,Johnnie Walker,70cl / 40%,19.38,(£33.21 per litre),,,https://www.thewhiskyexchange.com/p/562/johnnie-walker-red-label,https://img.thewhiskyexchange.com/380/blend_joh2.jpg?v=202407241,False,70.0,0.7,40.0,33.21,,False,19.38,19.38,27.69,28.0,0.69,Budget,0.0,No Discount,,False,,Standard (70cl),≤40%,False
2025-12-29 22:15:02,Blended,65706,White Heather 15 Year Old,White Heather,70cl / 46%,42.08,(£72.14 per litre),,,https://www.thewhiskyexchange.com/p/65706/white-heather-15-year-old,https://img.thewhiskyexchange.com/380/blend_whi15yo.jpg?v=202407241,False,70.0,0.7,46.0,72.14,,False,42.08,42.08,60.11,32.199999999999996,1.31,Premium,0.0,No Discount,15.0,True,11–15,Standard (70cl),43–46%,False
2025-12-29 22:15:02,Blended,86585,Chivas Regal 18 Year Old Pininfarina Level 2 with 2 Glasses,Chivas Regal,70cl / 40%,125.0,(£214.29 per litre),,,https://www.thewhiskyexchange.com/p/86585/chivas-regal-18-year-old-pininfarina-level-2-with-2-glasses,https://img.thewhiskyexchange.com/380/blend_chi18yov4.jpg?v=202407241,False,70.0,0.7,40.0,214.29,,False,125.0,125.0,178.57,28.0,4.46,Luxury,0.0,No Discount,18.0,True,16–18,Standard (70cl),≤40%,False
2025-12-29 22:15:02,Blended,28714,Hankey Bannister Original,Hankey Bannister,70cl / 40%,17.92,(£30.71 per litre),,,https://www.thewhiskyexchange.com/p/28714/hankey-bannister-original,https://img.thewhiskyexchange.com/380/blend_han7.jpg?v=202407241,False,70.0,0.7,40.0,30.71,,False,17.92,17.92,25.6,28.0,0.64,Budget,0.0,No Discount,,False,,Standard (70cl),≤40%,False
2025-12-29 22:15:02,Blended,68489,Personalised 42 Year Old Blended Scotch / Sherry Cask,Various,70cl / 46.6%,249.17,(£427.14 per litre),,,https://www.thewhiskyexchange.com/p/68489/personalised-42-year-old-blended-scotch-sherry-cask,https://img.thewhiskyexchange.com/380/blend_twe42yo.jpg?v=202407241,False,70.0,0.7,46.6,427.14,,False,249.17,249.17,355.96,32.62,7.64,Luxury,0.0,No Discount,42.0,True,25+,Standard (70cl),46–50%,False
2025-12-29 22:15:02,Blended,80102,Isle of Skye 12 Year Old Blended Whisky,Isle of Skye,70cl / 40%,27.46,(£47.07 per litre),,,https://www.thewhiskyexchange.com/p/80102/isle-of-skye-12-year-old-blended-whisky,https://img.thewhiskyexchange.com/380/blend_isl12yo.jpg?v=202407241,False,70.0,0.7,40.0,47.07,,False,27.46,27.46,39.23,28.0,0.98,Budget,0.0,No Discount,12.0,True,11–15,Standard (70cl),≤40%,False
2025-12-29 22:15:02,Blended,15667,Johnnie Walker Double Black,Johnnie Walker,70cl / 40%,31.04,(£53.21 per litre),,,https://www.thewhiskyexchange.com/p/15667/johnnie-walker-double-black,https://img.thewhiskyexchange.com/380/blend_joh88.jpg?v=202407241,False,70.0,0.7,40.0,53.21,,False,31.04,31.04,44.34,28.0,1.11,Budget,0.0,No Discount,,False,,Standard (70cl),≤40%,False
2025-12-29 22:15:02,Blended,12092,Famous Grouse / Small Bottle,Famous Grouse,20cl / 40%,5.79,(£3.48 per 10cl),,,https://www.thewhiskyexchange.com/p/12092/famous-grouse-small-bottle,https://img.thewhiskyexchange.com/380/blend_fam17.jpg?v=202407241,False,20.0,0.2,40.0,34.8,,False,5.79,5.79,28.95,8.0,0.72,Budget,0.0,No Discount,,False,,Small (≤35cl),≤40%,False
2025-12-29 22:15:02,Blended,72481,Dewar's 12 Year Old,Dewar's,70cl / 40%,31.62,(£54.21 per litre),,,https://www.thewhiskyexchange.com/p/72481/dewars-12-year-old,https://img.thewhiskyexchange.com/380/blend_dew12yov1.jpg?v=202407241,False,70.0,0.7,40.0,54.21,,False,31.62,31.62,45.17,28.0,1.13,Budget,0.0,No Discount,12.0,True,11–15,Standard (70cl),≤40%,False
2025-12-29 22:15:02,Blended,17555,Peter Dawson Special / Bot.1980s,Dawson's,37.5cl / 40%,8.29,(£26.53 per litre),,,https://www.thewhiskyexchange.com/p/17555/peter-dawson-special-bot1980s,https://img.thewhiskyexchange.com/380/blend_daw3.jpg?v=202407241,False,37.5,0.375,40.0,26.53,,False,8.29,8.29,22.11,15.0,0.55,Budget,0.0,No Discount,,False,,Standard (70cl),≤40%,False
2025-12-29 22:15:02,Blended,82394,Royal Salute 21 Year Old Harris Reed Edition / Pink Flagon,Royal Salute,70cl / 40%,208.33,(£357.14 per litre),,,https://www.thewhiskyexchange.com/p/82394/royal-salute-21-year-old-harris-reed-edition-pink-flagon,https://img.thewhiskyexchange.com/380/blend_roy21yov9.jpg?v=202407241,False,70.0,0.7,40.0,357.14,,False,208.33,208.33,297.61,28.0,7.44,Luxury,0.0,No Discount,21.0,True,19–25,Standard (70cl),≤40%,False
2025-12-29 22:15:02,Blended,80106,Isle of Skye 30 Year Old Blended Whisky,Isle of Skye,70cl / 40%,249.17,(£427.14 per litre),,,https://www.thewhiskyexchange.com/p/80106/isle-of-skye-30-year-old-blended-whisky,https://img.thewhiskyexchange.com/380/blend_isl30yo.jpg?v=202407241,False,70.0,0.7,40.0,427.14,,False,249.17,249.17,355.96,28.0,8.9,Luxury,0.0,No Discount,30.0,True,25+,Standard (70cl),≤40%,False
2025-12-29 22:15:05,Blended,81207,Antiquary 15 Year Old / Claret Cask Matured,Antiquary,70cl / 40%,32.08,(£55 per litre),,,https://www.thewhiskyexchange.com/p/81207/antiquary-15-year-old-claret-cask-matured,https://img.thewhiskyexchange.com/380/blend_ant15yov1.jpg?v=202407241,False,70.0,0.7,40.0,55.0,,False,32.08,32.08,45.83,28.0,1.15,Budget,0.0,No Discount,15.0,True,11–15,Standard (70cl),≤40%,False
2025-12-29 22:15:05,Blended,86586,Chivas Regal 18 Year Old / Pininfarina Gift Box,Chivas Regal,70cl / 40%,62.46,(£107.07 per litre),,,https://www.thewhiskyexchange.com/p/86586/chivas-regal-18-year-old-pininfarina-gift-box,https://img.thewhiskyexchange.com/380/blend_chi18yov5.jpg?v=202407241,False,70.0,0.7,40.0,107.07,,False,62.46,62.46,89.23,28.0,2.23,Premium,0.0,No Discount,18.0,True,16–18,Standard (70cl),≤40%,False
2025-12-29 22:15:05,Blended,17070,MacNaMara Rum Cask Finish Blended Scotch Whisky,MacNaMara,70cl / 40%,26.04,(£44.64 per litre),,,https://www.thewhiskyexchange.com/p/17070/macnamara-rum-cask-finish-blended-scotch-whisky,https://img.thewhiskyexchange.com/380/blend_mac10.jpg?v=202407241,False,70.0,0.7,40.0,44.64,,False,26.04,26.04,37.2,28.0,0.93,Budget,0.0,No Discount,,False,,Standard (70cl),≤40%,False
2025-12-29 22:15:05,Blended,72812,Black Bottle Captains Cask,Black Bottle,70cl / 46.3%,22.92,(£39.29 per litre),,,https://www.thewhiskyexchange.com/p/72812/black-bottle-captains-cask,https://img.thewhiskyexchange.com/380/blend_bla95.jpg?v=202407241,False,70.0,0.7,46.3,39.29,,False,22.92,22.92,32.74,32.41,0.71,Budget,0.0,No Discount,,False,,Standard (70cl),46–50%,False
2025-12-29 22:15:05,Blended,63476,Chivas Regal Extra 13 Year Old / Sherry Cask Matured,Chivas Regal,70cl / 40%,29.38,(£50.36 per litre),,,https://www.thewhiskyexchange.com/p/63476/chivas-regal-extra-13-year-old-sherry-cask-matured,https://img.thewhiskyexchange.com/380/blend_chi13yo.jpg?v=202407241,False,70.0,0.7,40.0,50.36,,False,29.38,29.38,41.97,28.0,1.05,Budget,0.0,No Discount,13.0,True,11–15,Standard (70cl),≤40%,False
2025-12-29 22:15:05,Blended,81208,Antiquary 21 Year Old / Port Cask Finish,Antiquary,70cl / 40%,78.54,(£134.64 per litre),,,https://www.thewhiskyexchange.com/p/81208/antiquary-21-year-old-port-cask-finish,https://img.thewhiskyexchange.com/380/blend_ant21yo.jpg?v=202407241,False,70.0,0.7,40.0,134.64,,False,78.54,78.54,112.2,28.0,2.8,Premium,0.0,No Discount,21.0,True,19–25,Standard (70cl),≤40%,False
2025-12-29 22:15:05,Blended,68254,Compass Box Ultramarine,Compass Box,70cl / 51%,182.5,(£312.86 per litre),,,https://www.thewhiskyexchange.com/p/68254/compass-box-ultramarine,https://img.thewhiskyexchange.com/380/blend_com14.jpg?v=202407241,False,70.0,0.7,51.0,312.86,,False,182.5,182.5,260.71,35.699999999999996,5.11,Luxury,0.0,No Discount,,False,,Standard (70cl),50%+,True
2025-12-29 22:15:05,Blended,80103,Isle of Skye 18 Year Old Blended Whisky,Isle of Skye,70cl / 40%,60.79,(£89.93 per litre),,Special Offer: £10 Off!,https://www.thewhiskyexchange.com/p/80103/isle-of-skye-18-year-old-blended-whisky,https://img.thewhiskyexchange.com/380/blend_isl18yo.jpg?v=202407241,False,70.0,0.7,40.0,89.93,10.0,True,70.78999999999999,70.78999999999999,101.13,28.0,2.53,Premium,14.13,Medium (10–20%),18.0,True,16–18,Standard (70cl),≤40%,False
2025-12-29 22:15:05,Blended,84676,Royal Salute 21 Year Old / The Rio de Janeiro Polo Edition,Royal Salute,70cl / 40%,179.17,(£307.14 per litre),,,https://www.thewhiskyexchange.com/p/84676/royal-salute-21-year-old-the-rio-de-janeiro-polo-edition,https://img.thewhiskyexchange.com/380/blend_roy21yov10.jpg?v=202407241,False,70.0,0.7,40.0,307.14,,False,179.17,179.17,255.96,28.0,6.4,Luxury,0.0,No Discount,21.0,True,19–25,Standard (70cl),≤40%,False
2025-12-29 22:15:05,Blended,82550,Woven Homemade Whisky / Sherried Scotch Blend,Woven,70cl / 46.4%,36.25,(£62.14 per litre),,,https://www.thewhiskyexchange.com/p/82550/woven-homemade-whisky-sherried-scotch-blend,https://img.thewhiskyexchange.com/380/blend_wov21.jpg?v=202407241,False,70.0,0.7,46.4,62.14,,False,36.25,36.25,51.79,32.48,1.12,Budget,0.0,No Discount,,False,,Standard (70cl),46–50%,False
2025-12-29 22:15:05,Blended,419,Ballantine's Finest,Ballantine's,70cl / 40%,19.79,(£33.93 per litre),,,https://www.thewhiskyexchange.com/p/419/ballantines-finest,https://img.thewhiskyexchange.com/380/blend_bal5.jpg?v=202407241,False,70.0,0.7,40.0,33.93,,False,19.79,19.79,28.27,28.0,0.71,Budget,0.0,No Discount,,False,,Standard (70cl),≤40%,False
2025-12-29 22:15:05,Blended,60013,Ballantine's 23 Year Old,Ballantine's,70cl / 40%,195.0,(£334.29 per litre),,,https://www.thewhiskyexchange.com/p/60013/ballantines-23-year-old,https://img.thewhiskyexchange.com/380/blend_bal23yo.jpg?v=202407241,False,70.0,0.7,40.0,334.29,,False,195.0,195.0,278.57,28.0,6.96,Luxury,0.0,No Discount,23.0,True,19–25,Standard (70cl),≤40%,False
2025-12-29 22:15:05,Blended,80405,Chivas Regal 18 Year Old French Oak / Ultimate Cask Collection,Chivas Regal,100cl / 48%,125.0,,,,https://www.thewhiskyexchange.com/p/80405/chivas-regal-18-year-old-french-oak-ultimate-cask-collection,https://img.thewhiskyexchange.com/380/blend_chi18yov1.jpg?v=202407241,False,100.0,1.0,48.0,,,False,125.0,125.0,125.0,48.0,2.6,Luxury,0.0,No Discount,18.0,True,16–18,Large (1L),46–50%,False
2025-12-29 22:15:05,Blended,80101,Isle of Skye 8 Year Old Blended Whisky,Isle of Skye,70cl / 40%,18.96,(£32.50 per litre),,,https://www.thewhiskyexchange.com/p/80101/isle-of-skye-8-year-old-blended-whisky,https://img.thewhiskyexchange.com/380/blend_isl08yo.jpg?v=202407241,False,70.0,0.7,40.0,32.5,,False,18.96,18.96,27.09,28.0,0.68,Budget,0.0,No Discount,8.0,True,≤10,Standard (70cl),≤40%,False
2025-12-29 22:15:05,Blended,70354,Ballantine's 21 Year Old,Ballantine's,70cl / 40%,112.5,(£192.86 per litre),,,https://www.thewhiskyexchange.com/p/70354/ballantines-21-year-old,https://img.thewhiskyexchange.com/380/blend_bal21yo.jpg?v=202407241,False,70.0,0.7,40.0,192.86,,False,112.5,112.5,160.71,28.0,4.02,Premium,0.0,No Discount,21.0,True,19–25,Standard (70cl),≤40%,False
2025-12-29 22:15:05,Blended,80667,Johnnie Walker Black Label 12 Year Old Sherry Finish,Johnnie Walker,70cl / 40%,40.42,(£69.29 per litre),,,https://www.thewhiskyexchange.com/p/80667/johnnie-walker-black-label-12-year-old-sherry-finish,https://img.thewhiskyexchange.com/380/blend_joh12yov3.jpg?v=202407241,False,70.0,0.7,40.0,69.29,,False,40.42,40.42,57.74,28.0,1.44,Premium,0.0,No Discount,12.0,True,11–15,Standard (70cl),≤40%,False
2025-12-29 22:15:05,Blended,22211,Buchanan's Master,Buchanan's,75cl / 40%,81.25,(£130 per litre),,,https://www.thewhiskyexchange.com/p/22211/buchanans-master,https://img.thewhiskyexchange.com/380/blend_buc17.jpg?v=202407241,False,75.0,0.75,40.0,130.0,,False,81.25,81.25,108.33,30.0,2.71,Premium,0.0,No Discount,,False,,Large (1L),≤40%,False
2025-12-29 22:15:05,Blended,83612,J&B 15 Year Old Reserve / Litre,J&B,100cl / 40%,62.46,,,,https://www.thewhiskyexchange.com/p/83612/jb-15-year-old-reserve-litre,https://img.thewhiskyexchange.com/380/blend_j!b15yo.jpg?v=202407241,False,100.0,1.0,40.0,,,False,62.46,62.46,62.46,40.0,1.56,Premium,0.0,No Discount,15.0,True,11–15,Large (1L),≤40%,False
2025-12-29 22:15:05,Blended,69891,Johnnie Walker Premier,Johnnie Walker,75cl / 43%,208.33,(£333.33 per litre),,,https://www.thewhiskyexchange.com/p/69891/johnnie-walker-premier,https://img.thewhiskyexchange.com/380/blend_joh280.jpg?v=202407241,False,75.0,0.75,43.0,333.33,,False,208.33,208.33,277.77,32.25,6.46,Luxury,0.0,No Discount,,False,,Large (1L),40–43%,False
2025-12-29 22:15:05,Blended,11576,Grant's Standfast / Bot.1970s,Grant's,75cl / 40%,66.62,(£106.60 per litre),,,https://www.thewhiskyexchange.com/p/11576/grants-standfast-bot1970s,https://img.thewhiskyexchange.com/380/blend_gra15.jpg?v=202407241,False,75.0,0.75,40.0,106.6,,False,66.62,66.62,88.83,30.0,2.22,Premium,0.0,No Discount,,False,,Large (1L),≤40%,False
2025-12-29 22:15:05,Blended,71215,Hankey Bannister 21 Year Old / Batch 3,Hankey Bannister,70cl / 40%,97.5,(£167.14 per litre),,,https://www.thewhiskyexchange.com/p/71215/hankey-bannister-21-year-old-batch-3,https://img.thewhiskyexchange.com/380/blend_han21yo.jpg?v=202407241,False,70.0,0.7,40.0,167.14,,False,97.5,97.5,139.29,28.0,3.48,Premium,0.0,No Discount,21.0,True,19–25,Standard (70cl),≤40%,False
2025-12-29 22:15:05,Blended,22100,Dimple Haig / Bot.1960s / Spring Cap,Dimple,75cl / 40%,187.5,(£300 per litre),,,https://www.thewhiskyexchange.com/p/22100/dimple-haig-bot1960s-spring-cap,https://img.thewhiskyexchange.com/380/blend_dim38.jpg?v=202407241,False,75.0,0.75,40.0,300.0,,False,187.5,187.5,250.0,30.0,6.25,Luxury,0.0,No Discount,,False,,Large (1L),≤40%,False
2025-12-29 22:15:05,Blended,24212,Haig's Gold Label / Bot.1950s / Spring Cap,Haig,75cl / 40%,208.33,(£333.33 per litre),,,https://www.thewhiskyexchange.com/p/24212/haigs-gold-label-bot1950s-spring-cap,https://img.thewhiskyexchange.com/380/blend_hai34.jpg?v=202407241,False,75.0,0.75,40.0,333.33,,False,208.33,208.33,277.77,30.0,6.94,Luxury,0.0,No Discount,,False,,Large (1L),≤40%,False
2025-12-29 22:15:05,Blended,338,Bell's Prince Henry (1984),Bell's,50cl / 40%,83.29,(£199.90 per litre),,,https://www.thewhiskyexchange.com/p/338/bells-prince-henry-1984,https://img.thewhiskyexchange.com/380/bells_hen1.jpg?v=202407241,False,50.0,0.5,40.0,199.9,,False,83.29,83.29,166.58,20.0,4.16,Premium,0.0,No Discount,,False,,Standard (70cl),≤40%,False
2025-12-29 22:15:09,Blended,58758,Compass Box Artist Blend,Compass Box,70cl / 43%,33.29,(£57.07 per litre),,,https://www.thewhiskyexchange.com/p/58758/compass-box-artist-blend,https://img.thewhiskyexchange.com/380/blend_com5.jpg?v=202407241,False,70.0,0.7,43.0,57.07,,False,33.29,33.29,47.56,30.099999999999998,1.11,Budget,0.0,No Discount,,False,,Standard (70cl),40–43%,False
2025-12-29 22:15:09,Blended,20483,Adelphi Private Stock Blended Whisky,Adelphi,70cl / 40%,22.29,(£38.21 per litre),,,https://www.thewhiskyexchange.com/p/20483/adelphi-private-stock-blended-whisky,https://img.thewhiskyexchange.com/380/blend_ade1.jpg?v=202407241,False,70.0,0.7,40.0,38.21,,False,22.29,22.29,31.84,28.0,0.8,Budget,0.0,No Discount,,False,,Standard (70cl),≤40%,False
2025-12-29 22:15:09,Blended,32646,Orbital 8 Year Old / World Blend / Sherry Cask / Whisky Magazine,Orbital,70cl / 46%,34.58,(£49.93 per litre),,Clearance Offer: £6.55 Off!,https://www.thewhiskyexchange.com/p/32646/orbital-8-year-old-world-blend-sherry-cask-whisky-magazine,https://img.thewhiskyexchange.com/380/blend_orb2.jpg?v=202407241,False,70.0,0.7,46.0,49.93,6.55,True,41.129999999999995,41.129999999999995,58.76,32.199999999999996,1.28,Premium,15.93,Medium (10–20%),8.0,True,≤10,Standard (70cl),43–46%,False
2025-12-29 22:15:09,Blended,23911,Hankey Bannister Heritage Blend,Hankey Bannister,70cl / 46%,26.62,(£45.64 per litre),,,https://www.thewhiskyexchange.com/p/23911/hankey-bannister-heritage-blend,https://img.thewhiskyexchange.com/380/blend_han5.jpg?v=202407241,False,70.0,0.7,46.0,45.64,,False,26.62,26.62,38.03,32.199999999999996,0.83,Budget,0.0,No Discount,,False,,Standard (70cl),43–46%,False
2025-12-29 22:15:09,Blended,86705,Old Parr 18 Year Old,Old Parr,75cl / 40%,62.46,(£99.93 per litre),,,https://www.thewhiskyexchange.com/p/86705/old-parr-18-year-old,https://img.thewhiskyexchange.com/380/blend_par18yo.jpg?v=202407241,False,75.0,0.75,40.0,99.93,,False,62.46,62.46,83.28,30.0,2.08,Premium,0.0,No Discount,18.0,True,16–18,Large (1L),≤40%,False
2025-12-29 22:15:09,Blended,80225,Chivas Regal 15 Year Old XV / Gold Bottle,Chivas Regal,70cl / 40%,42.08,(£72.14 per litre),,,https://www.thewhiskyexchange.com/p/80225/chivas-regal-15-year-old-xv-gold-bottle,https://img.thewhiskyexchange.com/380/blend_chi15yo.jpg?v=202407241,False,70.0,0.7,40.0,72.14,,False,42.08,42.08,60.11,28.0,1.5,Premium,0.0,No Discount,15.0,True,11–15,Standard (70cl),≤40%,False
2025-12-29 22:15:09,Blended,19605,Auld Alliance Whisky Armagnac Blend,Auld Alliance,70cl / 40%,187.5,(£321.43 per litre),,,https://www.thewhiskyexchange.com/p/19605/auld-alliance-whisky-armagnac-blend,https://img.thewhiskyexchange.com/380/blend_aul1.jpg?v=202407241,False,70.0,0.7,40.0,321.43,,False,187.5,187.5,267.86,28.0,6.7,Luxury,0.0,No Discount,,False,,Standard (70cl),≤40%,False
2025-12-29 22:15:09,Blended,21331,Haig & Haig 12 Year Old / Bot.1940s / Spring Cap,Haig,75cl / 43.4%,332.5,(£532 per litre),,,https://www.thewhiskyexchange.com/p/21331/haig-haig-12-year-old-bot1940s-spring-cap,https://img.thewhiskyexchange.com/380/blend_hai31.jpg?v=202407241,False,75.0,0.75,43.4,532.0,,False,332.5,332.5,443.33,32.55,10.22,Luxury,0.0,No Discount,12.0,True,11–15,Large (1L),43–46%,False
2025-12-29 22:15:09,Blended,8774,Old Parr 15 Year Old / Britain's Best Factory 1997,Old Parr,75cl / 43%,125.0,(£200 per litre),,,https://www.thewhiskyexchange.com/p/8774/old-parr-15-year-old-britains-best-factory-1997,https://img.thewhiskyexchange.com/380/blend_par13.jpg?v=202407241,False,75.0,0.75,43.0,200.0,,False,125.0,125.0,166.67,32.25,3.88,Luxury,0.0,No Discount,15.0,True,11–15,Large (1L),40–43%,False
2025-12-29 22:15:09,Blended,20001,Chivas Regal 18 Year Old Pininfarina Ice Drop Glass Pack,Chivas Regal,70cl / 40%,229.17,(£392.86 per litre),,,https://www.thewhiskyexchange.com/p/20001/chivas-regal-18-year-old-pininfarina-ice-drop-glass-pack,https://img.thewhiskyexchange.com/380/blend_chi37.jpg?v=202407241,False,70.0,0.7,40.0,392.86,,False,229.17,229.17,327.39,28.0,8.18,Luxury,0.0,No Discount,18.0,True,16–18,Standard (70cl),≤40%,False
2025-12-29 22:15:09,Blended,85900,Royal Salute 26 Year Old Kingdom Edition / Colheita Port Finish,Royal Salute,70cl / 40%,458.33,(£785.71 per litre),,,https://www.thewhiskyexchange.com/p/85900/royal-salute-26-year-old-kingdom-edition-colheita-port-finish,https://img.thewhiskyexchange.com/380/blend_roy26yo.jpg?v=202407241,False,70.0,0.7,40.0,785.71,,False,458.33,458.33,654.76,28.0,16.37,Luxury,0.0,No Discount,26.0,True,25+,Standard (70cl),≤40%,False
2025-12-29 22:15:09,Blended,71810,Ardray Blended Scotch Whisky,Ardray,70cl / 48%,47.92,(£82.14 per litre),,,https://www.thewhiskyexchange.com/p/71810/ardray-blended-scotch-whisky,https://img.thewhiskyexchange.com/380/blend_ard1.jpg?v=202407241,False,70.0,0.7,48.0,82.14,,False,47.92,47.92,68.46,33.599999999999994,1.43,Premium,0.0,No Discount,,False,,Standard (70cl),46–50%,False
2025-12-29 22:15:09,Blended,86587,Chivas Regal 18 Year Old American Oak / Ultimate Cask Collection 1,Chivas Regal,100cl / 48%,125.0,,,,https://www.thewhiskyexchange.com/p/86587/chivas-regal-18-year-old-american-oak-ultimate-cask-collection-1,https://img.thewhiskyexchange.com/380/blend_chi18yov6.jpg?v=202407241,False,100.0,1.0,48.0,,,False,125.0,125.0,125.0,48.0,2.6,Luxury,0.0,No Discount,18.0,True,16–18,Large (1L),46–50%,False
2025-12-29 22:15:09,Blended,86434,Adelphi Private Stock Reserve Peated Blended Whisky,Adelphi,70cl / 46%,33.12,(£56.79 per litre),,,https://www.thewhiskyexchange.com/p/86434/adelphi-private-stock-reserve-peated-blended-whisky,https://img.thewhiskyexchange.com/380/blend_adl1.jpg?v=202407241,False,70.0,0.7,46.0,56.79,,False,33.12,33.12,47.31,32.199999999999996,1.03,Budget,0.0,No Discount,,False,,Standard (70cl),43–46%,False
2025-12-29 22:15:09,Blended,86214,Chivas Regal 18 Year Old Margaux Wine Cask / Litre,Chivas Regal,100cl / 48%,104.17,,,,https://www.thewhiskyexchange.com/p/86214/chivas-regal-18-year-old-margaux-wine-cask-litre,https://img.thewhiskyexchange.com/380/blend_chi18yov3.jpg?v=202407241,False,100.0,1.0,48.0,,,False,104.17,104.17,104.17,48.0,2.17,Premium,0.0,No Discount,18.0,True,16–18,Large (1L),46–50%,False
2025-12-29 22:15:09,Blended,86164,J&B Jet / 15 Year Old / Bot.1990s,J&B,75cl / 43%,74.96,(£119.93 per litre),,,https://www.thewhiskyexchange.com/p/86164/jb-jet-15-year-old-bot1990s,https://img.thewhiskyexchange.com/380/blend_j!b15yov1.jpg?v=202407241,False,75.0,0.75,43.0,119.93,,False,74.96,74.96,99.95,32.25,2.32,Premium,0.0,No Discount,15.0,True,11–15,Large (1L),40–43%,False
2025-12-29 22:15:09,Blended,85712,Whyte & Mackay 21 Year Old / Masters Reserve,Whyte & Mackay,70cl / 43%,165.83,(£284.29 per litre),,,https://www.thewhiskyexchange.com/p/85712/whyte-mackay-21-year-old-masters-reserve,https://img.thewhiskyexchange.com/380/blend_why66.jpg?v=202407241,False,70.0,0.7,43.0,284.29,,False,165.83,165.83,236.9,30.099999999999998,5.51,Luxury,0.0,No Discount,21.0,True,19–25,Standard (70cl),40–43%,False
2025-12-29 22:15:09,Blended,85681,Chivas Regal 18 Year Old / Bot.1990s,Chivas Regal,70cl / 40%,145.83,(£250 per litre),,,https://www.thewhiskyexchange.com/p/85681/chivas-regal-18-year-old-bot1990s,https://img.thewhiskyexchange.com/380/blend_chi116.jpg?v=202407241,False,70.0,0.7,40.0,250.0,,False,145.83,145.83,208.33,28.0,5.21,Luxury,0.0,No Discount,18.0,True,16–18,Standard (70cl),≤40%,False
2025-12-29 22:15:09,Blended,85550,Something Special / Bot.1980s,Something Special,75cl / 40%,125.0,(£200 per litre),,,https://www.thewhiskyexchange.com/p/85550/something-special-bot1980s,https://img.thewhiskyexchange.com/380/blend_som14.jpg?v=202407241,False,75.0,0.75,40.0,200.0,,False,125.0,125.0,166.67,30.0,4.17,Luxury,0.0,No Discount,,False,,Large (1L),≤40%,False
2025-12-29 22:15:09,Blended,85328,Johnnie Walker Masters of Flavour 48 Year Old,Johnnie Walker,70cl / 41.8%,15625.0,"(£26,785.71 per litre)",,,https://www.thewhiskyexchange.com/p/85328/johnnie-walker-masters-of-flavour-48-year-old,https://img.thewhiskyexchange.com/380/blend_joh48yo.jpg?v=202407241,False,70.0,0.7,41.8,26785.71,,False,15625.0,15625.0,22321.43,29.259999999999994,534.01,Luxury,0.0,No Discount,48.0,True,25+,Standard (70cl),40–43%,False
2025-12-29 22:15:09,Blended,85327,Johnnie Walker Masters Ruby Reserve 40 Year Old,Johnnie Walker,70cl / 43%,11875.0,"(£20,357.14 per litre)",,,https://www.thewhiskyexchange.com/p/85327/johnnie-walker-masters-ruby-reserve-40-year-old,https://img.thewhiskyexchange.com/380/blend_joh40yo.jpg?v=202407241,False,70.0,0.7,43.0,20357.14,,False,11875.0,11875.0,16964.29,30.099999999999998,394.52,Luxury,0.0,No Discount,40.0,True,25+,Standard (70cl),40–43%,False
2025-12-29 22:15:09,Blended,85310,John Player Special / Bot.1980s,John Player,100cl / 40%,49.96,,,,https://www.thewhiskyexchange.com/p/85310/john-player-special-bot1980s,https://img.thewhiskyexchange.com/380/blend_joh347.jpg?v=202407241,False,100.0,1.0,40.0,,,False,49.96,49.96,49.96,40.0,1.25,Premium,0.0,No Discount,,False,,Large (1L),≤40%,False
2025-12-29 22:15:09,Blended,85256,Johnnie Walker Old Harmony / Bot.1980s,Johnnie Walker,75cl / 43%,249.17,(£398.67 per litre),,,https://www.thewhiskyexchange.com/p/85256/johnnie-walker-old-harmony-bot1980s,https://img.thewhiskyexchange.com/380/blend_joh346.jpg?v=202407241,False,75.0,0.75,43.0,398.67,,False,249.17,249.17,332.23,32.25,7.73,Luxury,0.0,No Discount,,False,,Large (1L),40–43%,False
2025-12-29 22:15:09,Blended,84935,Logan De Luxe / Bot.1970s,Logan,100cl / 40%,125.0,,,,https://www.thewhiskyexchange.com/p/84935/logan-de-luxe-bot1970s,https://img.thewhiskyexchange.com/380/blend_log19.jpg?v=202407241,False,100.0,1.0,40.0,,,False,125.0,125.0,125.0,40.0,3.12,Luxury,0.0,No Discount,,False,,Large (1L),≤40%,False
2025-12-29 22:15:13,Blended,85082,Lochside 1964 Single Blend / 61 Year Old / Duncan Taylor,Lochside,70cl / 45.8%,3437.5,"(£5,892.86 per litre)",,,https://www.thewhiskyexchange.com/p/85082/lochside-1964-single-blend-61-year-old-duncan-taylor,https://img.thewhiskyexchange.com/380/blend_lcs1964.jpg?v=202407241,False,70.0,0.7,45.8,5892.86,,False,3437.5,3437.5,4910.71,32.059999999999995,107.22,Luxury,0.0,No Discount,61.0,True,25+,Standard (70cl),43–46%,False
2025-12-29 22:15:13,Blended,84660,Chivas The Queen's Award for Export 1995,Chivas Regal,75cl / 43%,249.17,(£398.67 per litre),,,https://www.thewhiskyexchange.com/p/84660/chivas-the-queens-award-for-export-1995,https://img.thewhiskyexchange.com/380/blend_chi114.jpg?v=202407241,False,75.0,0.75,43.0,398.67,,False,249.17,249.17,332.23,32.25,7.73,Luxury,0.0,No Discount,,False,,Large (1L),40–43%,False
2025-12-29 22:15:13,Blended,84631,Tarot 3 The Empress Blended Scotch 2007 / 17 Year Old / North Star,North Star Spirits,70cl / 45.5%,41.62,(£71.36 per litre),,,https://www.thewhiskyexchange.com/p/84631/tarot-3-the-empress-blended-scotch-2007-17-year-old-north-star,https://img.thewhiskyexchange.com/380/blend_nss2007.jpg?v=202407241,False,70.0,0.7,45.5,71.36,,False,41.62,41.62,59.46,31.849999999999998,1.31,Premium,0.0,No Discount,17.0,True,16–18,Standard (70cl),43–46%,False
2025-12-29 22:15:13,Blended,84320,Whyte & Mackay 21 Year Old / Gold Medallion / Bot.1980s,Whyte & Mackay,75cl / 43%,165.83,(£265.33 per litre),,,https://www.thewhiskyexchange.com/p/84320/whyte-mackay-21-year-old-gold-medallion-bot1980s,https://img.thewhiskyexchange.com/380/blend_why65.jpg?v=202407241,False,75.0,0.75,43.0,265.33,,False,165.83,165.83,221.11,32.25,5.14,Luxury,0.0,No Discount,21.0,True,19–25,Large (1L),40–43%,False
2025-12-29 22:15:13,Blended,83761,Ballantine's Gold Seal / 12 Year Old,Ballantine's,70cl / 40%,83.29,(£142.79 per litre),,,https://www.thewhiskyexchange.com/p/83761/ballantines-gold-seal-12-year-old,https://img.thewhiskyexchange.com/380/blend_bal132.jpg?v=202407241,False,70.0,0.7,40.0,142.79,,False,83.29,83.29,118.99,28.0,2.97,Premium,0.0,No Discount,12.0,True,11–15,Standard (70cl),≤40%,False
2025-12-29 22:15:13,Blended,83502,Anchor Blend / Bot.1960s,Anchor,70cl / 40%,125.0,(£214.29 per litre),,,https://www.thewhiskyexchange.com/p/83502/anchor-blend-bot1960s,https://img.thewhiskyexchange.com/380/blend_anc1.jpg?v=202407241,False,70.0,0.7,40.0,214.29,,False,125.0,125.0,178.57,28.0,4.46,Luxury,0.0,No Discount,,False,,Standard (70cl),≤40%,False
2025-12-29 22:15:13,Blended,83135,Grand Old Parr De Luxe / Bot.1970s,Old Parr,100cl / 43%,145.83,,,,https://www.thewhiskyexchange.com/p/83135/grand-old-parr-de-luxe-bot1970s,https://img.thewhiskyexchange.com/380/blend_par56.jpg?v=202407241,False,100.0,1.0,43.0,,,False,145.83,145.83,145.83,43.0,3.39,Luxury,0.0,No Discount,,False,,Large (1L),40–43%,False
2025-12-29 22:15:13,Blended,83134,Grand Old Parr De Luxe / Bot.1970s,Old Parr,113cl / 40%,145.83,(£154.87 per litre),,,https://www.thewhiskyexchange.com/p/83134/grand-old-parr-de-luxe-bot1970s,https://img.thewhiskyexchange.com/380/blend_par55.jpg?v=202407241,False,113.0,1.13,40.0,154.87,,False,145.83,145.83,129.05,45.199999999999996,3.23,Luxury,0.0,No Discount,,False,,Extra Large (>1L),≤40%,False
2025-12-29 22:15:13,Blended,83132,Ballantine's 12 Year Old / Bot.1980s,Ballantine's,75cl / 40%,112.5,(£180 per litre),,,https://www.thewhiskyexchange.com/p/83132/ballantines-12-year-old-bot1980s,https://img.thewhiskyexchange.com/380/blend_bal129.jpg?v=202407241,False,75.0,0.75,40.0,180.0,,False,112.5,112.5,150.0,30.0,3.75,Premium,0.0,No Discount,12.0,True,11–15,Large (1L),≤40%,False
2025-12-29 22:15:13,Blended,83045,Bell's Royal Reserve 20 Year Old / Bot.1970s,Bell's,75cl / 43%,187.5,(£300 per litre),,,https://www.thewhiskyexchange.com/p/83045/bells-royal-reserve-20-year-old-bot1970s,https://img.thewhiskyexchange.com/380/blend_bel82.jpg?v=202407241,False,75.0,0.75,43.0,300.0,,False,187.5,187.5,250.0,32.25,5.81,Luxury,0.0,No Discount,20.0,True,19–25,Large (1L),40–43%,False
2025-12-29 22:15:13,Blended,83022,Chivas Imperial 18 Year Old / Bot.1990s,Chivas Regal,70cl / 43%,165.83,(£284.29 per litre),,,https://www.thewhiskyexchange.com/p/83022/chivas-imperial-18-year-old-bot1990s,https://img.thewhiskyexchange.com/380/blend_chi113.jpg?v=202407241,False,70.0,0.7,43.0,284.29,,False,165.83,165.83,236.9,30.099999999999998,5.51,Luxury,0.0,No Discount,18.0,True,16–18,Standard (70cl),40–43%,False
2025-12-29 22:15:13,Blended,82996,Bell's Extra Special / Bot.1980s,Bell's,75cl / 40%,79.12,(£126.60 per litre),,,https://www.thewhiskyexchange.com/p/82996/bells-extra-special-bot1980s,https://img.thewhiskyexchange.com/380/blend_bel80.jpg?v=202407241,False,75.0,0.75,40.0,126.6,,False,79.12,79.12,105.49,30.0,2.64,Premium,0.0,No Discount,,False,,Large (1L),≤40%,False
2025-12-29 22:15:13,Blended,82994,Bell's Extra Special / Bot.1970s,Bell's,100cl / 43%,125.0,,,,https://www.thewhiskyexchange.com/p/82994/bells-extra-special-bot1970s,https://img.thewhiskyexchange.com/380/blend_bel79.jpg?v=202407241,False,100.0,1.0,43.0,,,False,125.0,125.0,125.0,43.0,2.91,Luxury,0.0,No Discount,,False,,Large (1L),40–43%,False
2025-12-29 22:15:13,Blended,82804,Old Parr Seasons Summer,Old Parr,50cl / 43%,104.17,(£250 per litre),,,https://www.thewhiskyexchange.com/p/82804/old-parr-seasons-summer,https://img.thewhiskyexchange.com/380/blend_par54.jpg?v=202407241,False,50.0,0.5,43.0,250.0,,False,104.17,104.17,208.34,21.5,4.85,Premium,0.0,No Discount,,False,,Standard (70cl),40–43%,False
2025-12-29 22:15:13,Blended,82590,Whyte & Mackay 21 Year Old / Bot.1980s,Whyte & Mackay,75cl / 43%,165.83,(£265.33 per litre),,,https://www.thewhiskyexchange.com/p/82590/whyte-mackay-21-year-old-bot1980s,https://img.thewhiskyexchange.com/380/blend_why63.jpg?v=202407241,False,75.0,0.75,43.0,265.33,,False,165.83,165.83,221.11,32.25,5.14,Luxury,0.0,No Discount,21.0,True,19–25,Large (1L),40–43%,False
2025-12-29 22:15:13,Blended,82484,Ballantine's 17 Year Old / Bot.1980s,Ballantine's,75cl / 43%,208.33,(£333.33 per litre),,,https://www.thewhiskyexchange.com/p/82484/ballantines-17-year-old-bot1980s,https://img.thewhiskyexchange.com/380/blend_bal127.jpg?v=202407241,False,75.0,0.75,43.0,333.33,,False,208.33,208.33,277.77,32.25,6.46,Luxury,0.0,No Discount,17.0,True,16–18,Large (1L),40–43%,False
2025-12-29 22:15:13,Blended,82281,Whyte & Mackay 21 Year Old / Special Reserve / Bot.1980s,Whyte & Mackay,75cl / 43%,165.83,(£265.33 per litre),,,https://www.thewhiskyexchange.com/p/82281/whyte-mackay-21-year-old-special-reserve-bot1980s,https://img.thewhiskyexchange.com/380/blend_why62.jpg?v=202407241,False,75.0,0.75,43.0,265.33,,False,165.83,165.83,221.11,32.25,5.14,Luxury,0.0,No Discount,21.0,True,19–25,Large (1L),40–43%,False
2025-12-29 22:15:13,Blended,82466,Buchanan's Deluxe 12 Year Old / Litre,Buchanan's,100cl / 40%,48.96,,,,https://www.thewhiskyexchange.com/p/82466/buchanans-deluxe-12-year-old-litre,https://img.thewhiskyexchange.com/380/blend_buc12yo.jpg?v=202407241,False,100.0,1.0,40.0,,,False,48.96,48.96,48.96,40.0,1.22,Premium,0.0,No Discount,12.0,True,11–15,Large (1L),≤40%,False
2025-12-29 22:15:13,Blended,82252,William Lawson's 8 Year Old / Bot.1970s,William Lawson's,75cl / 43%,125.0,(£200 per litre),,,https://www.thewhiskyexchange.com/p/82252/william-lawsons-8-year-old-bot1970s,https://img.thewhiskyexchange.com/380/blend_law5.jpg?v=202407241,False,75.0,0.75,43.0,200.0,,False,125.0,125.0,166.67,32.25,3.88,Luxury,0.0,No Discount,8.0,True,≤10,Large (1L),40–43%,False
2025-12-29 22:15:13,Blended,82226,Big T 5 Year Old / Bot.1980s,Big T,100cl / 40%,70.79,,,,https://www.thewhiskyexchange.com/p/82226/big-t-5-year-old-bot1980s,https://img.thewhiskyexchange.com/380/blend_big4.jpg?v=202407241,False,100.0,1.0,40.0,,,False,70.79,70.79,70.79,40.0,1.77,Premium,0.0,No Discount,5.0,True,≤10,Large (1L),≤40%,False
2025-12-29 22:15:13,Blended,82285,Ballantine's 19 Year Old Signature / Bot.1980s,Ballantine's,75cl / 43%,165.83,(£265.33 per litre),,,https://www.thewhiskyexchange.com/p/82285/ballantines-19-year-old-signature-bot1980s,https://img.thewhiskyexchange.com/380/blend_bal125.jpg?v=202407241,False,75.0,0.75,43.0,265.33,,False,165.83,165.83,221.11,32.25,5.14,Luxury,0.0,No Discount,19.0,True,19–25,Large (1L),40–43%,False
2025-12-29 22:15:13,Blended,82118,Johnnie Walker Blue Label Ice Chalet,Johnnie Walker,70cl / 43%,270.83,(£464.29 per litre),,,https://www.thewhiskyexchange.com/p/82118/johnnie-walker-blue-label-ice-chalet,https://img.thewhiskyexchange.com/380/blend_joh289.jpg?v=202407241,False,70.0,0.7,43.0,464.29,,False,270.83,270.83,386.9,30.099999999999998,9.0,Luxury,0.0,No Discount,,False,,Standard (70cl),40–43%,False
2025-12-29 22:15:13,Blended,82067,Dewar's Double Double 32 Year Old,Dewar's,50cl / 46%,341.67,(£820 per litre),,,https://www.thewhiskyexchange.com/p/82067/dewars-double-double-32-year-old,https://img.thewhiskyexchange.com/380/blend_dew32yo.jpg?v=202407241,False,50.0,0.5,46.0,820.0,,False,341.67,341.67,683.34,23.0,14.86,Luxury,0.0,No Discount,32.0,True,25+,Standard (70cl),43–46%,False
2025-12-29 22:15:13,Blended,82066,Dewar's Double Double 27 Year Old,Dewar's,50cl / 46%,240.0,(£576 per litre),,,https://www.thewhiskyexchange.com/p/82066/dewars-double-double-27-year-old,https://img.thewhiskyexchange.com/380/blend_dew27yo.jpg?v=202407241,False,50.0,0.5,46.0,576.0,,False,240.0,240.0,480.0,23.0,10.43,Luxury,0.0,No Discount,27.0,True,25+,Standard (70cl),43–46%,False
2025-12-29 22:15:17,Blended,81874,White Heather 8 Year Old / Bot.1980s,White Heather,75cl / 40%,145.83,(£233.33 per litre),,,https://www.thewhiskyexchange.com/p/81874/white-heather-8-year-old-bot1980s,https://img.thewhiskyexchange.com/380/blend_whi99.jpg?v=202407241,False,75.0,0.75,40.0,233.33,,False,145.83,145.83,194.44,30.0,4.86,Luxury,0.0,No Discount,8.0,True,≤10,Large (1L),≤40%,False
2025-12-29 22:15:17,Blended,81809,White Heather De Luxe / Bot.1970s,White Heather,75cl / 40%,145.83,(£233.33 per litre),,,https://www.thewhiskyexchange.com/p/81809/white-heather-de-luxe-bot1970s,https://img.thewhiskyexchange.com/380/blend_whi98.jpg?v=202407241,False,75.0,0.75,40.0,233.33,,False,145.83,145.83,194.44,30.0,4.86,Luxury,0.0,No Discount,,False,,Large (1L),≤40%,False
2025-12-29 22:15:17,Blended,81808,Big T / 5 Year Old / Bot.1970s,Big T,75cl / 40%,83.29,(£133.27 per litre),,,https://www.thewhiskyexchange.com/p/81808/big-t-5-year-old-bot1970s,https://img.thewhiskyexchange.com/380/blend_big3.jpg?v=202407241,False,75.0,0.75,40.0,133.27,,False,83.29,83.29,111.05,30.0,2.78,Premium,0.0,No Discount,5.0,True,≤10,Large (1L),≤40%,False
2025-12-29 22:15:17,Blended,81779,Royal Salute 21 Year Old Harris Reed Edition / Gold Flagon,Royal Salute,70cl / 40%,208.33,(£357.14 per litre),,,https://www.thewhiskyexchange.com/p/81779/royal-salute-21-year-old-harris-reed-edition-gold-flagon,https://img.thewhiskyexchange.com/380/blend_roy21yov7.jpg?v=202407241,False,70.0,0.7,40.0,357.14,,False,208.33,208.33,297.61,28.0,7.44,Luxury,0.0,No Discount,21.0,True,19–25,Standard (70cl),≤40%,False
2025-12-29 22:15:17,Blended,81767,Whyte & Mackay 18 Year Old / Founders Reserve / Bot.1980s,Whyte & Mackay,75cl / 43%,125.0,(£200 per litre),,,https://www.thewhiskyexchange.com/p/81767/whyte-mackay-18-year-old-founders-reserve-bot1980s,https://img.thewhiskyexchange.com/380/blend_why58.jpg?v=202407241,False,75.0,0.75,43.0,200.0,,False,125.0,125.0,166.67,32.25,3.88,Luxury,0.0,No Discount,18.0,True,16–18,Large (1L),40–43%,False
2025-12-29 22:15:17,Blended,81509,Ballantine's 12 Year Old / Litre / Bot.1980s,Ballantine's,100cl / 43%,145.83,,,,https://www.thewhiskyexchange.com/p/81509/ballantines-12-year-old-litre-bot1980s,https://img.thewhiskyexchange.com/380/blend_bal124.jpg?v=202407241,False,100.0,1.0,43.0,,,False,145.83,145.83,145.83,43.0,3.39,Luxury,0.0,No Discount,12.0,True,11–15,Large (1L),40–43%,False
2025-12-29 22:15:17,Blended,81328,Johnnie Walker 15 Year Old / Gold Label / Bot.1990s,Johnnie Walker,75cl / 43%,416.67,(£666.67 per litre),,,https://www.thewhiskyexchange.com/p/81328/johnnie-walker-15-year-old-gold-label-bot1990s,https://img.thewhiskyexchange.com/380/blend_joh288.jpg?v=202407241,False,75.0,0.75,43.0,666.67,,False,416.67,416.67,555.56,32.25,12.92,Luxury,0.0,No Discount,15.0,True,11–15,Large (1L),40–43%,False
2025-12-29 22:15:17,Blended,81209,Antiquary 30 Year Old / Sherry Cask Finish,Antiquary,70cl / 40%,220.83,(£378.57 per litre),,,https://www.thewhiskyexchange.com/p/81209/antiquary-30-year-old-sherry-cask-finish,https://img.thewhiskyexchange.com/380/blend_ant30yo.jpg?v=202407241,False,70.0,0.7,40.0,378.57,,False,220.83,220.83,315.47,28.0,7.89,Luxury,0.0,No Discount,30.0,True,25+,Standard (70cl),≤40%,False
2025-12-29 22:15:17,Blended,81274,Chivas Regal 25 Year Old,Chivas Regal,70cl / 40%,298.33,(£511.43 per litre),,Special Offer: Free Pair of Chivas Cufflinks,https://www.thewhiskyexchange.com/p/81274/chivas-regal-25-year-old,https://img.thewhiskyexchange.com/380/blend_chi25yo.jpg?v=202407241,False,70.0,0.7,40.0,511.43,,False,298.33,298.33,426.19,28.0,10.65,Luxury,0.0,No Discount,25.0,True,19–25,Standard (70cl),≤40%,False
2025-12-29 22:15:17,Blended,80812,Chivas Imperial 18 Year Old / Bot.1990s,Chivas Regal,70cl / 43%,165.83,(£284.29 per litre),,,https://www.thewhiskyexchange.com/p/80812/chivas-imperial-18-year-old-bot1990s,https://img.thewhiskyexchange.com/380/blend_chi112.jpg?v=202407241,False,70.0,0.7,43.0,284.29,,False,165.83,165.83,236.9,30.099999999999998,5.51,Luxury,0.0,No Discount,18.0,True,16–18,Standard (70cl),40–43%,False
2025-12-29 22:15:17,Blended,80752,White Horse / Bot.1960s,White Horse,75.7cl / 43%,332.5,(£527.08 per litre),,,https://www.thewhiskyexchange.com/p/80752/white-horse-bot1960s,https://img.thewhiskyexchange.com/380/blend_whi97.jpg?v=202407241,False,75.7,0.757,43.0,527.08,,False,332.5,332.5,439.23,32.551,10.21,Luxury,0.0,No Discount,,False,,Large (1L),40–43%,False
2025-12-29 22:15:17,Blended,80701,House of Commons 12 Year Old / Bot.1980s,House of Commons,75cl / 40%,125.0,(£200 per litre),,,https://www.thewhiskyexchange.com/p/80701/house-of-commons-12-year-old-bot1980s,https://img.thewhiskyexchange.com/380/blend_hou12.jpg?v=202407241,False,75.0,0.75,40.0,200.0,,False,125.0,125.0,166.67,30.0,4.17,Luxury,0.0,No Discount,12.0,True,11–15,Large (1L),≤40%,False
2025-12-29 22:15:17,Blended,80658,Compass Box Celestial,Compass Box,70cl / 50%,237.5,(£407.14 per litre),,,https://www.thewhiskyexchange.com/p/80658/compass-box-celestial,https://img.thewhiskyexchange.com/380/blend_com18.jpg?v=202407241,False,70.0,0.7,50.0,407.14,,False,237.5,237.5,339.29,35.0,6.79,Luxury,0.0,No Discount,,False,,Standard (70cl),46–50%,True
2025-12-29 22:15:17,Blended,80624,Wildmoor 30 Year Old Rugged Coast,Wildmoor,70cl / 42%,308.33,(£528.57 per litre),,,https://www.thewhiskyexchange.com/p/80624/wildmoor-30-year-old-rugged-coast,https://img.thewhiskyexchange.com/380/blend_wil30yo.jpg?v=202407241,False,70.0,0.7,42.0,528.57,,False,308.33,308.33,440.47,29.4,10.49,Luxury,0.0,No Discount,30.0,True,25+,Standard (70cl),40–43%,False
2025-12-29 22:15:17,Blended,80396,Royal Salute 21 Year Old Peated Blend,Royal Salute,70cl / 40%,137.5,(£235.71 per litre),,,https://www.thewhiskyexchange.com/p/80396/royal-salute-21-year-old-peated-blend,https://img.thewhiskyexchange.com/380/blend_roy21yov6.jpg?v=202407241,False,70.0,0.7,40.0,235.71,,False,137.5,137.5,196.43,28.0,4.91,Luxury,0.0,No Discount,21.0,True,19–25,Standard (70cl),≤40%,False
2025-12-29 22:15:17,Blended,80218,Black & White / Bot.1970s,Black & White,75cl / 40%,100.0,(£160 per litre),,,https://www.thewhiskyexchange.com/p/80218/black-white-bot1970s,https://img.thewhiskyexchange.com/380/blend_bla98.jpg?v=202407241,False,75.0,0.75,40.0,160.0,,False,100.0,100.0,133.33,30.0,3.33,Premium,0.0,No Discount,,False,,Large (1L),≤40%,False
2025-12-29 22:15:17,Blended,80141,Bell's 12 Year Old / Bot.1990s,Bell's,100cl / 43%,112.5,,,,https://www.thewhiskyexchange.com/p/80141/bells-12-year-old-bot1990s,https://img.thewhiskyexchange.com/380/blend_bel76.jpg?v=202407241,False,100.0,1.0,43.0,,,False,112.5,112.5,112.5,43.0,2.62,Premium,0.0,No Discount,12.0,True,11–15,Large (1L),40–43%,False
2025-12-29 22:15:17,Blended,80104,Isle of Skye 21 Year Old Blended Whisky,Isle of Skye,70cl / 40%,98.33,(£168.57 per litre),,,https://www.thewhiskyexchange.com/p/80104/isle-of-skye-21-year-old-blended-whisky,https://img.thewhiskyexchange.com/380/blend_isl21yo.jpg?v=202407241,False,70.0,0.7,40.0,168.57,,False,98.33,98.33,140.47,28.0,3.51,Premium,0.0,No Discount,21.0,True,19–25,Standard (70cl),≤40%,False
2025-12-29 22:15:17,Blended,79936,The Scotsman 8 Year Old / Bot.1970s,The Scotsman,75cl / 40%,145.83,(£233.33 per litre),,,https://www.thewhiskyexchange.com/p/79936/the-scotsman-8-year-old-bot1970s,https://img.thewhiskyexchange.com/380/blend_sco14.jpg?v=202407241,False,75.0,0.75,40.0,233.33,,False,145.83,145.83,194.44,30.0,4.86,Luxury,0.0,No Discount,8.0,True,≤10,Large (1L),≤40%,False
2025-12-29 22:15:17,Blended,79788,Whyte & Mackay 18 Year Old / Founders Reserve,Whyte & Mackay,70cl / 40%,125.0,(£214.29 per litre),,,https://www.thewhiskyexchange.com/p/79788/whyte-mackay-18-year-old-founders-reserve,https://img.thewhiskyexchange.com/380/blend_why56.jpg?v=202407241,False,70.0,0.7,40.0,214.29,,False,125.0,125.0,178.57,28.0,4.46,Luxury,0.0,No Discount,18.0,True,16–18,Standard (70cl),≤40%,False
2025-12-29 22:15:17,Blended,79600,Buchanan's Deluxe / Bot.1950s / Spring Cap,Buchanan's,75cl / 43%,270.83,(£433.33 per litre),,,https://www.thewhiskyexchange.com/p/79600/buchanans-deluxe-bot1950s-spring-cap,https://img.thewhiskyexchange.com/380/blend_buc27.jpg?v=202407241,False,75.0,0.75,43.0,433.33,,False,270.83,270.83,361.11,32.25,8.4,Luxury,0.0,No Discount,,False,,Large (1L),40–43%,False
2025-12-29 22:15:17,Blended,79555,Compass Box Art & Decadence,Compass Box,70cl / 49%,120.83,(£207.14 per litre),,,https://www.thewhiskyexchange.com/p/79555/compass-box-art-decadence,https://img.thewhiskyexchange.com/380/blend_com17.jpg?v=202407241,False,70.0,0.7,49.0,207.14,,False,120.83,120.83,172.61,34.3,3.52,Luxury,0.0,No Discount,,False,,Standard (70cl),46–50%,False
2025-12-29 22:15:17,Blended,73565,Cutty Sark Centenary Edition 23 Year Old,Cutty Sark,70cl / 52.2%,715.83,"(£1,227.14 per litre)",,,https://www.thewhiskyexchange.com/p/73565/cutty-sark-centenary-edition-23-year-old,https://img.thewhiskyexchange.com/380/blend_cut23yo.jpg?v=202407241,False,70.0,0.7,52.2,1227.14,,False,715.83,715.83,1022.61,36.54,19.59,Luxury,0.0,No Discount,23.0,True,19–25,Standard (70cl),50%+,True
2025-12-29 22:15:17,Blended,73549,Dimple / Bot.1950s / Spring Cap,Dimple,75cl / 40%,208.33,(£333.33 per litre),,,https://www.thewhiskyexchange.com/p/73549/dimple-bot1950s-spring-cap,https://img.thewhiskyexchange.com/380/blend_dim67.jpg?v=202407241,False,75.0,0.75,40.0,333.33,,False,208.33,208.33,277.77,30.0,6.94,Luxury,0.0,No Discount,,False,,Large (1L),≤40%,False
2025-12-29 22:15:23,Blended,73599,Johnnie Walker 18 Year Old Gold Label / Bot.1990s,Johnnie Walker,100cl / 43%,165.83,,,,https://www.thewhiskyexchange.com/p/73599/johnnie-walker-18-year-old-gold-label-bot1990s,https://img.thewhiskyexchange.com/380/blend_joh284.jpg?v=202407241,False,100.0,1.0,43.0,,,False,165.83,165.83,165.83,43.0,3.86,Luxury,0.0,No Discount,18.0,True,16–18,Large (1L),40–43%,False
2025-12-29 22:15:23,Blended,73336,Ballantine's 12 Year Old / Bot.1980s,Ballantine's,75cl / 43%,112.5,(£180 per litre),,,https://www.thewhiskyexchange.com/p/73336/ballantines-12-year-old-bot1980s,https://img.thewhiskyexchange.com/380/blend_bal120.jpg?v=202407241,False,75.0,0.75,43.0,180.0,,False,112.5,112.5,150.0,32.25,3.49,Premium,0.0,No Discount,12.0,True,11–15,Large (1L),40–43%,False
2025-12-29 22:15:23,Blended,73206,Haig Gold Label / NAAFI Stores / Bot.1950s,Haig,75cl / 40%,208.33,(£333.33 per litre),,,https://www.thewhiskyexchange.com/p/73206/haig-gold-label-naafi-stores-bot1950s,https://img.thewhiskyexchange.com/380/blend_hai61.jpg?v=202407241,False,75.0,0.75,40.0,333.33,,False,208.33,208.33,277.77,30.0,6.94,Luxury,0.0,No Discount,,False,,Large (1L),≤40%,False
2025-12-29 22:15:23,Blended,73110,Black Bull 30 Year Old / Faldo Special Edition,Black Bull,70cl / 50%,244.17,(£418.57 per litre),,,https://www.thewhiskyexchange.com/p/73110/black-bull-30-year-old-faldo-special-edition,https://img.thewhiskyexchange.com/380/blend_bla30yo.jpg?v=202407241,False,70.0,0.7,50.0,418.57,,False,244.17,244.17,348.81,35.0,6.98,Luxury,0.0,No Discount,30.0,True,25+,Standard (70cl),46–50%,True
2025-12-29 22:15:23,Blended,73109,Black Bull 18 Year Old / Faldo Special Editio,Black Bull,70cl / 50%,101.67,(£174.29 per litre),,,https://www.thewhiskyexchange.com/p/73109/black-bull-18-year-old-faldo-special-editio,https://img.thewhiskyexchange.com/380/blend_bla18yo.jpg?v=202407241,False,70.0,0.7,50.0,174.29,,False,101.67,101.67,145.24,35.0,2.9,Premium,0.0,No Discount,18.0,True,16–18,Standard (70cl),46–50%,True
2025-12-29 22:15:23,Blended,72863,Woven Whisky Experience N.17,Woven,50cl / 46.1%,58.54,(£140.50 per litre),,,https://www.thewhiskyexchange.com/p/72863/woven-whisky-experience-n17,https://img.thewhiskyexchange.com/380/blend_wov17.jpg?v=202407241,False,50.0,0.5,46.1,140.5,,False,58.54,58.54,117.08,23.05,2.54,Premium,0.0,No Discount,,False,,Standard (70cl),46–50%,False
2025-12-29 22:15:23,Blended,72861,Woven Whisky Experience N.15,Woven,50cl / 45.8%,43.29,(£103.90 per litre),,,https://www.thewhiskyexchange.com/p/72861/woven-whisky-experience-n15,https://img.thewhiskyexchange.com/380/blend_wov15.jpg?v=202407241,False,50.0,0.5,45.8,103.9,,False,43.29,43.29,86.58,22.9,1.89,Premium,0.0,No Discount,,False,,Standard (70cl),43–46%,False
2025-12-29 22:15:23,Blended,72646,Compass Box Metropolis,Compass Box,70cl / 46%,212.5,(£364.29 per litre),,,https://www.thewhiskyexchange.com/p/72646/compass-box-metropolis,https://img.thewhiskyexchange.com/380/blend_com16.jpg?v=202407241,False,70.0,0.7,46.0,364.29,,False,212.5,212.5,303.57,32.199999999999996,6.6,Luxury,0.0,No Discount,,False,,Standard (70cl),43–46%,False
2025-12-29 22:15:23,Blended,72217,Storyman Blended Whisky,Storyman,70cl / 46%,46.04,(£78.93 per litre),,,https://www.thewhiskyexchange.com/p/72217/storyman-blended-whisky,https://img.thewhiskyexchange.com/380/blend_sto1.jpg?v=202407241,False,70.0,0.7,46.0,78.93,,False,46.04,46.04,65.77,32.199999999999996,1.43,Premium,0.0,No Discount,,False,,Standard (70cl),43–46%,False
2025-12-29 22:15:23,Blended,72087,Blended Scotch Whisky 1989 / 34 Year Old / Gleann Mor Rare Find,Various,70cl / 54.9%,197.5,(£338.57 per litre),,,https://www.thewhiskyexchange.com/p/72087/blended-scotch-whisky-1989-34-year-old-gleann-mor-rare-find,https://img.thewhiskyexchange.com/380/blend_glm1989.jpg?v=202407241,False,70.0,0.7,54.9,338.57,,False,197.5,197.5,282.14,38.43,5.14,Luxury,0.0,No Discount,34.0,True,25+,Standard (70cl),50%+,True
2025-12-29 22:15:23,Blended,71665,Cutty Sark 33 Year Old,Cutty Sark,70cl / 41.7%,538.33,(£922.86 per litre),,,https://www.thewhiskyexchange.com/p/71665/cutty-sark-33-year-old,https://img.thewhiskyexchange.com/380/blend_cut33yo.jpg?v=202407241,False,70.0,0.7,41.7,922.86,,False,538.33,538.33,769.04,29.19,18.44,Luxury,0.0,No Discount,33.0,True,25+,Standard (70cl),40–43%,False
2025-12-29 22:15:23,Blended,71246,Gilbey's Spey Royal / Bot.1970s,Gilbey's,75cl / 40%,125.0,(£200 per litre),,,https://www.thewhiskyexchange.com/p/71246/gilbeys-spey-royal-bot1970s,https://img.thewhiskyexchange.com/380/blend_gil15.jpg?v=202407241,False,75.0,0.75,40.0,200.0,,False,125.0,125.0,166.67,30.0,4.17,Luxury,0.0,No Discount,,False,,Large (1L),≤40%,False
2025-12-29 22:15:23,Blended,71095,Woven Whisky Experience N.13 Catalyst,Woven,50cl / 47.1%,53.29,(£127.90 per litre),,,https://www.thewhiskyexchange.com/p/71095/woven-whisky-experience-n13-catalyst,https://img.thewhiskyexchange.com/380/blend_wov13.jpg?v=202407241,False,50.0,0.5,47.1,127.9,,False,53.29,53.29,106.58,23.55,2.26,Premium,0.0,No Discount,,False,,Standard (70cl),46–50%,False
2025-12-29 22:15:23,Blended,71096,Woven Whisky Experience N.14 Kaleidoscopic,Woven,50cl / 51.7%,70.79,(£169.90 per litre),,,https://www.thewhiskyexchange.com/p/71096/woven-whisky-experience-n14-kaleidoscopic,https://img.thewhiskyexchange.com/380/blend_wov14.jpg?v=202407241,False,50.0,0.5,51.7,169.9,,False,70.79,70.79,141.58,25.85,2.74,Premium,0.0,No Discount,,False,,Standard (70cl),50%+,True
2025-12-29 22:15:23,Blended,71094,Woven Whisky Experience N.12 Echoes,Woven,50cl / 47.3%,42.46,(£101.90 per litre),,,https://www.thewhiskyexchange.com/p/71094/woven-whisky-experience-n12-echoes,https://img.thewhiskyexchange.com/380/blend_wov12.jpg?v=202407241,False,50.0,0.5,47.3,101.9,,False,42.46,42.46,84.92,23.65,1.8,Premium,0.0,No Discount,,False,,Standard (70cl),46–50%,False
2025-12-29 22:15:23,Blended,70503,Compass Box Delos,Compass Box,70cl / 49%,208.33,(£357.14 per litre),,,https://www.thewhiskyexchange.com/p/70503/compass-box-delos,https://img.thewhiskyexchange.com/380/blend_com15.jpg?v=202407241,False,70.0,0.7,49.0,357.14,,False,208.33,208.33,297.61,34.3,6.07,Luxury,0.0,No Discount,,False,,Standard (70cl),46–50%,False
2025-12-29 22:15:23,Blended,70365,Royal Salute House of Quinn by Richard Quinn,Royal Salute,70cl / 49.8%,7916.67,"(£13,571.43 per litre)",,,https://www.thewhiskyexchange.com/p/70365/royal-salute-house-of-quinn-by-richard-quinn,https://img.thewhiskyexchange.com/380/blend_roy82.jpg?v=202407241,False,70.0,0.7,49.8,13571.43,,False,7916.67,7916.67,11309.53,34.85999999999999,227.1,Luxury,0.0,No Discount,,False,,Standard (70cl),46–50%,False
2025-12-29 22:15:23,Blended,69911,Something Special De Luxe Whisky / Bot.1980s,Something Special,75cl / 40%,125.0,(£200 per litre),,,https://www.thewhiskyexchange.com/p/69911/something-special-de-luxe-whisky-bot1980s,https://img.thewhiskyexchange.com/380/blend_som11.jpg?v=202407241,False,75.0,0.75,40.0,200.0,,False,125.0,125.0,166.67,30.0,4.17,Luxury,0.0,No Discount,,False,,Large (1L),≤40%,False
2025-12-29 22:15:23,Blended,69453,Johnnie Walker Swing / Bot.1960s,Johnnie Walker,76cl / 43%,332.5,(£525 per litre),,,https://www.thewhiskyexchange.com/p/69453/johnnie-walker-swing-bot1960s,https://img.thewhiskyexchange.com/380/blend_joh277.jpg?v=202407241,False,76.0,0.76,43.0,525.0,,False,332.5,332.5,437.5,32.68,10.17,Luxury,0.0,No Discount,,False,,Large (1L),40–43%,False
2025-12-29 22:15:23,Blended,68755,Whyte & Mackay 21 Year Old,Whyte & Mackay,70cl / 43%,165.83,(£284.29 per litre),,,https://www.thewhiskyexchange.com/p/68755/whyte-mackay-21-year-old,https://img.thewhiskyexchange.com/380/blend_why52.jpg?v=202407241,False,70.0,0.7,43.0,284.29,,False,165.83,165.83,236.9,30.099999999999998,5.51,Luxury,0.0,No Discount,21.0,True,19–25,Standard (70cl),40–43%,False
2025-12-29 22:15:23,Blended,68705,Johnnie Walker Premier,Johnnie Walker,75cl / 43%,208.33,(£333.33 per litre),,,https://www.thewhiskyexchange.com/p/68705/johnnie-walker-premier,https://img.thewhiskyexchange.com/380/blend_joh274.jpg?v=202407241,False,75.0,0.75,43.0,333.33,,False,208.33,208.33,277.77,32.25,6.46,Luxury,0.0,No Discount,,False,,Large (1L),40–43%,False
2025-12-29 22:15:23,Blended,68633,Johnnie Walker Red Label / Bot.1980s / Large Bottle,Johnnie Walker,200cl / 43%,229.17,(£137.50 per litre),,,https://www.thewhiskyexchange.com/p/68633/johnnie-walker-red-label-bot1980s-large-bottle,https://img.thewhiskyexchange.com/380/blend_joh404.jpg?v=202407241,False,200.0,2.0,43.0,137.5,,False,229.17,229.17,114.58,86.0,2.66,Luxury,0.0,No Discount,,False,,Extra Large (>1L),40–43%,False
2025-12-29 22:15:23,Blended,68614,Golden Heather / Bot.1970s,Golden Heather,75cl / 40%,125.0,(£200 per litre),,,https://www.thewhiskyexchange.com/p/68614/golden-heather-bot1970s,https://img.thewhiskyexchange.com/380/blend_gol6.jpg?v=202407241,False,75.0,0.75,40.0,200.0,,False,125.0,125.0,166.67,30.0,4.17,Luxury,0.0,No Discount,,False,,Large (1L),≤40%,False
2025-12-29 22:15:23,Blended,68180,Dewar's White Label / Bot.1980s,Dewar's,75cl / 40%,91.67,(£146.67 per litre),,,https://www.thewhiskyexchange.com/p/68180/dewars-white-label-bot1980s,https://img.thewhiskyexchange.com/380/blend_dew77.jpg?v=202407241,False,75.0,0.75,40.0,146.67,,False,91.67,91.67,122.23,30.0,3.06,Premium,0.0,No Discount,,False,,Large (1L),≤40%,False
2025-12-29 22:15:26,Blended,68163,Ballantine's 17 Year Old / Bot.1980s,Ballantine's,75cl / 43%,208.33,(£333.33 per litre),,,https://www.thewhiskyexchange.com/p/68163/ballantines-17-year-old-bot1980s,https://img.thewhiskyexchange.com/380/blend_bal116.jpg?v=202407241,False,75.0,0.75,43.0,333.33,,False,208.33,208.33,277.77,32.25,6.46,Luxury,0.0,No Discount,17.0,True,16–18,Large (1L),40–43%,False
2025-12-29 22:15:26,Blended,68050,Johnnie Walker Swing / Bot.1980s,Johnnie Walker,75cl / 43%,208.33,(£333.33 per litre),,,https://www.thewhiskyexchange.com/p/68050/johnnie-walker-swing-bot1980s,https://img.thewhiskyexchange.com/380/blend_joh402.jpg?v=202407241,False,75.0,0.75,43.0,333.33,,False,208.33,208.33,277.77,32.25,6.46,Luxury,0.0,No Discount,,False,,Large (1L),40–43%,False
2025-12-29 22:15:26,Blended,67723,Chivas Regal 12 Year Old / Bot.1980s,Chivas Regal,378cl / 43%,375.0,(£119.05 per litre),,,https://www.thewhiskyexchange.com/p/67723/chivas-regal-12-year-old-bot1980s,https://img.thewhiskyexchange.com/380/blend_chi101.jpg?v=202407241,False,378.0,3.78,43.0,119.05,,False,375.0,375.0,99.21,162.54,2.31,Luxury,0.0,No Discount,12.0,True,11–15,Extra Large (>1L),40–43%,False
2025-12-29 22:15:26,Blended,67659,Pure Scot Virgin Oak,Pure Scot,70cl / 43%,36.88,(£63.21 per litre),,,https://www.thewhiskyexchange.com/p/67659/pure-scot-virgin-oak,https://img.thewhiskyexchange.com/380/blend_pur3.jpg?v=202407241,False,70.0,0.7,43.0,63.21,,False,36.88,36.88,52.69,30.099999999999998,1.23,Budget,0.0,No Discount,,False,,Standard (70cl),40–43%,False
2025-12-29 22:15:26,Blended,67543,Dewar's White Label Centennial Flagon / 1886-1986 / Bot.1980s,Dewar's,75cl / 40%,208.33,(£333.33 per litre),,,https://www.thewhiskyexchange.com/p/67543/dewars-white-label-centennial-flagon-1886-1986-bot1980s,https://img.thewhiskyexchange.com/380/blend_dew80.jpg?v=202407241,False,75.0,0.75,40.0,333.33,,False,208.33,208.33,277.77,30.0,6.94,Luxury,0.0,No Discount,,False,,Large (1L),≤40%,False
2025-12-29 22:15:26,Blended,67529,Ballantine's 17 Year Old / Bot.1960s,Ballantine's,75cl / 40%,500.0,(£800 per litre),,,https://www.thewhiskyexchange.com/p/67529/ballantines-17-year-old-bot1960s,https://img.thewhiskyexchange.com/380/blend_bal113.jpg?v=202407241,False,75.0,0.75,40.0,800.0,,False,500.0,500.0,666.67,30.0,16.67,Luxury,0.0,No Discount,17.0,True,16–18,Large (1L),≤40%,False
2025-12-29 22:15:26,Blended,67511,Bell's Extra Special / Bot.1970s,Bell's,75cl / 40%,83.29,(£133.27 per litre),,,https://www.thewhiskyexchange.com/p/67511/bells-extra-special-bot1970s,https://img.thewhiskyexchange.com/380/blend_bel69.jpg?v=202407241,False,75.0,0.75,40.0,133.27,,False,83.29,83.29,111.05,30.0,2.78,Premium,0.0,No Discount,,False,,Large (1L),≤40%,False
2025-12-29 22:15:26,Blended,67474,Golden Age Blended Whisky / Bot.1970s,Golden Age,75.7cl / 40%,125.0,(£198.15 per litre),,,https://www.thewhiskyexchange.com/p/67474/golden-age-blended-whisky-bot1970s,https://img.thewhiskyexchange.com/380/blend_gol5.jpg?v=202407241,False,75.7,0.757,40.0,198.15,,False,125.0,125.0,165.13,30.28,4.13,Luxury,0.0,No Discount,,False,,Large (1L),≤40%,False
2025-12-29 22:15:26,Blended,67660,Pure Scot Signature 106,Pure Scot,70cl / 53%,45.62,(£78.21 per litre),,,https://www.thewhiskyexchange.com/p/67660/pure-scot-signature-106,https://img.thewhiskyexchange.com/380/blend_pur4.jpg?v=202407241,False,70.0,0.7,53.0,78.21,,False,45.62,45.62,65.17,37.099999999999994,1.23,Premium,0.0,No Discount,,False,,Standard (70cl),50%+,True
2025-12-29 22:15:26,Blended,67086,Dewar's Ancestor / Bot.1970s,Dewar's,75cl / 40%,165.83,(£265.33 per litre),,,https://www.thewhiskyexchange.com/p/67086/dewars-ancestor-bot1970s,https://img.thewhiskyexchange.com/380/blend_dew79.jpg?v=202407241,False,75.0,0.75,40.0,265.33,,False,165.83,165.83,221.11,30.0,5.53,Luxury,0.0,No Discount,,False,,Large (1L),≤40%,False
2025-12-29 22:15:26,Blended,67031,Knightrider / Bot.1960s,Knightrider,70cl / 40%,125.0,(£214.29 per litre),,,https://www.thewhiskyexchange.com/p/67031/knightrider-bot1960s,https://img.thewhiskyexchange.com/380/blend_kni.jpg?v=202407241,False,70.0,0.7,40.0,214.29,,False,125.0,125.0,178.57,28.0,4.46,Luxury,0.0,No Discount,,False,,Standard (70cl),≤40%,False
2025-12-29 22:15:26,Blended,67030,Glendrostan / Bot.1960s,Glendrostan,70cl / 40%,165.83,(£284.29 per litre),,,https://www.thewhiskyexchange.com/p/67030/glendrostan-bot1960s,https://img.thewhiskyexchange.com/380/blend_gle24.jpg?v=202407241,False,70.0,0.7,40.0,284.29,,False,165.83,165.83,236.9,28.0,5.92,Luxury,0.0,No Discount,,False,,Standard (70cl),≤40%,False
2025-12-29 22:15:26,Blended,66994,Royal Salute Platinum Jubilee / Richmond Brooch (Yellow),Royal Salute,70cl / 50.8%,12312.5,"(£21,107.14 per litre)",,,https://www.thewhiskyexchange.com/p/66994/royal-salute-platinum-jubilee-richmond-brooch-yellow,https://img.thewhiskyexchange.com/380/blend_roy79.jpg?v=202407241,False,70.0,0.7,50.8,21107.14,,False,12312.5,12312.5,17589.29,35.559999999999995,346.25,Luxury,0.0,No Discount,,False,,Standard (70cl),50%+,True
2025-12-29 22:15:26,Blended,66992,Royal Salute Platinum Jubilee / Pearl & Diamond Brooch (Pink),Royal Salute,70cl / 50.8%,12312.5,"(£21,107.14 per litre)",,,https://www.thewhiskyexchange.com/p/66992/royal-salute-platinum-jubilee-pearl-diamond-brooch-pink,https://img.thewhiskyexchange.com/380/blend_roy77.jpg?v=202407241,False,70.0,0.7,50.8,21107.14,,False,12312.5,12312.5,17589.29,35.559999999999995,346.25,Luxury,0.0,No Discount,,False,,Standard (70cl),50%+,True
2025-12-29 22:15:26,Blended,66991,Royal Salute Platinum Jubilee / Teck Corsage Brooch (Blue),Royal Salute,70cl / 50.8%,12312.5,"(£21,107.14 per litre)",,,https://www.thewhiskyexchange.com/p/66991/royal-salute-platinum-jubilee-teck-corsage-brooch-blue,https://img.thewhiskyexchange.com/380/blend_roy76.jpg?v=202407241,False,70.0,0.7,50.8,21107.14,,False,12312.5,12312.5,17589.29,35.559999999999995,346.25,Luxury,0.0,No Discount,,False,,Standard (70cl),50%+,True
2025-12-29 22:15:26,Blended,66990,Royal Salute Platinum Jubilee / Queen Adelaide's Brooch (Green),Royal Salute,70cl / 50.8%,12312.5,"(£21,107.14 per litre)",,,https://www.thewhiskyexchange.com/p/66990/royal-salute-platinum-jubilee-queen-adelaides-brooch-green,https://img.thewhiskyexchange.com/380/blend_roy75.jpg?v=202407241,False,70.0,0.7,50.8,21107.14,,False,12312.5,12312.5,17589.29,35.559999999999995,346.25,Luxury,0.0,No Discount,,False,,Standard (70cl),50%+,True
2025-12-29 22:15:26,Blended,66989,Royal Salute Platinum Jubilee / Kent Amethyst Brooch (Purple),Royal Salute,70cl / 50.8%,12312.5,"(£21,107.14 per litre)",,,https://www.thewhiskyexchange.com/p/66989/royal-salute-platinum-jubilee-kent-amethyst-brooch-purple,https://img.thewhiskyexchange.com/380/blend_roy74.jpg?v=202407241,False,70.0,0.7,50.8,21107.14,,False,12312.5,12312.5,17589.29,35.559999999999995,346.25,Luxury,0.0,No Discount,,False,,Standard (70cl),50%+,True
2025-12-29 22:15:26,Blended,66436,Ballantine's 12 Year Old / Bot.1980s,Ballantine's,100cl / 43%,145.83,,,,https://www.thewhiskyexchange.com/p/66436/ballantines-12-year-old-bot1980s,https://img.thewhiskyexchange.com/380/blend_bal111.jpg?v=202407241,False,100.0,1.0,43.0,,,False,145.83,145.83,145.83,43.0,3.39,Luxury,0.0,No Discount,12.0,True,11–15,Large (1L),40–43%,False
2025-12-29 22:15:26,Blended,66279,White Heather / De Luxe / Bot.1970s,White Heather,75cl / 43.4%,145.83,(£233.33 per litre),,,https://www.thewhiskyexchange.com/p/66279/white-heather-de-luxe-bot1970s,https://img.thewhiskyexchange.com/380/blend_whi90.jpg?v=202407241,False,75.0,0.75,43.4,233.33,,False,145.83,145.83,194.44,32.55,4.48,Luxury,0.0,No Discount,,False,,Large (1L),43–46%,False
2025-12-29 22:15:26,Blended,66253,James Haddow Special Liqueur / 10 Year Old /  Bot.1960s,James Haddow,75cl / 40%,104.17,(£166.67 per litre),,,https://www.thewhiskyexchange.com/p/66253/james-haddow-special-liqueur-10-year-old-bot1960s,https://img.thewhiskyexchange.com/380/blend_had.jpg?v=202407241,False,75.0,0.75,40.0,166.67,,False,104.17,104.17,138.89,30.0,3.47,Premium,0.0,No Discount,10.0,True,≤10,Large (1L),≤40%,False
2025-12-29 22:15:26,Blended,66164,White Horse / Bot.1970s,White Horse,75cl / 40%,125.0,(£200 per litre),,,https://www.thewhiskyexchange.com/p/66164/white-horse-bot1970s,https://img.thewhiskyexchange.com/380/blend_whi89.jpg?v=202407241,False,75.0,0.75,40.0,200.0,,False,125.0,125.0,166.67,30.0,4.17,Luxury,0.0,No Discount,,False,,Large (1L),≤40%,False
2025-12-29 22:15:26,Blended,66113,Wm. Maxwell / Rigby & Evens / Bot.1940s,Wm. Maxwell,75cl / 40%,249.17,(£398.67 per litre),,,https://www.thewhiskyexchange.com/p/66113/wm-maxwell-rigby-evens-bot1940s,https://img.thewhiskyexchange.com/380/blend_max3.jpg?v=202407241,False,75.0,0.75,40.0,398.67,,False,249.17,249.17,332.23,30.0,8.31,Luxury,0.0,No Discount,,False,,Large (1L),≤40%,False
2025-12-29 22:15:26,Blended,66112,Barker's Old Highland / Bot.1960s,Barker's,75cl / 40%,208.33,(£333.33 per litre),,,https://www.thewhiskyexchange.com/p/66112/barkers-old-highland-bot1960s,https://img.thewhiskyexchange.com/380/blend_bar3.jpg?v=202407241,False,75.0,0.75,40.0,333.33,,False,208.33,208.33,277.77,30.0,6.94,Luxury,0.0,No Discount,,False,,Large (1L),≤40%,False
2025-12-29 22:15:26,Blended,65871,Ballantine's 12 Year Old /  Bot.1980s,Ballantine's,75cl / 43%,112.5,(£180 per litre),,,https://www.thewhiskyexchange.com/p/65871/ballantines-12-year-old-bot1980s,https://img.thewhiskyexchange.com/380/blend_bal108.jpg?v=202407241,False,75.0,0.75,43.0,180.0,,False,112.5,112.5,150.0,32.25,3.49,Premium,0.0,No Discount,12.0,True,11–15,Large (1L),40–43%,False
2025-12-29 22:15:31,Blended,65861,White Horse / Bot.1960s,White Horse,75cl / 40%,332.5,(£532 per litre),,,https://www.thewhiskyexchange.com/p/65861/white-horse-bot1960s,https://img.thewhiskyexchange.com/380/blend_whi88.jpg?v=202407241,False,75.0,0.75,40.0,532.0,,False,332.5,332.5,443.33,30.0,11.08,Luxury,0.0,No Discount,,False,,Large (1L),≤40%,False
2025-12-29 22:15:31,Blended,65708,Johnnie Walker Black Label / Bot.1970s,Johnnie Walker,75cl / 40%,187.5,(£300 per litre),,,https://www.thewhiskyexchange.com/p/65708/johnnie-walker-black-label-bot1970s,https://img.thewhiskyexchange.com/380/blend_joh335.jpg?v=202407241,False,75.0,0.75,40.0,300.0,,False,187.5,187.5,250.0,30.0,6.25,Luxury,0.0,No Discount,,False,,Large (1L),≤40%,False
2025-12-29 22:15:31,Blended,65626,Laird O' Logan De Luxe / 12 Year Old / Bot.1980s,Laird O' Logan,75cl / 43%,100.0,(£160 per litre),,,https://www.thewhiskyexchange.com/p/65626/laird-o-logan-de-luxe-12-year-old-bot1980s,https://img.thewhiskyexchange.com/380/blend_log15.jpg?v=202407241,False,75.0,0.75,43.0,160.0,,False,100.0,100.0,133.33,32.25,3.1,Premium,0.0,No Discount,12.0,True,11–15,Large (1L),40–43%,False
2025-12-29 22:15:31,Blended,65170,Ben Nevis 40 Year Old / Single Blend / Bot.2002,Ben Nevis,70cl / 40%,1125.0,"(£1,928.57 per litre)",,,https://www.thewhiskyexchange.com/p/65170/ben-nevis-40-year-old-single-blend-bot2002,https://img.thewhiskyexchange.com/380/blend_dew78.jpg?v=202407241,False,70.0,0.7,40.0,1928.57,,False,1125.0,1125.0,1607.14,28.0,40.18,Luxury,0.0,No Discount,40.0,True,25+,Standard (70cl),≤40%,False
2025-12-29 22:15:31,Blended,65077,Ballantine's 21 Year Old / Blue Ceramic,Ballantine's,70cl / 43%,208.33,(£357.14 per litre),,,https://www.thewhiskyexchange.com/p/65077/ballantines-21-year-old-blue-ceramic,https://img.thewhiskyexchange.com/380/blend_bal107.jpg?v=202407241,False,70.0,0.7,43.0,357.14,,False,208.33,208.33,297.61,30.099999999999998,6.92,Luxury,0.0,No Discount,21.0,True,19–25,Standard (70cl),40–43%,False
2025-12-29 22:15:31,Blended,65076,Bell's Extra Special / Bot.1980s,Bell's,75cl / 40%,79.12,(£126.60 per litre),,,https://www.thewhiskyexchange.com/p/65076/bells-extra-special-bot1980s,https://img.thewhiskyexchange.com/380/blend_bel68.jpg?v=202407241,False,75.0,0.75,40.0,126.6,,False,79.12,79.12,105.49,30.0,2.64,Premium,0.0,No Discount,,False,,Large (1L),≤40%,False
2025-12-29 22:15:31,Blended,64963,Dunhill Old Master,Dunhill,75cl / 43%,125.0,(£200 per litre),,,https://www.thewhiskyexchange.com/p/64963/dunhill-old-master,https://img.thewhiskyexchange.com/380/blend_dun17.jpg?v=202407241,False,75.0,0.75,43.0,200.0,,False,125.0,125.0,166.67,32.25,3.88,Luxury,0.0,No Discount,,False,,Large (1L),40–43%,False
2025-12-29 22:15:31,Blended,64422,Bell's 12 Year Old / Bot.1990s,Bell's,100cl / 43%,125.0,,,,https://www.thewhiskyexchange.com/p/64422/bells-12-year-old-bot1990s,https://img.thewhiskyexchange.com/380/blend_bel67.jpg?v=202407241,False,100.0,1.0,43.0,,,False,125.0,125.0,125.0,43.0,2.91,Luxury,0.0,No Discount,12.0,True,11–15,Large (1L),40–43%,False
2025-12-29 22:15:31,Blended,64270,Compass Box Vellichor,Compass Box,70cl / 46%,315.83,(£541.43 per litre),,,https://www.thewhiskyexchange.com/p/64270/compass-box-vellichor,https://img.thewhiskyexchange.com/380/blend_com9.jpg?v=202407241,False,70.0,0.7,46.0,541.43,,False,315.83,315.83,451.19,32.199999999999996,9.81,Luxury,0.0,No Discount,,False,,Standard (70cl),43–46%,False
2025-12-29 22:15:31,Blended,64138,Sandy Macdonald / Bot.1960s / Spring Cap,Sandy Macdonald,75cl / 43%,187.5,(£300 per litre),,,https://www.thewhiskyexchange.com/p/64138/sandy-macdonald-bot1960s-spring-cap,https://img.thewhiskyexchange.com/380/blend_san13.jpg?v=202407241,False,75.0,0.75,43.0,300.0,,False,187.5,187.5,250.0,32.25,5.81,Luxury,0.0,No Discount,,False,,Large (1L),40–43%,False
2025-12-29 22:15:31,Blended,64057,Johnnie Walker Kilmarnock 400 / 15 Year Old / Bot.1990s,Johnnie Walker,75cl / 43%,666.67,"(£1,066.67 per litre)",,,https://www.thewhiskyexchange.com/p/64057/johnnie-walker-kilmarnock-400-15-year-old-bot1990s,https://img.thewhiskyexchange.com/380/blend_joh327.jpg?v=202407241,False,75.0,0.75,43.0,1066.67,,False,666.67,666.67,888.89,32.25,20.67,Luxury,0.0,No Discount,15.0,True,11–15,Large (1L),40–43%,False
2025-12-29 22:15:31,Blended,64023,Bell's Extra Special / Bot.1970s,Bell's,113cl / 40%,125.0,(£132.74 per litre),,,https://www.thewhiskyexchange.com/p/64023/bells-extra-special-bot1970s,https://img.thewhiskyexchange.com/380/blend_bel65.jpg?v=202407241,False,113.0,1.13,40.0,132.74,,False,125.0,125.0,110.62,45.199999999999996,2.77,Luxury,0.0,No Discount,,False,,Extra Large (>1L),≤40%,False
2025-12-29 22:15:31,Blended,63989,Johnnie Walker Swing / Bot.1980s,Johnnie Walker,75cl / 43%,208.33,(£333.33 per litre),,,https://www.thewhiskyexchange.com/p/63989/johnnie-walker-swing-bot1980s,https://img.thewhiskyexchange.com/380/blend_joh324.jpg?v=202407241,False,75.0,0.75,43.0,333.33,,False,208.33,208.33,277.77,32.25,6.46,Luxury,0.0,No Discount,,False,,Large (1L),40–43%,False
2025-12-29 22:15:31,Blended,63703,Johnnie Walker Swing / Bot.1980s,Johnnie Walker,75cl / 43.4%,208.33,(£333.33 per litre),,,https://www.thewhiskyexchange.com/p/63703/johnnie-walker-swing-bot1980s,https://img.thewhiskyexchange.com/380/blend_joh321.jpg?v=202407241,False,75.0,0.75,43.4,333.33,,False,208.33,208.33,277.77,32.55,6.4,Luxury,0.0,No Discount,,False,,Large (1L),43–46%,False
2025-12-29 22:15:31,Blended,63689,J&B 15 Year Old / Reserve / Bot.1990s,J&B,75cl / 40%,83.29,(£133.27 per litre),,,https://www.thewhiskyexchange.com/p/63689/jb-15-year-old-reserve-bot1990s,https://img.thewhiskyexchange.com/380/blend_j!b41.jpg?v=202407241,False,75.0,0.75,40.0,133.27,,False,83.29,83.29,111.05,30.0,2.78,Premium,0.0,No Discount,15.0,True,11–15,Large (1L),≤40%,False
2025-12-29 22:15:31,Blended,63684,King's Choice / Bot.1960s,King's Choice,75cl / 43%,208.33,(£333.33 per litre),,,https://www.thewhiskyexchange.com/p/63684/kings-choice-bot1960s,https://img.thewhiskyexchange.com/380/blend_kin56.jpg?v=202407241,False,75.0,0.75,43.0,333.33,,False,208.33,208.33,277.77,32.25,6.46,Luxury,0.0,No Discount,,False,,Large (1L),40–43%,False
2025-12-29 22:15:31,Blended,63604,Something Special De Luxe Whisky / 1970s,Something Special,75cl / 40%,145.83,(£233.33 per litre),,,https://www.thewhiskyexchange.com/p/63604/something-special-de-luxe-whisky-1970s,https://img.thewhiskyexchange.com/380/blend_som8.jpg?v=202407241,False,75.0,0.75,40.0,233.33,,False,145.83,145.83,194.44,30.0,4.86,Luxury,0.0,No Discount,,False,,Large (1L),≤40%,False
2025-12-29 22:15:31,Blended,63593,Old Parr Seasons Collection,Old Parr,50cl / 43%,458.33,"(£1,100 per litre)",,,https://www.thewhiskyexchange.com/p/63593/old-parr-seasons-collection,https://img.thewhiskyexchange.com/380/blend_par47.jpg?v=202407241,False,50.0,0.5,43.0,1100.0,,False,458.33,458.33,916.66,21.5,21.32,Luxury,0.0,No Discount,,False,,Standard (70cl),40–43%,False
2025-12-29 22:15:31,Blended,62980,Johnnie Walker Red Label / Bot.1980s,Johnnie Walker,113cl / 40%,145.83,(£154.87 per litre),,,https://www.thewhiskyexchange.com/p/62980/johnnie-walker-red-label-bot1980s,https://img.thewhiskyexchange.com/380/blend_joh314.jpg?v=202407241,False,113.0,1.13,40.0,154.87,,False,145.83,145.83,129.05,45.199999999999996,3.23,Luxury,0.0,No Discount,,False,,Extra Large (>1L),≤40%,False
2025-12-29 22:15:31,Blended,62979,Johnnie Walker Premier,Johnnie Walker,75cl / 43%,208.33,(£333.33 per litre),,,https://www.thewhiskyexchange.com/p/62979/johnnie-walker-premier,https://img.thewhiskyexchange.com/380/blend_joh313.jpg?v=202407241,False,75.0,0.75,43.0,333.33,,False,208.33,208.33,277.77,32.25,6.46,Luxury,0.0,No Discount,,False,,Large (1L),40–43%,False
2025-12-29 22:15:31,Blended,62947,Ainslie's Royal Edinburgh / Bot.1960s,Ainslie's,225cl / 43%,833.33,(£444.44 per litre),,,https://www.thewhiskyexchange.com/p/62947/ainslies-royal-edinburgh-bot1960s,https://img.thewhiskyexchange.com/380/blend_ain4.jpg?v=202407241,False,225.0,2.25,43.0,444.44,,False,833.33,833.33,370.37,96.75,8.61,Luxury,0.0,No Discount,,False,,Extra Large (>1L),40–43%,False
2025-12-29 22:15:31,Blended,62922,Chivas Legend - Special Reserve,Chivas Regal,100cl / 43%,187.5,,,,https://www.thewhiskyexchange.com/p/62922/chivas-legend-special-reserve,https://img.thewhiskyexchange.com/380/blend_chi95.jpg?v=202407241,False,100.0,1.0,43.0,,,False,187.5,187.5,187.5,43.0,4.36,Luxury,0.0,No Discount,,False,,Large (1L),40–43%,False
2025-12-29 22:15:31,Blended,62445,Berry Brothers & Co. Choicest Liqueur Scotch / Bot.1950s,Berry Bros & Rudd,75cl / 40%,666.67,"(£1,066.67 per litre)",,,https://www.thewhiskyexchange.com/p/62445/berry-brothers-co-choicest-liqueur-scotch-bot1950s,https://img.thewhiskyexchange.com/380/blend_ber6.jpg?v=202407241,False,75.0,0.75,40.0,1066.67,,False,666.67,666.67,888.89,30.0,22.22,Luxury,0.0,No Discount,,False,,Large (1L),≤40%,False
2025-12-29 22:15:31,Blended,62390,Chivas Regal / Bot.1910s,Chivas Regal,75cl / 40%,2083.33,"(£3,333.33 per litre)",,,https://www.thewhiskyexchange.com/p/62390/chivas-regal-bot1910s,https://img.thewhiskyexchange.com/380/blend_chi93.jpg?v=202407241,False,75.0,0.75,40.0,3333.33,,False,2083.33,2083.33,2777.77,30.0,69.44,Luxury,0.0,No Discount,,False,,Large (1L),≤40%,False
2025-12-29 22:15:35,Blended,62308,Johnnie Walker Red Label / Bot.1970s,Johnnie Walker,75cl / 40%,125.0,(£200 per litre),,,https://www.thewhiskyexchange.com/p/62308/johnnie-walker-red-label-bot1970s,https://img.thewhiskyexchange.com/380/blend_joh311.jpg?v=202407241,False,75.0,0.75,40.0,200.0,,False,125.0,125.0,166.67,30.0,4.17,Luxury,0.0,No Discount,,False,,Large (1L),≤40%,False
2025-12-29 22:15:35,Blended,61931,Johnnie Walker Blue Label Ghost and Rare / Pittyvaich,Johnnie Walker,70cl / 43.8%,243.33,(£417.14 per litre),,,https://www.thewhiskyexchange.com/p/61931/johnnie-walker-blue-label-ghost-and-rare-pittyvaich,https://img.thewhiskyexchange.com/380/blend_joh263.jpg?v=202407241,False,70.0,0.7,43.8,417.14,,False,243.33,243.33,347.61,30.659999999999997,7.94,Luxury,0.0,No Discount,,False,,Standard (70cl),43–46%,False
2025-12-29 22:15:35,Blended,61858,Johnnie Walker Swing / Bot.1970s,Johnnie Walker,75cl / 40%,229.17,(£366.67 per litre),,,https://www.thewhiskyexchange.com/p/61858/johnnie-walker-swing-bot1970s,https://img.thewhiskyexchange.com/380/blend_joh256.jpg?v=202407241,False,75.0,0.75,40.0,366.67,,False,229.17,229.17,305.56,30.0,7.64,Luxury,0.0,No Discount,,False,,Large (1L),≤40%,False
2025-12-29 22:15:35,Blended,60597,Chivas Regal 12 Year Old / Bot.1970s,Chivas Regal,75cl / 43%,125.0,(£200 per litre),,,https://www.thewhiskyexchange.com/p/60597/chivas-regal-12-year-old-bot1970s,https://img.thewhiskyexchange.com/380/blend_chi89.jpg?v=202407241,False,75.0,0.75,43.0,200.0,,False,125.0,125.0,166.67,32.25,3.88,Luxury,0.0,No Discount,12.0,True,11–15,Large (1L),40–43%,False
2025-12-29 22:15:35,Blended,60555,Old Court De Luxe / Bot.1960s,Old Court,70cl / 40%,375.0,(£642.86 per litre),,,https://www.thewhiskyexchange.com/p/60555/old-court-de-luxe-bot1960s,https://img.thewhiskyexchange.com/380/blend_cou3.jpg?v=202407241,False,70.0,0.7,40.0,642.86,,False,375.0,375.0,535.71,28.0,13.39,Luxury,0.0,No Discount,,False,,Standard (70cl),≤40%,False
2025-12-29 22:15:35,Blended,60433,Johnnie Walker Black Label / Extra Special / Bot.1980s,Johnnie Walker,75cl / 40%,187.5,(£300 per litre),,,https://www.thewhiskyexchange.com/p/60433/johnnie-walker-black-label-extra-special-bot1980s,https://img.thewhiskyexchange.com/380/blend_joh306.jpg?v=202407241,False,75.0,0.75,40.0,300.0,,False,187.5,187.5,250.0,30.0,6.25,Luxury,0.0,No Discount,,False,,Large (1L),≤40%,False
2025-12-29 22:15:35,Blended,59745,Gilmour Thomson's Royal Whisky / Bot.1960s,Gilmour Thomson's,75cl / 40%,416.67,(£666.67 per litre),,,https://www.thewhiskyexchange.com/p/59745/gilmour-thomsons-royal-whisky-bot1960s,https://img.thewhiskyexchange.com/380/blend_gil14.jpg?v=202407241,False,75.0,0.75,40.0,666.67,,False,416.67,416.67,555.56,30.0,13.89,Luxury,0.0,No Discount,,False,,Large (1L),≤40%,False
2025-12-29 22:15:35,Blended,59744,Findlater's 12 Year Old / Bot.1940s,Findlater's,75cl / 43%,375.0,(£600 per litre),,,https://www.thewhiskyexchange.com/p/59744/findlaters-12-year-old-bot1940s,https://img.thewhiskyexchange.com/380/blend_fin12.jpg?v=202407241,False,75.0,0.75,43.0,600.0,,False,375.0,375.0,500.0,32.25,11.63,Luxury,0.0,No Discount,12.0,True,11–15,Large (1L),40–43%,False
2025-12-29 22:15:35,Blended,59740,Gilbey's Spey Royal / Bot.1950s,Gilbey's,75cl / 40%,332.5,(£532 per litre),,,https://www.thewhiskyexchange.com/p/59740/gilbeys-spey-royal-bot1950s,https://img.thewhiskyexchange.com/380/blend_gil13.jpg?v=202407241,False,75.0,0.75,40.0,532.0,,False,332.5,332.5,443.33,30.0,11.08,Luxury,0.0,No Discount,,False,,Large (1L),≤40%,False
2025-12-29 22:15:35,Blended,59375,White Horse Cellar / Bot.1950s,White Horse,75cl / 43.4%,833.33,"(£1,333.33 per litre)",,,https://www.thewhiskyexchange.com/p/59375/white-horse-cellar-bot1950s,https://img.thewhiskyexchange.com/380/blend_whi81.jpg?v=202407241,False,75.0,0.75,43.4,1333.33,,False,833.33,833.33,1111.11,32.55,25.6,Luxury,0.0,No Discount,,False,,Large (1L),43–46%,False
2025-12-29 22:15:35,Blended,59289,Johnnie Walker Premier,Johnnie Walker,75cl / 43%,208.33,(£333.33 per litre),,,https://www.thewhiskyexchange.com/p/59289/johnnie-walker-premier,https://img.thewhiskyexchange.com/380/blend_joh303.jpg?v=202407241,False,75.0,0.75,43.0,333.33,,False,208.33,208.33,277.77,32.25,6.46,Luxury,0.0,No Discount,,False,,Large (1L),40–43%,False
2025-12-29 22:15:35,Blended,58798,Chivas Regal 12 Year Old / Bot.1980s,Chivas Regal,75cl / 43%,125.0,(£200 per litre),,,https://www.thewhiskyexchange.com/p/58798/chivas-regal-12-year-old-bot1980s,https://img.thewhiskyexchange.com/380/blend_chi86.jpg?v=202407241,False,75.0,0.75,43.0,200.0,,False,125.0,125.0,166.67,32.25,3.88,Luxury,0.0,No Discount,12.0,True,11–15,Large (1L),40–43%,False
2025-12-29 22:15:35,Blended,58759,Compass Box Glasgow Blend,Compass Box,70cl / 43%,33.29,(£57.07 per litre),,,https://www.thewhiskyexchange.com/p/58759/compass-box-glasgow-blend,https://img.thewhiskyexchange.com/380/blend_com6.jpg?v=202407241,False,70.0,0.7,43.0,57.07,,False,33.29,33.29,47.56,30.099999999999998,1.11,Budget,0.0,No Discount,,False,,Standard (70cl),40–43%,False
2025-12-29 22:15:35,Blended,58204,Long John Special Reserve / Bot.1970s,Long John,75.7cl / 40%,91.67,(£145.31 per litre),,,https://www.thewhiskyexchange.com/p/58204/long-john-special-reserve-bot1970s,https://img.thewhiskyexchange.com/380/blend_lon19.jpg?v=202407241,False,75.7,0.757,40.0,145.31,,False,91.67,91.67,121.1,30.28,3.03,Premium,0.0,No Discount,,False,,Large (1L),≤40%,False
2025-12-29 22:15:35,Blended,58262,Bell's Royal Reserve 20 Year Old / Bot.1970s,Bell's,75cl / 40%,187.5,(£300 per litre),,,https://www.thewhiskyexchange.com/p/58262/bells-royal-reserve-20-year-old-bot1970s,https://img.thewhiskyexchange.com/380/blend_bel63.jpg?v=202407241,False,75.0,0.75,40.0,300.0,,False,187.5,187.5,250.0,30.0,6.25,Luxury,0.0,No Discount,20.0,True,19–25,Large (1L),≤40%,False
2025-12-29 22:15:35,Blended,57552,Savoy Hotel London Blended Scotch Whisky / Bot.1960s,Savoy,75cl / 43%,150.0,(£240 per litre),,,https://www.thewhiskyexchange.com/p/57552/savoy-hotel-london-blended-scotch-whisky-bot1960s,https://img.thewhiskyexchange.com/380/blend_sav2.jpg?v=202407241,False,75.0,0.75,43.0,240.0,,False,150.0,150.0,200.0,32.25,4.65,Luxury,0.0,No Discount,,False,,Large (1L),40–43%,False
2025-12-29 22:15:35,Blended,56776,The Last Drop 56 Year Old Blended Whisky / Release No.16,The Last Drop,75cl / 47.2%,3125.0,"(£5,000 per litre)",,,https://www.thewhiskyexchange.com/p/56776/the-last-drop-56-year-old-blended-whisky-release-no16,https://img.thewhiskyexchange.com/380/blend_las56yo.jpg?v=202407241,False,75.0,0.75,47.2,5000.0,,False,3125.0,3125.0,4166.67,35.400000000000006,88.28,Luxury,0.0,No Discount,56.0,True,25+,Large (1L),46–50%,False
2025-12-29 22:15:35,Blended,56243,Spey Cast 1937 / Bot.1970s / Sherry Cask,Spey Cast,75cl / 40%,1875.0,"(£3,000 per litre)",,,https://www.thewhiskyexchange.com/p/56243/spey-cast-1937-bot1970s-sherry-cask,https://img.thewhiskyexchange.com/380/blend_spe6.jpg?v=202407241,False,75.0,0.75,40.0,3000.0,,False,1875.0,1875.0,2500.0,30.0,62.5,Luxury,0.0,No Discount,,False,,Large (1L),≤40%,False
2025-12-29 22:15:35,Blended,53025,Royal Household / Bot.1980s,Royal Household,75cl / 43%,291.67,(£466.67 per litre),,,https://www.thewhiskyexchange.com/p/53025/royal-household-bot1980s,https://img.thewhiskyexchange.com/380/blend_roy73.jpg?v=202407241,False,75.0,0.75,43.0,466.67,,False,291.67,291.67,388.89,32.25,9.04,Luxury,0.0,No Discount,,False,,Large (1L),40–43%,False
2025-12-29 22:15:35,Blended,51555,Quartermaster 11 Year Old / Whisky Works,Whisky Works,70cl / 46.4%,63.75,(£109.29 per litre),,,https://www.thewhiskyexchange.com/p/51555/quartermaster-11-year-old-whisky-works,https://img.thewhiskyexchange.com/380/blend_wwo1.jpg?v=202407241,False,70.0,0.7,46.4,109.29,,False,63.75,63.75,91.07,32.48,1.96,Premium,0.0,No Discount,11.0,True,11–15,Standard (70cl),46–50%,False
2025-12-29 22:15:35,Blended,51322,Black & White De Luxe / Bot.1950s / Spring Cap,Black & White,75.7cl / 43.4%,833.33,"(£1,321 per litre)",,,https://www.thewhiskyexchange.com/p/51322/black-white-de-luxe-bot1950s-spring-cap,https://img.thewhiskyexchange.com/380/blend_bla78.jpg?v=202407241,False,75.7,0.757,43.4,1321.0,,False,833.33,833.33,1100.83,32.8538,25.36,Luxury,0.0,No Discount,,False,,Large (1L),43–46%,False
2025-12-29 22:15:35,Blended,51061,Monarch Of The Highlands / Bot.1950s,Monarch Of The Highlands,75cl / 40%,291.67,(£466.67 per litre),,,https://www.thewhiskyexchange.com/p/51061/monarch-of-the-highlands-bot1950s,https://img.thewhiskyexchange.com/380/blend_old11.jpg?v=202407241,False,75.0,0.75,40.0,466.67,,False,291.67,291.67,388.89,30.0,9.72,Luxury,0.0,No Discount,,False,,Large (1L),≤40%,False
2025-12-29 22:15:35,Blended,50605,J&B Rare / Bot.1980s,J&B,75cl / 40%,62.46,(£99.93 per litre),,,https://www.thewhiskyexchange.com/p/50605/jb-rare-bot1980s,https://img.thewhiskyexchange.com/380/blend_j!b36.jpg?v=202407241,False,75.0,0.75,40.0,99.93,,False,62.46,62.46,83.28,30.0,2.08,Premium,0.0,No Discount,,False,,Large (1L),≤40%,False
2025-12-29 22:15:35,Blended,49349,Neal's Royal Extra Special / Bot.1960s,Neal's,75cl / 43%,208.33,(£333.33 per litre),,,https://www.thewhiskyexchange.com/p/49349/neals-royal-extra-special-bot1960s,https://img.thewhiskyexchange.com/380/blend_nea1.jpg?v=202407241,False,75.0,0.75,43.0,333.33,,False,208.33,208.33,277.77,32.25,6.46,Luxury,0.0,No Discount,,False,,Large (1L),40–43%,False
2025-12-29 22:15:39,Blended,49206,Royal Salute 52 Year Old / Time Series,Royal Salute,70cl / 44.8%,20000.0,"(£34,285.71 per litre)",,,https://www.thewhiskyexchange.com/p/49206/royal-salute-52-year-old-time-series,https://img.thewhiskyexchange.com/380/blend_roy52yo.jpg?v=202407241,False,70.0,0.7,44.8,34285.71,,False,20000.0,20000.0,28571.43,31.359999999999996,637.76,Luxury,0.0,No Discount,52.0,True,25+,Standard (70cl),43–46%,False
2025-12-29 22:15:39,Blended,49203,Black & White 12 bottles with Wooden Case / Bot.1950,Black & White,900cl / 43.4%,3750.0,(£500 per litre),,,https://www.thewhiskyexchange.com/p/49203/black-white-12-bottles-with-wooden-case-bot1950,https://img.thewhiskyexchange.com/380/blend_bla77.jpg?v=202407241,False,900.0,9.0,43.4,500.0,,False,3750.0,3750.0,416.67,390.59999999999997,9.6,Luxury,0.0,No Discount,,False,,Extra Large (>1L),43–46%,False
2025-12-29 22:15:39,Blended,48476,White Heather 8 Year Old / De Luxe / Bot.1970s,White Heather,75cl / 43.4%,165.83,(£265.33 per litre),,,https://www.thewhiskyexchange.com/p/48476/white-heather-8-year-old-de-luxe-bot1970s,https://img.thewhiskyexchange.com/380/blend_whi73.jpg?v=202407241,False,75.0,0.75,43.4,265.33,,False,165.83,165.83,221.11,32.55,5.09,Luxury,0.0,No Discount,8.0,True,≤10,Large (1L),43–46%,False
2025-12-29 22:15:39,Blended,48468,Baxter's Barley Bree / Extra Special / Bot.1950s,Baxter's,75cl / 40%,229.17,(£366.67 per litre),,,https://www.thewhiskyexchange.com/p/48468/baxters-barley-bree-extra-special-bot1950s,https://img.thewhiskyexchange.com/380/blend_bax1.jpg?v=202407241,False,75.0,0.75,40.0,366.67,,False,229.17,229.17,305.56,30.0,7.64,Luxury,0.0,No Discount,,False,,Large (1L),≤40%,False
2025-12-29 22:15:39,Blended,48425,Grand Coronation 15 Year Old / Bot.1950s,Grand Coronation,75cl / 43%,291.67,(£466.67 per litre),,,https://www.thewhiskyexchange.com/p/48425/grand-coronation-15-year-old-bot1950s,https://img.thewhiskyexchange.com/380/blend_gra49.jpg?v=202407241,False,75.0,0.75,43.0,466.67,,False,291.67,291.67,388.89,32.25,9.04,Luxury,0.0,No Discount,15.0,True,11–15,Large (1L),40–43%,False
2025-12-29 22:15:39,Blended,48422,Ballantine's 12 Year Old /  Bot.1980s,Ballantine's,75cl / 43%,112.5,(£180 per litre),,,https://www.thewhiskyexchange.com/p/48422/ballantines-12-year-old-bot1980s,https://img.thewhiskyexchange.com/380/blend_bal96.jpg?v=202407241,False,75.0,0.75,43.0,180.0,,False,112.5,112.5,150.0,32.25,3.49,Premium,0.0,No Discount,12.0,True,11–15,Large (1L),40–43%,False
2025-12-29 22:15:39,Blended,48089,J & G Stewart / Bot.1930s,J & G Stewart,70cl / 40%,458.33,(£785.71 per litre),,,https://www.thewhiskyexchange.com/p/48089/j-g-stewart-bot1930s,https://img.thewhiskyexchange.com/380/blend_ste8.jpg?v=202407241,False,70.0,0.7,40.0,785.71,,False,458.33,458.33,654.76,28.0,16.37,Luxury,0.0,No Discount,,False,,Standard (70cl),≤40%,False
2025-12-29 22:15:39,Blended,47959,Dewar's 12 Year Old / Bot.1970s,Dewar's,75cl / 43.5%,165.83,(£265.33 per litre),,,https://www.thewhiskyexchange.com/p/47959/dewars-12-year-old-bot1970s,https://img.thewhiskyexchange.com/380/blend_dew68.jpg?v=202407241,False,75.0,0.75,43.5,265.33,,False,165.83,165.83,221.11,32.625,5.08,Luxury,0.0,No Discount,12.0,True,11–15,Large (1L),43–46%,False
2025-12-29 22:15:39,Blended,47731,Fine Old Mountain Dew / Bot.1950s,Samuel Webster & Sons.,75.5cl / 40%,332.5,(£528.48 per litre),,,https://www.thewhiskyexchange.com/p/47731/fine-old-mountain-dew-bot1950s,https://img.thewhiskyexchange.com/380/blend_mou1.jpg?v=202407241,False,75.5,0.755,40.0,528.48,,False,332.5,332.5,440.4,30.2,11.01,Luxury,0.0,No Discount,,False,,Large (1L),≤40%,False
2025-12-29 22:15:39,Blended,46655,Dewar's White Label / Bot.1950s,Dewar's,75cl / 43%,249.17,(£398.67 per litre),,,https://www.thewhiskyexchange.com/p/46655/dewars-white-label-bot1950s,https://img.thewhiskyexchange.com/380/blend_dew66.jpg?v=202407241,False,75.0,0.75,43.0,398.67,,False,249.17,249.17,332.23,32.25,7.73,Luxury,0.0,No Discount,,False,,Large (1L),40–43%,False
2025-12-29 22:15:39,Blended,46647,Bell's De Luxe 12 Year Old / Bot.1960s,Bell's,75cl / 43%,412.5,(£660 per litre),,,https://www.thewhiskyexchange.com/p/46647/bells-de-luxe-12-year-old-bot1960s,https://img.thewhiskyexchange.com/380/blend_bel57.jpg?v=202407241,False,75.0,0.75,43.0,660.0,,False,412.5,412.5,550.0,32.25,12.79,Luxury,0.0,No Discount,12.0,True,11–15,Large (1L),40–43%,False
2025-12-29 22:15:39,Blended,46244,Bulloch Lade's Old Rarity / Bot.1960s,Old Rarity,75cl / 43%,291.67,(£466.67 per litre),,,https://www.thewhiskyexchange.com/p/46244/bulloch-lades-old-rarity-bot1960s,https://img.thewhiskyexchange.com/380/blend_rar7.jpg?v=202407241,False,75.0,0.75,43.0,466.67,,False,291.67,291.67,388.89,32.25,9.04,Luxury,0.0,No Discount,,False,,Large (1L),40–43%,False
2025-12-29 22:15:39,Blended,45334,Auld Alliance Whisky Armagnac Blend,Auld Alliance,70cl / 40%,187.5,(£321.43 per litre),,,https://www.thewhiskyexchange.com/p/45334/auld-alliance-whisky-armagnac-blend,https://img.thewhiskyexchange.com/380/blend_aul2.jpg?v=202407241,False,70.0,0.7,40.0,321.43,,False,187.5,187.5,267.86,28.0,6.7,Luxury,0.0,No Discount,,False,,Standard (70cl),≤40%,False
2025-12-29 22:15:39,Blended,45329,Chivas Brothers Oldest / Litre,Chivas Regal,100cl / 43%,208.33,,,,https://www.thewhiskyexchange.com/p/45329/chivas-brothers-oldest-litre,https://img.thewhiskyexchange.com/380/blend_chi76.jpg?v=202407241,False,100.0,1.0,43.0,,,False,208.33,208.33,208.33,43.0,4.84,Luxury,0.0,No Discount,,False,,Large (1L),40–43%,False
2025-12-29 22:15:39,Blended,45099,Famous Grouse / Bot.1950s,Famous Grouse,75.7cl / 43%,208.33,(£330.25 per litre),,,https://www.thewhiskyexchange.com/p/45099/famous-grouse-bot1950s,https://img.thewhiskyexchange.com/380/blend_fam43.jpg?v=202407241,False,75.7,0.757,43.0,330.25,,False,208.33,208.33,275.2,32.551,6.4,Luxury,0.0,No Discount,,False,,Large (1L),40–43%,False
2025-12-29 22:15:39,Blended,44941,Famous Grouse / Bot.1950s,Famous Grouse,75.7cl / 43%,458.33,(£726.55 per litre),,,https://www.thewhiskyexchange.com/p/44941/famous-grouse-bot1950s,https://img.thewhiskyexchange.com/380/blend_fam42.jpg?v=202407241,False,75.7,0.757,43.0,726.55,,False,458.33,458.33,605.46,32.551,14.08,Luxury,0.0,No Discount,,False,,Large (1L),40–43%,False
2025-12-29 22:15:39,Blended,44863,Gilbey's Spey Royal / Bot.1950s,Gilbey's,75cl / 40%,375.0,(£600 per litre),,,https://www.thewhiskyexchange.com/p/44863/gilbeys-spey-royal-bot1950s,https://img.thewhiskyexchange.com/380/blend_gil10.jpg?v=202407241,False,75.0,0.75,40.0,600.0,,False,375.0,375.0,500.0,30.0,12.5,Luxury,0.0,No Discount,,False,,Large (1L),≤40%,False
2025-12-29 22:15:39,Blended,44474,Royal Salute 21 Year Old / Bot.1970s / Brown Spode Decanter,Royal Salute,75.7cl / 40%,291.67,(£462.35 per litre),,,https://www.thewhiskyexchange.com/p/44474/royal-salute-21-year-old-bot1970s-brown-spode-decanter,https://img.thewhiskyexchange.com/380/blend_roy62.jpg?v=202407241,False,75.7,0.757,40.0,462.35,,False,291.67,291.67,385.3,30.28,9.63,Luxury,0.0,No Discount,21.0,True,19–25,Large (1L),≤40%,False
2025-12-29 22:15:39,Blended,44296,Ballantine's 12 Year Old / Bot.1980s,Ballantine's,100cl / 43%,145.83,,,,https://www.thewhiskyexchange.com/p/44296/ballantines-12-year-old-bot1980s,https://img.thewhiskyexchange.com/380/blend_bal86.jpg?v=202407241,False,100.0,1.0,43.0,,,False,145.83,145.83,145.83,43.0,3.39,Luxury,0.0,No Discount,12.0,True,11–15,Large (1L),40–43%,False
2025-12-29 22:15:39,Blended,44161,Scotland's Ripe Old Age 27 Year Old / Bot.1950s,Scotland's Ripe Old Age,75cl / 43.4%,708.33,"(£1,133.33 per litre)",,,https://www.thewhiskyexchange.com/p/44161/scotlands-ripe-old-age-27-year-old-bot1950s,https://img.thewhiskyexchange.com/380/blend_sco11.jpg?v=202407241,False,75.0,0.75,43.4,1133.33,,False,708.33,708.33,944.44,32.55,21.76,Luxury,0.0,No Discount,27.0,True,25+,Large (1L),43–46%,False
2025-12-29 22:15:39,Blended,44160,Scotland's Ripe Old Age 27 Year Old / Bot.1950s,Scotland's Ripe Old Age,75cl / 43.4%,708.33,"(£1,133.33 per litre)",,,https://www.thewhiskyexchange.com/p/44160/scotlands-ripe-old-age-27-year-old-bot1950s,https://img.thewhiskyexchange.com/380/blend_sco10.jpg?v=202407241,False,75.0,0.75,43.4,1133.33,,False,708.33,708.33,944.44,32.55,21.76,Luxury,0.0,No Discount,27.0,True,25+,Large (1L),43–46%,False
2025-12-29 22:15:39,Blended,44108,White Horse / Bot.1950s / Spring Cap,White Horse,75cl / 43.4%,833.33,"(£1,333.33 per litre)",,,https://www.thewhiskyexchange.com/p/44108/white-horse-bot1950s-spring-cap,https://img.thewhiskyexchange.com/380/blend_whi67.jpg?v=202407241,False,75.0,0.75,43.4,1333.33,,False,833.33,833.33,1111.11,32.55,25.6,Luxury,0.0,No Discount,,False,,Large (1L),43–46%,False
2025-12-29 22:15:39,Blended,44106,Heather Dew / Bot.1940s,Heather Dew,75cl / 43.4%,500.0,(£800 per litre),,,https://www.thewhiskyexchange.com/p/44106/heather-dew-bot1940s,https://img.thewhiskyexchange.com/380/blend_hea3.jpg?v=202407241,False,75.0,0.75,43.4,800.0,,False,500.0,500.0,666.67,32.55,15.36,Luxury,0.0,No Discount,,False,,Large (1L),43–46%,False
2025-12-29 22:15:39,Blended,44104,Harvey's Special / Bot.1940s / Spring Cap,Harvey's,75cl / 43.4%,625.0,"(£1,000 per litre)",,,https://www.thewhiskyexchange.com/p/44104/harveys-special-bot1940s-spring-cap,https://img.thewhiskyexchange.com/380/blend_har12.jpg?v=202407241,False,75.0,0.75,43.4,1000.0,,False,625.0,625.0,833.33,32.55,19.2,Luxury,0.0,No Discount,,False,,Large (1L),43–46%,False
2025-12-29 22:15:43,Blended,44080,Glen Garry / Bot.1950s,Glen Garry,75cl / 43.4%,291.67,(£466.67 per litre),,,https://www.thewhiskyexchange.com/p/44080/glen-garry-bot1950s,https://img.thewhiskyexchange.com/380/blend_gle16.jpg?v=202407241,False,75.0,0.75,43.4,466.67,,False,291.67,291.67,388.89,32.55,8.96,Luxury,0.0,No Discount,,False,,Large (1L),43–46%,False
2025-12-29 22:15:43,Blended,43809,Long John Special Reserve / Bot.1970s / 226cl (2 Quarts),Long John,226cl / 40%,291.67,(£154.87 per litre),,,https://www.thewhiskyexchange.com/p/43809/long-john-special-reserve-bot1970s-226cl-2-quarts,https://img.thewhiskyexchange.com/380/blend_lon14.jpg?v=202407241,False,226.0,2.26,40.0,154.87,,False,291.67,291.67,129.06,90.39999999999999,3.23,Luxury,0.0,No Discount,,False,,Extra Large (>1L),≤40%,False
2025-12-29 22:15:43,Blended,43248,White Heather 5 Year Old / Bot.1970s,White Heather,75cl / 43.4%,145.83,(£233.33 per litre),,,https://www.thewhiskyexchange.com/p/43248/white-heather-5-year-old-bot1970s,https://img.thewhiskyexchange.com/380/blend_whi66.jpg?v=202407241,False,75.0,0.75,43.4,233.33,,False,145.83,145.83,194.44,32.55,4.48,Luxury,0.0,No Discount,5.0,True,≤10,Large (1L),43–46%,False
2025-12-29 22:15:43,Blended,43180,Grand Old Parr Elizabethan / Edition 11,Old Parr,82cl / 43%,1458.33,"(£2,134.15 per litre)",,,https://www.thewhiskyexchange.com/p/43180/grand-old-parr-elizabethan-edition-11,https://img.thewhiskyexchange.com/380/blend_par40.jpg?v=202407241,False,82.0,0.82,43.0,2134.15,,False,1458.33,1458.33,1778.45,35.26,41.36,Luxury,0.0,No Discount,,False,,Large (1L),40–43%,False
2025-12-29 22:15:43,Blended,43152,Ballantine's 30 Year Old / Bot.1980s,Ballantine's,75cl / 43%,541.67,(£866.67 per litre),,,https://www.thewhiskyexchange.com/p/43152/ballantines-30-year-old-bot1980s,https://img.thewhiskyexchange.com/380/blend_bal83.jpg?v=202407241,False,75.0,0.75,43.0,866.67,,False,541.67,541.67,722.23,32.25,16.8,Luxury,0.0,No Discount,30.0,True,25+,Large (1L),40–43%,False
2025-12-29 22:15:43,Blended,43134,Uam Var Famous Scotch Whisky / Bot.1960s,Uam Var,75.7cl / 40%,332.5,(£527.08 per litre),,,https://www.thewhiskyexchange.com/p/43134/uam-var-famous-scotch-whisky-bot1960s,https://img.thewhiskyexchange.com/380/blend_uam1.jpg?v=202407241,False,75.7,0.757,40.0,527.08,,False,332.5,332.5,439.23,30.28,10.98,Luxury,0.0,No Discount,,False,,Large (1L),≤40%,False
2025-12-29 22:15:43,Blended,42929,Dewar's Half Gallon / Spring Cap / Bot.1950s,Dewar's,227cl / 40%,625.0,(£330.40 per litre),,,https://www.thewhiskyexchange.com/p/42929/dewars-half-gallon-spring-cap-bot1950s,https://img.thewhiskyexchange.com/380/blend_dew61.jpg?v=202407241,False,227.0,2.27,40.0,330.4,,False,625.0,625.0,275.33,90.8,6.88,Luxury,0.0,No Discount,,False,,Extra Large (>1L),≤40%,False
2025-12-29 22:15:43,Blended,42904,Long John Special Reserve / Bot.1940s,Long John,75cl / 43%,1000.0,"(£1,600 per litre)",,,https://www.thewhiskyexchange.com/p/42904/long-john-special-reserve-bot1940s,https://img.thewhiskyexchange.com/380/blend_lon13.jpg?v=202407241,False,75.0,0.75,43.0,1600.0,,False,1000.0,1000.0,1333.33,32.25,31.01,Luxury,0.0,No Discount,,False,,Large (1L),40–43%,False
2025-12-29 22:15:43,Blended,42839,Chivas Regal 12 Year Old / Bot.1970s,Chivas Regal,75.7cl / 43%,125.0,(£198.15 per litre),,,https://www.thewhiskyexchange.com/p/42839/chivas-regal-12-year-old-bot1970s,https://img.thewhiskyexchange.com/380/blend_chi71.jpg?v=202407241,False,75.7,0.757,43.0,198.15,,False,125.0,125.0,165.13,32.551,3.84,Luxury,0.0,No Discount,12.0,True,11–15,Large (1L),40–43%,False
2025-12-29 22:15:43,Blended,41994,Teacher's 1 Imperial Gallon,Teacher's,454cl / 40%,375.0,(£99.12 per litre),,,https://www.thewhiskyexchange.com/p/41994/teachers-1-imperial-gallon,https://img.thewhiskyexchange.com/380/blend_tea22.jpg?v=202407241,False,454.0,4.54,40.0,99.12,,False,375.0,375.0,82.6,181.6,2.06,Luxury,0.0,No Discount,,False,,Extra Large (>1L),≤40%,False
2025-12-29 22:15:43,Blended,41716,Dewar's Signature 25 Year Old,Dewar's,70cl / 40%,162.5,(£278.57 per litre),,,https://www.thewhiskyexchange.com/p/41716/dewars-signature-25-year-old,https://img.thewhiskyexchange.com/380/blend_dew60.jpg?v=202407241,False,70.0,0.7,40.0,278.57,,False,162.5,162.5,232.14,28.0,5.8,Luxury,0.0,No Discount,25.0,True,19–25,Standard (70cl),≤40%,False
2025-12-29 22:15:43,Blended,41413,Johnnie Walker 18 Year Old / Gold Label / Bot.1990s,Johnnie Walker,75cl / 43%,145.83,(£233.33 per litre),,,https://www.thewhiskyexchange.com/p/41413/johnnie-walker-18-year-old-gold-label-bot1990s,https://img.thewhiskyexchange.com/380/blend_joh211.jpg?v=202407241,False,75.0,0.75,43.0,233.33,,False,145.83,145.83,194.44,32.25,4.52,Luxury,0.0,No Discount,18.0,True,16–18,Large (1L),40–43%,False
2025-12-29 22:15:43,Blended,41408,Chivas 1990 Jubilee Reserve / Queen's Award,Chivas Regal,75cl / 40%,249.17,(£398.67 per litre),,,https://www.thewhiskyexchange.com/p/41408/chivas-1990-jubilee-reserve-queens-award,https://img.thewhiskyexchange.com/380/blend_chi68.jpg?v=202407241,False,75.0,0.75,40.0,398.67,,False,249.17,249.17,332.23,30.0,8.31,Luxury,0.0,No Discount,,False,,Large (1L),≤40%,False
2025-12-29 22:15:43,Blended,41404,Ballantine's Gold Seal / 12 Year Old / Bot.1980s,Ballantine's,100cl / 43%,104.17,,,,https://www.thewhiskyexchange.com/p/41404/ballantines-gold-seal-12-year-old-bot1980s,https://img.thewhiskyexchange.com/380/blend_bal81.jpg?v=202407241,False,100.0,1.0,43.0,,,False,104.17,104.17,104.17,43.0,2.42,Premium,0.0,No Discount,12.0,True,11–15,Large (1L),40–43%,False
2025-12-29 22:15:43,Blended,40999,Chivas The Queen's Award for Export 1995,Chivas Regal,75cl / 43%,249.17,(£398.67 per litre),,,https://www.thewhiskyexchange.com/p/40999/chivas-the-queens-award-for-export-1995,https://img.thewhiskyexchange.com/380/blend_chi66.jpg?v=202407241,False,75.0,0.75,43.0,398.67,,False,249.17,249.17,332.23,32.25,7.73,Luxury,0.0,No Discount,,False,,Large (1L),40–43%,False
2025-12-29 22:15:43,Blended,40804,Seagram 25 Year Old Club,Seagram,70cl / 40%,187.5,(£321.43 per litre),,,https://www.thewhiskyexchange.com/p/40804/seagram-25-year-old-club,https://img.thewhiskyexchange.com/380/blend_sea1.jpg?v=202407241,False,70.0,0.7,40.0,321.43,,False,187.5,187.5,267.86,28.0,6.7,Luxury,0.0,No Discount,25.0,True,19–25,Standard (70cl),≤40%,False
2025-12-29 22:15:43,Blended,40793,Putachieside Liquer Whisky / Bot.1970s,Putachieside,75cl / 43%,332.5,(£532 per litre),,,https://www.thewhiskyexchange.com/p/40793/putachieside-liquer-whisky-bot1970s,https://img.thewhiskyexchange.com/380/blend_put2.jpg?v=202407241,False,75.0,0.75,43.0,532.0,,False,332.5,332.5,443.33,32.25,10.31,Luxury,0.0,No Discount,,False,,Large (1L),40–43%,False
2025-12-29 22:15:43,Blended,40417,Bell's De Luxe 12 Year Old / Bot.1980s,Bell's,75cl / 40%,91.67,(£146.67 per litre),,,https://www.thewhiskyexchange.com/p/40417/bells-de-luxe-12-year-old-bot1980s,https://img.thewhiskyexchange.com/380/blend_bel51.jpg?v=202407241,False,75.0,0.75,40.0,146.67,,False,91.67,91.67,122.23,30.0,3.06,Premium,0.0,No Discount,12.0,True,11–15,Large (1L),≤40%,False
2025-12-29 22:15:43,Blended,39769,Ballantines 17 Year Old / Bot.1970s,Ballantine's,75cl / 43%,312.5,(£500 per litre),,,https://www.thewhiskyexchange.com/p/39769/ballantines-17-year-old-bot1970s,https://img.thewhiskyexchange.com/380/blend_bal77.jpg?v=202407241,False,75.0,0.75,43.0,500.0,,False,312.5,312.5,416.67,32.25,9.69,Luxury,0.0,No Discount,17.0,True,16–18,Large (1L),40–43%,False
2025-12-29 22:15:43,Blended,39768,Ballantine's 12 Year Old / Bot.1980s,Ballantine's,75cl / 43%,112.5,(£180 per litre),,,https://www.thewhiskyexchange.com/p/39768/ballantines-12-year-old-bot1980s,https://img.thewhiskyexchange.com/380/blend_bal76.jpg?v=202407241,False,75.0,0.75,43.0,180.0,,False,112.5,112.5,150.0,32.25,3.49,Premium,0.0,No Discount,12.0,True,11–15,Large (1L),40–43%,False
2025-12-29 22:15:43,Blended,39726,Islay Mist 8 Year Old / Bot.1970s,Islay Mist,75cl / 43%,375.0,(£600 per litre),,,https://www.thewhiskyexchange.com/p/39726/islay-mist-8-year-old-bot1970s,https://img.thewhiskyexchange.com/380/blend_isl23.jpg?v=202407241,False,75.0,0.75,43.0,600.0,,False,375.0,375.0,500.0,32.25,11.63,Luxury,0.0,No Discount,8.0,True,≤10,Large (1L),40–43%,False
2025-12-29 22:15:43,Blended,39243,Lauder's / Royal Northern Cream Whisky / Bot.1960s,Lauder's,75cl / 43%,145.83,(£233.33 per litre),,,https://www.thewhiskyexchange.com/p/39243/lauders-royal-northern-cream-whisky-bot1960s,https://img.thewhiskyexchange.com/380/blend_lau1.jpg?v=202407241,False,75.0,0.75,43.0,233.33,,False,145.83,145.83,194.44,32.25,4.52,Luxury,0.0,No Discount,,False,,Large (1L),40–43%,False
2025-12-29 22:15:43,Blended,39227,Inver House / Red Plaid / Bot.1980s,Inver House,75cl / 40%,125.0,(£200 per litre),,,https://www.thewhiskyexchange.com/p/39227/inver-house-red-plaid-bot1980s,https://img.thewhiskyexchange.com/380/blend_inv9.jpg?v=202407241,False,75.0,0.75,40.0,200.0,,False,125.0,125.0,166.67,30.0,4.17,Luxury,0.0,No Discount,,False,,Large (1L),≤40%,False
2025-12-29 22:15:43,Blended,38639,Mitchells & Butlers Very Old / Bot.1950s,Mitchells & Butlers,75cl / 46%,291.67,(£466.67 per litre),,,https://www.thewhiskyexchange.com/p/38639/mitchells-butlers-very-old-bot1950s,https://img.thewhiskyexchange.com/380/blend_mit3.jpg?v=202407241,False,75.0,0.75,46.0,466.67,,False,291.67,291.67,388.89,34.5,8.45,Luxury,0.0,No Discount,,False,,Large (1L),43–46%,False
2025-12-29 22:15:48,Blended,37111,Ballantine's 30 Year Old / Bot.1970s,Ballantine's,75cl / 43%,625.0,"(£1,000 per litre)",,,https://www.thewhiskyexchange.com/p/37111/ballantines-30-year-old-bot1970s,https://img.thewhiskyexchange.com/380/blend_bal71.jpg?v=202407241,False,75.0,0.75,43.0,1000.0,,False,625.0,625.0,833.33,32.25,19.38,Luxury,0.0,No Discount,30.0,True,25+,Large (1L),40–43%,False
2025-12-29 22:15:48,Blended,35959,Johnnie Walker Red Label / Bot.1950s,Johnnie Walker,75cl / 40%,291.67,(£466.67 per litre),,,https://www.thewhiskyexchange.com/p/35959/johnnie-walker-red-label-bot1950s,https://img.thewhiskyexchange.com/380/blend_joh194.jpg?v=202407241,False,75.0,0.75,40.0,466.67,,False,291.67,291.67,388.89,30.0,9.72,Luxury,0.0,No Discount,,False,,Large (1L),≤40%,False
2025-12-29 22:15:48,Blended,34751,Whyte & Mackay Triple Matured,Whyte & Mackay,70cl / 40%,17.92,(£30.71 per litre),,,https://www.thewhiskyexchange.com/p/34751/whyte-mackay-triple-matured,https://img.thewhiskyexchange.com/380/blend_why43.jpg?v=202407241,False,70.0,0.7,40.0,30.71,,False,17.92,17.92,25.6,28.0,0.64,Budget,0.0,No Discount,,False,,Standard (70cl),≤40%,False
2025-12-29 22:15:48,Blended,34036,Glenrosa / Bot.1940s,Glenrosa,75cl / 40%,375.0,(£600 per litre),,,https://www.thewhiskyexchange.com/p/34036/glenrosa-bot1940s,https://img.thewhiskyexchange.com/380/blend_gle12.jpg?v=202407241,False,75.0,0.75,40.0,600.0,,False,375.0,375.0,500.0,30.0,12.5,Luxury,0.0,No Discount,,False,,Large (1L),≤40%,False
2025-12-29 22:15:48,Blended,32609,Dewar's Victoria Vat / Bot.1930s / Spring Cap,Dewar's,75cl / 43%,1250.0,"(£2,000 per litre)",,,https://www.thewhiskyexchange.com/p/32609/dewars-victoria-vat-bot1930s-spring-cap,https://img.thewhiskyexchange.com/380/blend_dew55.jpg?v=202407241,False,75.0,0.75,43.0,2000.0,,False,1250.0,1250.0,1666.67,32.25,38.76,Luxury,0.0,No Discount,,False,,Large (1L),40–43%,False
2025-12-29 22:15:48,Blended,32253,Dewar's Signature / Bot.2010s,Dewar's,70cl / 40%,208.33,(£357.14 per litre),,,https://www.thewhiskyexchange.com/p/32253/dewars-signature-bot2010s,https://img.thewhiskyexchange.com/380/blend_dew53.jpg?v=202407241,False,70.0,0.7,40.0,357.14,,False,208.33,208.33,297.61,28.0,7.44,Luxury,0.0,No Discount,,False,,Standard (70cl),≤40%,False
2025-12-29 22:15:48,Blended,32192,Johnnie Walker White Label / Bot.~1900,Johnnie Walker,75cl / 40%,15000.0,"(£24,000 per litre)",,,https://www.thewhiskyexchange.com/p/32192/johnnie-walker-white-label-bot1900,https://img.thewhiskyexchange.com/380/blend_joh183.jpg?v=202407241,False,75.0,0.75,40.0,24000.0,,False,15000.0,15000.0,20000.0,30.0,500.0,Luxury,0.0,No Discount,,False,,Large (1L),≤40%,False
2025-12-29 22:15:48,Blended,32033,Johnnie Walker Swing / Bot.1960s,Johnnie Walker,75cl / 43%,332.5,(£532 per litre),,,https://www.thewhiskyexchange.com/p/32033/johnnie-walker-swing-bot1960s,https://img.thewhiskyexchange.com/380/blend_joh182.jpg?v=202407241,False,75.0,0.75,43.0,532.0,,False,332.5,332.5,443.33,32.25,10.31,Luxury,0.0,No Discount,,False,,Large (1L),40–43%,False
2025-12-29 22:15:48,Blended,31408,Ballantine's 17 Year Old,Ballantine's,70cl / 40%,61.25,(£105 per litre),,,https://www.thewhiskyexchange.com/p/31408/ballantines-17-year-old,https://img.thewhiskyexchange.com/380/blend_bal66.jpg?v=202407241,False,70.0,0.7,40.0,105.0,,False,61.25,61.25,87.5,28.0,2.19,Premium,0.0,No Discount,17.0,True,16–18,Standard (70cl),≤40%,False
2025-12-29 22:15:48,Blended,31379,Ballantine's 17 Year Old / Bot.1970s,Ballantine's,75cl / 43%,291.67,(£466.67 per litre),,,https://www.thewhiskyexchange.com/p/31379/ballantines-17-year-old-bot1970s,https://img.thewhiskyexchange.com/380/blend_bal65.jpg?v=202407241,False,75.0,0.75,43.0,466.67,,False,291.67,291.67,388.89,32.25,9.04,Luxury,0.0,No Discount,17.0,True,16–18,Large (1L),40–43%,False
2025-12-29 22:15:48,Blended,31377,Ballantine's 17 Year Old / Bot.1980s,Ballantine's,75cl / 43%,208.33,(£333.33 per litre),,,https://www.thewhiskyexchange.com/p/31377/ballantines-17-year-old-bot1980s,https://img.thewhiskyexchange.com/380/blend_bal64.jpg?v=202407241,False,75.0,0.75,43.0,333.33,,False,208.33,208.33,277.77,32.25,6.46,Luxury,0.0,No Discount,17.0,True,16–18,Large (1L),40–43%,False
2025-12-29 22:15:48,Blended,30971,Gilbey's Spey Royal / Bot.1950s,Gilbey's,75cl / 40%,332.5,(£532 per litre),,,https://www.thewhiskyexchange.com/p/30971/gilbeys-spey-royal-bot1950s,https://img.thewhiskyexchange.com/380/blend_gil7.jpg?v=202407241,False,75.0,0.75,40.0,532.0,,False,332.5,332.5,443.33,30.0,11.08,Luxury,0.0,No Discount,,False,,Large (1L),≤40%,False
2025-12-29 22:15:48,Blended,30756,Grand Old Parr Elizabethan,Old Parr,78cl / 43%,1458.33,"(£2,243.59 per litre)",,,https://www.thewhiskyexchange.com/p/30756/grand-old-parr-elizabethan,https://img.thewhiskyexchange.com/380/blend_par32.jpg?v=202407241,False,78.0,0.78,43.0,2243.59,,False,1458.33,1458.33,1869.65,33.54,43.48,Luxury,0.0,No Discount,,False,,Large (1L),40–43%,False
2025-12-29 22:15:48,Blended,30241,Bell's Prince Charles Visit to Cherrybank Garden / Small,Bell's,18.75cl / 43%,249.17,(£159.47 per 10cl),,,https://www.thewhiskyexchange.com/p/30241/bells-prince-charles-visit-to-cherrybank-garden-small,https://img.thewhiskyexchange.com/380/bells_pri2.jpg?v=202407241,False,18.75,0.1875,43.0,1594.7,,False,249.17,249.17,1328.91,8.0625,30.9,Luxury,0.0,No Discount,,False,,Small (≤35cl),40–43%,False
2025-12-29 22:15:48,Blended,29926,Bell's Hawaii / 12 Year Old,Bell's,75cl / 43%,208.33,(£333.33 per litre),,,https://www.thewhiskyexchange.com/p/29926/bells-hawaii-12-year-old,https://img.thewhiskyexchange.com/380/bells_haw2.jpg?v=202407241,False,75.0,0.75,43.0,333.33,,False,208.33,208.33,277.77,32.25,6.46,Luxury,0.0,No Discount,12.0,True,11–15,Large (1L),40–43%,False
2025-12-29 22:15:48,Blended,29339,Johnnie Walker Old Harmony / Bot.1970s,Johnnie Walker,75cl / 43%,249.17,(£398.67 per litre),,,https://www.thewhiskyexchange.com/p/29339/johnnie-walker-old-harmony-bot1970s,https://img.thewhiskyexchange.com/380/blend_joh176.jpg?v=202407241,False,75.0,0.75,43.0,398.67,,False,249.17,249.17,332.23,32.25,7.73,Luxury,0.0,No Discount,,False,,Large (1L),40–43%,False
2025-12-29 22:15:48,Blended,29292,Bulloch Lade's Gold Label / Bot.1950s / Spring Cap,Bulloch Lade,75cl / 40%,375.0,(£600 per litre),,,https://www.thewhiskyexchange.com/p/29292/bulloch-lades-gold-label-bot1950s-spring-cap,https://img.thewhiskyexchange.com/380/blend_bul7.jpg?v=202407241,False,75.0,0.75,40.0,600.0,,False,375.0,375.0,500.0,30.0,12.5,Luxury,0.0,No Discount,,False,,Large (1L),≤40%,False
2025-12-29 22:15:48,Blended,28429,Black Bull Kyloe,Black Bull,70cl / 50%,25.21,(£43.21 per litre),,,https://www.thewhiskyexchange.com/p/28429/black-bull-kyloe,https://img.thewhiskyexchange.com/380/blend_bla57.jpg?v=202407241,False,70.0,0.7,50.0,43.21,,False,25.21,25.21,36.01,35.0,0.72,Budget,0.0,No Discount,,False,,Standard (70cl),46–50%,True
2025-12-29 22:15:48,Blended,28390,House of Commons 12 Year Old / Bot.1970s,House of Commons,75cl / 40%,145.83,(£233.33 per litre),,,https://www.thewhiskyexchange.com/p/28390/house-of-commons-12-year-old-bot1970s,https://img.thewhiskyexchange.com/380/blend_hou7.jpg?v=202407241,False,75.0,0.75,40.0,233.33,,False,145.83,145.83,194.44,30.0,4.86,Luxury,0.0,No Discount,12.0,True,11–15,Large (1L),≤40%,False
2025-12-29 22:15:48,Blended,26487,Black & White / Bot.1930s,Black & White,75cl / 43.4%,625.0,"(£1,000 per litre)",,,https://www.thewhiskyexchange.com/p/26487/black-white-bot1930s,https://img.thewhiskyexchange.com/380/blend_bla56.jpg?v=202407241,False,75.0,0.75,43.4,1000.0,,False,625.0,625.0,833.33,32.55,19.2,Luxury,0.0,No Discount,,False,,Large (1L),43–46%,False
2025-12-29 22:15:48,Blended,25990,Dewar's Victoria Vat / Bot.1950s / Spring Cap,Dewar's,75cl / 43%,833.33,"(£1,333.33 per litre)",,,https://www.thewhiskyexchange.com/p/25990/dewars-victoria-vat-bot1950s-spring-cap,https://img.thewhiskyexchange.com/380/blend_dew50.jpg?v=202407241,False,75.0,0.75,43.0,1333.33,,False,833.33,833.33,1111.11,32.25,25.84,Luxury,0.0,No Discount,,False,,Large (1L),40–43%,False
2025-12-29 22:15:48,Blended,25919,Bell's Extra Special / Bot.1970s,Bell's,75cl / 40%,83.29,(£133.27 per litre),,,https://www.thewhiskyexchange.com/p/25919/bells-extra-special-bot1970s,https://img.thewhiskyexchange.com/380/blend_bel46.jpg?v=202407241,False,75.0,0.75,40.0,133.27,,False,83.29,83.29,111.05,30.0,2.78,Premium,0.0,No Discount,,False,,Large (1L),≤40%,False
2025-12-29 22:15:48,Blended,25393,Ballantine's 17 Year Old / Bot.1980s,Ballantine's,75cl / 43%,208.33,(£333.33 per litre),,,https://www.thewhiskyexchange.com/p/25393/ballantines-17-year-old-bot1980s,https://img.thewhiskyexchange.com/380/blend_bal55.jpg?v=202407241,False,75.0,0.75,43.0,333.33,,False,208.33,208.33,277.77,32.25,6.46,Luxury,0.0,No Discount,17.0,True,16–18,Large (1L),40–43%,False
2025-12-29 22:15:48,Blended,25394,Buchanan's Deluxe / Bot.1950s / Spring Cap,Buchanan's,75cl / 43%,291.67,(£466.67 per litre),,,https://www.thewhiskyexchange.com/p/25394/buchanans-deluxe-bot1950s-spring-cap,https://img.thewhiskyexchange.com/380/blend_buc20.jpg?v=202407241,False,75.0,0.75,43.0,466.67,,False,291.67,291.67,388.89,32.25,9.04,Luxury,0.0,No Discount,,False,,Large (1L),40–43%,False
2025-12-29 22:15:53,Blended,25369,Royal Salute LXX 21 Year Old,Royal Salute,70cl / 40%,375.0,(£642.86 per litre),,,https://www.thewhiskyexchange.com/p/25369/royal-salute-lxx-21-year-old,https://img.thewhiskyexchange.com/380/blend_roy41.jpg?v=202407241,False,70.0,0.7,40.0,642.86,,False,375.0,375.0,535.71,28.0,13.39,Luxury,0.0,No Discount,21.0,True,19–25,Standard (70cl),≤40%,False
2025-12-29 22:15:53,Blended,24226,Bell's Extra Special / Bot.1980s,Bell's,75cl / 40%,79.12,(£126.60 per litre),,,https://www.thewhiskyexchange.com/p/24226/bells-extra-special-bot1980s,https://img.thewhiskyexchange.com/380/blend_bel45.jpg?v=202407241,False,75.0,0.75,40.0,126.6,,False,79.12,79.12,105.49,30.0,2.64,Premium,0.0,No Discount,,False,,Large (1L),≤40%,False
2025-12-29 22:15:53,Blended,24219,Johnnie Walker Swing / Bot.1980s,Johnnie Walker,75cl / 40%,208.33,(£333.33 per litre),,,https://www.thewhiskyexchange.com/p/24219/johnnie-walker-swing-bot1980s,https://img.thewhiskyexchange.com/380/blend_joh154.jpg?v=202407241,False,75.0,0.75,40.0,333.33,,False,208.33,208.33,277.77,30.0,6.94,Luxury,0.0,No Discount,,False,,Large (1L),≤40%,False
2025-12-29 22:15:53,Blended,24112,Lord Elcho Blended Whisky,Lord Elcho,70cl / 40%,22.08,(£37.86 per litre),,,https://www.thewhiskyexchange.com/p/24112/lord-elcho-blended-whisky,https://img.thewhiskyexchange.com/380/blend_lor2.jpg?v=202407241,False,70.0,0.7,40.0,37.86,,False,22.08,22.08,31.54,28.0,0.79,Budget,0.0,No Discount,,False,,Standard (70cl),≤40%,False
2025-12-29 22:15:53,Blended,24096,Johnnie Walker Red Label / Bot.1960s,Johnnie Walker,75cl / 40%,229.17,(£366.67 per litre),,,https://www.thewhiskyexchange.com/p/24096/johnnie-walker-red-label-bot1960s,https://img.thewhiskyexchange.com/380/blend_joh148.jpg?v=202407241,False,75.0,0.75,40.0,366.67,,False,229.17,229.17,305.56,30.0,7.64,Luxury,0.0,No Discount,,False,,Large (1L),≤40%,False
2025-12-29 22:15:53,Blended,23817,Ballantine's 40 Year Old / 2018 Release,Ballantine's,70cl / 43%,6000.0,"(£10,285.71 per litre)",,,https://www.thewhiskyexchange.com/p/23817/ballantines-40-year-old-2018-release,https://img.thewhiskyexchange.com/380/blend_bal52.jpg?v=202407241,False,70.0,0.7,43.0,10285.71,,False,6000.0,6000.0,8571.43,30.099999999999998,199.34,Luxury,0.0,No Discount,40.0,True,25+,Standard (70cl),40–43%,False
2025-12-29 22:15:53,Blended,23852,Hazelwood Reserve / 90th Birthday Edition,Hazelwood,75cl / 51.4%,2083.33,"(£3,333.33 per litre)",,,https://www.thewhiskyexchange.com/p/23852/hazelwood-reserve-90th-birthday-edition,https://img.thewhiskyexchange.com/380/blend_haz3.jpg?v=202407241,False,75.0,0.75,51.4,3333.33,,False,2083.33,2083.33,2777.77,38.55,54.04,Luxury,0.0,No Discount,,False,,Large (1L),50%+,True
2025-12-29 22:15:53,Blended,23200,Black Bottle / Bot.1960s,Black Bottle,75cl / 40%,165.83,(£265.33 per litre),,,https://www.thewhiskyexchange.com/p/23200/black-bottle-bot1960s,https://img.thewhiskyexchange.com/380/blend_bla50.jpg?v=202407241,False,75.0,0.75,40.0,265.33,,False,165.83,165.83,221.11,30.0,5.53,Luxury,0.0,No Discount,,False,,Large (1L),≤40%,False
2025-12-29 22:15:53,Blended,22607,Royal Salute 21 Year Old / Bot.1980s / Brown Wade Decanter,Royal Salute,75cl / 40%,291.67,(£466.67 per litre),,,https://www.thewhiskyexchange.com/p/22607/royal-salute-21-year-old-bot1980s-brown-wade-decanter,https://img.thewhiskyexchange.com/380/blend_roy37.jpg?v=202407241,False,75.0,0.75,40.0,466.67,,False,291.67,291.67,388.89,30.0,9.72,Luxury,0.0,No Discount,21.0,True,19–25,Large (1L),≤40%,False
2025-12-29 22:15:53,Blended,22127,Chivas Regal 12 Year Old / Bot.1970s,Chivas Regal,75cl / 43%,125.0,(£200 per litre),,,https://www.thewhiskyexchange.com/p/22127/chivas-regal-12-year-old-bot1970s,https://img.thewhiskyexchange.com/380/blend_chi41.jpg?v=202407241,False,75.0,0.75,43.0,200.0,,False,125.0,125.0,166.67,32.25,3.88,Luxury,0.0,No Discount,12.0,True,11–15,Large (1L),40–43%,False
2025-12-29 22:15:53,Blended,21586,Lord Elcho 15 Year Old / Wemyss Malts,Lord Elcho,70cl / 40%,42.46,(£72.79 per litre),,,https://www.thewhiskyexchange.com/p/21586/lord-elcho-15-year-old-wemyss-malts,https://img.thewhiskyexchange.com/380/blend_lor1.jpg?v=202407241,False,70.0,0.7,40.0,72.79,,False,42.46,42.46,60.66,28.0,1.52,Premium,0.0,No Discount,15.0,True,11–15,Standard (70cl),≤40%,False
2025-12-29 22:15:53,Blended,21337,Johnnie Walker Swing / Bot.1980s,Johnnie Walker,75cl / 40%,208.33,(£333.33 per litre),,,https://www.thewhiskyexchange.com/p/21337/johnnie-walker-swing-bot1980s,https://img.thewhiskyexchange.com/380/blend_joh136.jpg?v=202407241,False,75.0,0.75,40.0,333.33,,False,208.33,208.33,277.77,30.0,6.94,Luxury,0.0,No Discount,,False,,Large (1L),≤40%,False
2025-12-29 22:15:53,Blended,21333,Alex Ferguson / Bot.1930s,Alex Ferguson,75cl / 40%,412.5,(£660 per litre),,,https://www.thewhiskyexchange.com/p/21333/alex-ferguson-bot1930s,https://img.thewhiskyexchange.com/380/blend_ale2.jpg?v=202407241,False,75.0,0.75,40.0,660.0,,False,412.5,412.5,550.0,30.0,13.75,Luxury,0.0,No Discount,,False,,Large (1L),≤40%,False
2025-12-29 22:15:53,Blended,20676,Gilbey's Spey Royal / Bot.1940s,Gilbey's,75cl / 40%,625.0,"(£1,000 per litre)",,,https://www.thewhiskyexchange.com/p/20676/gilbeys-spey-royal-bot1940s,https://img.thewhiskyexchange.com/380/blend_gil4.jpg?v=202407241,False,75.0,0.75,40.0,1000.0,,False,625.0,625.0,833.33,30.0,20.83,Luxury,0.0,No Discount,,False,,Large (1L),≤40%,False
2025-12-29 22:15:53,Blended,20661,White Horse / Bot.1950s / Spring Cap,White Horse,75cl / 43.4%,833.33,"(£1,333.33 per litre)",,,https://www.thewhiskyexchange.com/p/20661/white-horse-bot1950s-spring-cap,https://img.thewhiskyexchange.com/380/blend_whi53.jpg?v=202407241,False,75.0,0.75,43.4,1333.33,,False,833.33,833.33,1111.11,32.55,25.6,Luxury,0.0,No Discount,,False,,Large (1L),43–46%,False
2025-12-29 22:15:53,Blended,20655,Stewart's Cream of the Barley 21 Year Old / Bot.1940s,Stewart's,75cl / 40%,1000.0,"(£1,600 per litre)",,,https://www.thewhiskyexchange.com/p/20655/stewarts-cream-of-the-barley-21-year-old-bot1940s,https://img.thewhiskyexchange.com/380/blend_ste7.jpg?v=202407241,False,75.0,0.75,40.0,1600.0,,False,1000.0,1000.0,1333.33,30.0,33.33,Luxury,0.0,No Discount,21.0,True,19–25,Large (1L),≤40%,False
2025-12-29 22:15:53,Blended,20438,Logan's De Luxe / Bot.1970s,Logan's,75cl / 40%,195.83,(£313.33 per litre),,,https://www.thewhiskyexchange.com/p/20438/logans-de-luxe-bot1970s,https://img.thewhiskyexchange.com/380/blend_log7.jpg?v=202407241,False,75.0,0.75,40.0,313.33,,False,195.83,195.83,261.11,30.0,6.53,Luxury,0.0,No Discount,,False,,Large (1L),≤40%,False
2025-12-29 22:15:53,Blended,20118,Findlater's  V.O. / 10 Years Old / Bot.1940s,Findlater's,75cl / 43%,332.5,(£532 per litre),,,https://www.thewhiskyexchange.com/p/20118/findlaters-vo-10-years-old-bot1940s,https://img.thewhiskyexchange.com/380/blend_fin9.jpg?v=202407241,False,75.0,0.75,43.0,532.0,,False,332.5,332.5,443.33,32.25,10.31,Luxury,0.0,No Discount,10.0,True,≤10,Large (1L),40–43%,False
2025-12-29 22:15:53,Blended,19881,Haig's Gold Label / Cork Stopper / Bot.1940s (GEORGE VI),Haig,75cl / 40%,458.33,(£733.33 per litre),,,https://www.thewhiskyexchange.com/p/19881/haigs-gold-label-cork-stopper-bot1940s-george-vi,https://img.thewhiskyexchange.com/380/blend_hai30.jpg?v=202407241,False,75.0,0.75,40.0,733.33,,False,458.33,458.33,611.11,30.0,15.28,Luxury,0.0,No Discount,,False,,Large (1L),≤40%,False
2025-12-29 22:15:53,Blended,19012,Bell's Royal Reserve 20 Year Old / Bot.1970s,Bell's,75cl / 43%,187.5,(£300 per litre),,,https://www.thewhiskyexchange.com/p/19012/bells-royal-reserve-20-year-old-bot1970s,https://img.thewhiskyexchange.com/380/blend_bel37.jpg?v=202407241,False,75.0,0.75,43.0,300.0,,False,187.5,187.5,250.0,32.25,5.81,Luxury,0.0,No Discount,20.0,True,19–25,Large (1L),40–43%,False
2025-12-29 22:15:53,Blended,18975,Chivas Regal 12 Year Old / Bot.1980s / US Gallon,Chivas Regal,378cl / 43%,375.0,(£119.05 per litre),,,https://www.thewhiskyexchange.com/p/18975/chivas-regal-12-year-old-bot1980s-us-gallon,https://img.thewhiskyexchange.com/380/blend_chi35.jpg?v=202407241,False,378.0,3.78,43.0,119.05,,False,375.0,375.0,99.21,162.54,2.31,Luxury,0.0,No Discount,12.0,True,11–15,Extra Large (>1L),40–43%,False
2025-12-29 22:15:53,Blended,18295,Sandy Macdonald / Bot.1950s,Sandy Macdonald,75cl / 43%,312.5,(£500 per litre),,,https://www.thewhiskyexchange.com/p/18295/sandy-macdonald-bot1950s,https://img.thewhiskyexchange.com/380/blend_san4.jpg?v=202407241,False,75.0,0.75,43.0,500.0,,False,312.5,312.5,416.67,32.25,9.69,Luxury,0.0,No Discount,,False,,Large (1L),40–43%,False
2025-12-29 22:15:53,Blended,18293,Gilbey's 8 Year Old / Bot.1950s,Gilbey's,75cl / 43%,208.33,(£333.33 per litre),,,https://www.thewhiskyexchange.com/p/18293/gilbeys-8-year-old-bot1950s,https://img.thewhiskyexchange.com/380/blend_gil3.jpg?v=202407241,False,75.0,0.75,43.0,333.33,,False,208.33,208.33,277.77,32.25,6.46,Luxury,0.0,No Discount,8.0,True,≤10,Large (1L),40–43%,False
2025-12-29 22:15:53,Blended,18229,Award 76 Special Reserve / Chivas,Chivas Regal,75cl / 40%,249.17,(£398.67 per litre),,,https://www.thewhiskyexchange.com/p/18229/award-76-special-reserve-chivas,https://img.thewhiskyexchange.com/380/blend_chi34.jpg?v=202407241,False,75.0,0.75,40.0,398.67,,False,249.17,249.17,332.23,30.0,8.31,Luxury,0.0,No Discount,,False,,Large (1L),≤40%,False
2025-12-29 22:15:56,Blended,18135,MacNaMara Gaelic,MacNaMara,70cl / 40%,24.79,(£42.50 per litre),,,https://www.thewhiskyexchange.com/p/18135/macnamara-gaelic,https://img.thewhiskyexchange.com/380/blend_mac13.jpg?v=202407241,False,70.0,0.7,40.0,42.5,,False,24.79,24.79,35.41,28.0,0.89,Budget,0.0,No Discount,,False,,Standard (70cl),≤40%,False
2025-12-29 22:15:56,Blended,17980,Ballantine's 17 Year Old / Bot.1970s,Ballantine's,75cl / 43%,291.67,(£466.67 per litre),,,https://www.thewhiskyexchange.com/p/17980/ballantines-17-year-old-bot1970s,https://img.thewhiskyexchange.com/380/blend_bal37.jpg?v=202407241,False,75.0,0.75,43.0,466.67,,False,291.67,291.67,388.89,32.25,9.04,Luxury,0.0,No Discount,17.0,True,16–18,Large (1L),40–43%,False
2025-12-29 22:15:56,Blended,17562,Wright & Greigs Blended Whisky / Bot.1980s / Large Bottle,Wright & Greigs,114cl / 40%,41.04,(£43.20 per litre),,,https://www.thewhiskyexchange.com/p/17562/wright-greigs-blended-whisky-bot1980s-large-bottle,https://img.thewhiskyexchange.com/380/blend_wri1.jpg?v=202407241,False,114.0,1.14,40.0,43.2,,False,41.04,41.04,36.0,45.599999999999994,0.9,Premium,0.0,No Discount,,False,,Extra Large (>1L),≤40%,False
2025-12-29 22:15:56,Blended,16209,Bulloch Lade's / Bot.1950s / Spring Cap,Bulloch Lade,75cl / 43.4%,412.5,(£660 per litre),,,https://www.thewhiskyexchange.com/p/16209/bulloch-lades-bot1950s-spring-cap,https://img.thewhiskyexchange.com/380/blend_bul3.jpg?v=202407241,False,75.0,0.75,43.4,660.0,,False,412.5,412.5,550.0,32.55,12.67,Luxury,0.0,No Discount,,False,,Large (1L),43–46%,False
2025-12-29 22:15:56,Blended,16105,Johnnie Walker Black Label / Extra Special / Bot.1970s,Johnnie Walker,75cl / 40%,187.5,(£300 per litre),,,https://www.thewhiskyexchange.com/p/16105/johnnie-walker-black-label-extra-special-bot1970s,https://img.thewhiskyexchange.com/380/blend_joh98.jpg?v=202407241,False,75.0,0.75,40.0,300.0,,False,187.5,187.5,250.0,30.0,6.25,Luxury,0.0,No Discount,,False,,Large (1L),≤40%,False
2025-12-29 22:15:56,Blended,15943,Haig Gold Label / Bot.1960s / Spring Cap,Haig,75cl / 40%,249.17,(£398.67 per litre),,,https://www.thewhiskyexchange.com/p/15943/haig-gold-label-bot1960s-spring-cap,https://img.thewhiskyexchange.com/380/blend_hai22.jpg?v=202407241,False,75.0,0.75,40.0,398.67,,False,249.17,249.17,332.23,30.0,8.31,Luxury,0.0,No Discount,,False,,Large (1L),≤40%,False
2025-12-29 22:15:56,Blended,15918,Chivas Regal 12 Year Old / Bot.1970s,Chivas Regal,75cl / 43%,125.0,(£200 per litre),,,https://www.thewhiskyexchange.com/p/15918/chivas-regal-12-year-old-bot1970s,https://img.thewhiskyexchange.com/380/blend_chi32.jpg?v=202407241,False,75.0,0.75,43.0,200.0,,False,125.0,125.0,166.67,32.25,3.88,Luxury,0.0,No Discount,12.0,True,11–15,Large (1L),40–43%,False
2025-12-29 22:15:56,Blended,15917,Bell's Extra Special / Bot.1970s,Bell's,75.7cl / 40%,83.29,(£132.03 per litre),,,https://www.thewhiskyexchange.com/p/15917/bells-extra-special-bot1970s,https://img.thewhiskyexchange.com/380/blend_bel29.jpg?v=202407241,False,75.7,0.757,40.0,132.03,,False,83.29,83.29,110.03,30.28,2.75,Premium,0.0,No Discount,,False,,Large (1L),≤40%,False
2025-12-29 22:15:56,Blended,15894,Hazelwood Janet Sheed Roberts / 110th Birthday Edition,Hazelwood,70cl / 55%,375.0,(£642.86 per litre),,,https://www.thewhiskyexchange.com/p/15894/hazelwood-janet-sheed-roberts-110th-birthday-edition,https://img.thewhiskyexchange.com/380/blend_haz2.jpg?v=202407241,False,70.0,0.7,55.0,642.86,,False,375.0,375.0,535.71,38.5,9.74,Luxury,0.0,No Discount,,False,,Standard (70cl),50%+,True
2025-12-29 22:15:56,Blended,15321,Black & White / Bot.1939 / Late King George V,Black & White,75cl / 40%,625.0,"(£1,000 per litre)",,,https://www.thewhiskyexchange.com/p/15321/black-white-bot1939-late-king-george-v,https://img.thewhiskyexchange.com/380/blend_bla32.jpg?v=202407241,False,75.0,0.75,40.0,1000.0,,False,625.0,625.0,833.33,30.0,20.83,Luxury,0.0,No Discount,,False,,Large (1L),≤40%,False
2025-12-29 22:15:56,Blended,14170,Chivas Silver Jubilee (1952-1977),Chivas Regal,75cl / 40%,375.0,(£600 per litre),,,https://www.thewhiskyexchange.com/p/14170/chivas-silver-jubilee-1952-1977,https://img.thewhiskyexchange.com/380/blend_chi29.jpg?v=202407241,False,75.0,0.75,40.0,600.0,,False,375.0,375.0,500.0,30.0,12.5,Luxury,0.0,No Discount,,False,,Large (1L),≤40%,False
2025-12-29 22:15:56,Blended,14007,Ballantine's Celebration,Ballantine's,70cl / 47%,100.0,(£171.43 per litre),,,https://www.thewhiskyexchange.com/p/14007/ballantines-celebration,https://img.thewhiskyexchange.com/380/blend_bal29.jpg?v=202407241,False,70.0,0.7,47.0,171.43,,False,100.0,100.0,142.86,32.9,3.04,Premium,0.0,No Discount,,False,,Standard (70cl),46–50%,False
2025-12-29 22:15:56,Blended,13960,Ballantine's 12 Year Old / Bot.1980s,Ballantine's,75cl / 40%,112.5,(£180 per litre),,,https://www.thewhiskyexchange.com/p/13960/ballantines-12-year-old-bot1980s,https://img.thewhiskyexchange.com/380/blend_bal28.jpg?v=202407241,False,75.0,0.75,40.0,180.0,,False,112.5,112.5,150.0,30.0,3.75,Premium,0.0,No Discount,12.0,True,11–15,Large (1L),≤40%,False
2025-12-29 22:15:56,Blended,13647,Bulloch Lade's Gold Label / Bot.1950s / Spring Cap,Bulloch Lade,75cl / 40%,375.0,(£600 per litre),,,https://www.thewhiskyexchange.com/p/13647/bulloch-lades-gold-label-bot1950s-spring-cap,https://img.thewhiskyexchange.com/380/blend_bul2.jpg?v=202407241,False,75.0,0.75,40.0,600.0,,False,375.0,375.0,500.0,30.0,12.5,Luxury,0.0,No Discount,,False,,Large (1L),≤40%,False
2025-12-29 22:15:56,Blended,13527,The John Walker / Baccarat Crystal Decanter,Johnnie Walker,70cl / 40%,2916.67,"(£5,000 per litre)",,,https://www.thewhiskyexchange.com/p/13527/the-john-walker-baccarat-crystal-decanter,https://img.thewhiskyexchange.com/380/blend_joh77.jpg?v=202407241,False,70.0,0.7,40.0,5000.0,,False,2916.67,2916.67,4166.67,28.0,104.17,Luxury,0.0,No Discount,,False,,Standard (70cl),≤40%,False
2025-12-29 22:15:56,Blended,13454,Johnnie Walker Swing / Bot.1980s,Johnnie Walker,75cl / 43%,208.33,(£333.33 per litre),,,https://www.thewhiskyexchange.com/p/13454/johnnie-walker-swing-bot1980s,https://img.thewhiskyexchange.com/380/blend_joh76.jpg?v=202407241,False,75.0,0.75,43.0,333.33,,False,208.33,208.33,277.77,32.25,6.46,Luxury,0.0,No Discount,,False,,Large (1L),40–43%,False
2025-12-29 22:15:56,Blended,13126,Teacher's Highland Cream / Bot.1980s,Teacher's,75cl / 40%,66.62,(£106.60 per litre),,,https://www.thewhiskyexchange.com/p/13126/teachers-highland-cream-bot1980s,https://img.thewhiskyexchange.com/380/blend_tea8.jpg?v=202407241,False,75.0,0.75,40.0,106.6,,False,66.62,66.62,88.83,30.0,2.22,Premium,0.0,No Discount,,False,,Large (1L),≤40%,False
2025-12-29 22:15:56,Blended,13109,Chivas Regal 12 Year Old / Bot.1980s,Chivas Regal,70cl / 40%,91.67,(£157.14 per litre),,,https://www.thewhiskyexchange.com/p/13109/chivas-regal-12-year-old-bot1980s,https://img.thewhiskyexchange.com/380/blend_chi24.jpg?v=202407241,False,70.0,0.7,40.0,157.14,,False,91.67,91.67,130.96,28.0,3.27,Premium,0.0,No Discount,12.0,True,11–15,Standard (70cl),≤40%,False
2025-12-29 22:15:56,Blended,12687,Sandy Macdonald / Bot.1960s / Spring Cap,Sandy Macdonald,75cl / 43%,187.5,(£300 per litre),,,https://www.thewhiskyexchange.com/p/12687/sandy-macdonald-bot1960s-spring-cap,https://img.thewhiskyexchange.com/380/blend_san2.jpg?v=202407241,False,75.0,0.75,43.0,300.0,,False,187.5,187.5,250.0,32.25,5.81,Luxury,0.0,No Discount,,False,,Large (1L),40–43%,False
2025-12-29 22:15:56,Blended,11609,King William IV VOP / Bot.1950s,King William,75cl / 43%,312.5,(£500 per litre),,,https://www.thewhiskyexchange.com/p/11609/king-william-iv-vop-bot1950s,https://img.thewhiskyexchange.com/380/blend_kin23.jpg?v=202407241,False,75.0,0.75,43.0,500.0,,False,312.5,312.5,416.67,32.25,9.69,Luxury,0.0,No Discount,,False,,Large (1L),40–43%,False
2025-12-29 22:15:56,Blended,11537,Whyte & Mackay 30 Year Old / Rare Reserve,Whyte & Mackay,70cl / 43%,332.5,(£570 per litre),,,https://www.thewhiskyexchange.com/p/11537/whyte-mackay-30-year-old-rare-reserve,https://img.thewhiskyexchange.com/380/blend_why30.jpg?v=202407241,False,70.0,0.7,43.0,570.0,,False,332.5,332.5,475.0,30.099999999999998,11.05,Luxury,0.0,No Discount,30.0,True,25+,Standard (70cl),40–43%,False
2025-12-29 22:15:56,Blended,11144,Hazelwood Centennial Reserve / 20 Year Old,Hazelwood,70cl / 40%,395.83,(£678.57 per litre),,,https://www.thewhiskyexchange.com/p/11144/hazelwood-centennial-reserve-20-year-old,https://img.thewhiskyexchange.com/380/blend_haz1.jpg?v=202407241,False,70.0,0.7,40.0,678.57,,False,395.83,395.83,565.47,28.0,14.14,Luxury,0.0,No Discount,20.0,True,19–25,Standard (70cl),≤40%,False
2025-12-29 22:15:56,Blended,10362,Chivas Imperial 18 Year Old,Chivas Regal,70cl / 43%,165.83,(£284.29 per litre),,,https://www.thewhiskyexchange.com/p/10362/chivas-imperial-18-year-old,https://img.thewhiskyexchange.com/380/blend_chi14.jpg?v=202407241,False,70.0,0.7,43.0,284.29,,False,165.83,165.83,236.9,30.099999999999998,5.51,Luxury,0.0,No Discount,18.0,True,16–18,Standard (70cl),40–43%,False
2025-12-29 22:15:56,Blended,10050,Haig's Gold Label / 1940s / Spring Cap,Haig,75cl / 40%,375.0,(£600 per litre),,,https://www.thewhiskyexchange.com/p/10050/haigs-gold-label-1940s-spring-cap,https://img.thewhiskyexchange.com/380/blend_hai17.jpg?v=202407241,False,75.0,0.75,40.0,600.0,,False,375.0,375.0,500.0,30.0,12.5,Luxury,0.0,No Discount,,False,,Large (1L),≤40%,False
