scraped_at,category,product_id,name,brand,variant,price_gbp,unit_price_raw,region,promo_label,status,product_url,image_url
2025-12-29 22:13:54,Single Malt,3121,Lagavulin 16 Year Old,Lagavulin,70cl / 43%,65.79,(£112.79 per litre),Islay,,In Stock,https://www.thewhiskyexchange.com/p/3121/lagavulin-16-year-old,https://img.thewhiskyexchange.com/380/lgvob.16yo.jpg?v=202407241
2025-12-29 22:13:54,Single Malt,73311,Laphroaig 10 Year Old Cask Strength / Batch 016,Laphroaig,70cl / 58.5%,58.29,(£99.93 per litre),Islay,,In Stock,https://www.thewhiskyexchange.com/p/73311/laphroaig-10-year-old-cask-strength-batch-016,https://img.thewhiskyexchange.com/380/lrgob.10yov92.jpg?v=202407241
2025-12-29 22:13:54,Single Malt,56151,Talisker 2011 / 8 Year Old / Rum Finish / Special Releases 2020,Talisker,70cl / 57.9%,80.79,(£138.50 per litre),Island,,In Stock,https://www.thewhiskyexchange.com/p/56151/talisker-2011-8-year-old-rum-finish-special-releases-2020,https://img.thewhiskyexchange.com/380/talob.08yov13.jpg?v=202407241
2025-12-29 22:13:54,Single Malt,49646,Glen Scotia Victoriana,Glen Scotia,70cl / 54.2%,63.54,(£108.93 per litre),Campbeltown,,In Stock,https://www.thewhiskyexchange.com/p/49646/glen-scotia-victoriana,https://img.thewhiskyexchange.com/380/gstob.non6.jpg?v=202407241
2025-12-29 22:13:54,Single Malt,48135,Glenfarclas 25 Year Old London Edition / Exclusive to The Whisky Exchange,Glenfarclas,70cl / 50.5%,249.17,(£427.14 per litre),Speyside,,In Stock,https://www.thewhiskyexchange.com/p/48135/glenfarclas-25-year-old-london-edition-exclusive-to-the-whisky-exchange,https://img.thewhiskyexchange.com/380/gfcob.25yov15.jpg?v=202407241
2025-12-29 22:13:54,Single Malt,82436,Ardbeg 17 Year Old The Legend Returns / Committee Exclusive,Ardbeg,70cl / 40%,133.33,(£228.57 per litre),Islay,,In Stock,https://www.thewhiskyexchange.com/p/82436/ardbeg-17-year-old-the-legend-returns-committee-exclusive,https://img.thewhiskyexchange.com/380/abgob.17yov7.jpg?v=202407241
2025-12-29 22:13:54,Single Malt,232,Arran 10 Year Old,Arran,70cl / 46%,38.96,(£58.21 per litre),Island,Special Offer: £6 Off!,In Stock,https://www.thewhiskyexchange.com/p/232/arran-10-year-old,https://img.thewhiskyexchange.com/380/arrob.10yov1.jpg?v=202407241
2025-12-29 22:13:54,Single Malt,67780,Scapa 2003 / 19 Year Old / Exclusive to The Whisky Exchange,Scapa,70cl / 56.7%,154.17,(£264.29 per litre),Island,,In Stock,https://www.thewhiskyexchange.com/p/67780/scapa-2003-19-year-old-exclusive-to-the-whisky-exchange,https://img.thewhiskyexchange.com/380/scpob.2003.jpg?v=202407241
2025-12-29 22:13:54,Single Malt,48762,Balblair 15 Year Old,Balblair,70cl / 46%,71.62,(£122.79 per litre),Highland,,In Stock,https://www.thewhiskyexchange.com/p/48762/balblair-15-year-old,https://img.thewhiskyexchange.com/380/blbob.15yo.jpg?v=202407241
2025-12-29 22:13:54,Single Malt,7635,Glenfiddich 21 Year Old / Gran Reserva Rum Cask Finish,Glenfiddich,70cl / 40%,154.17,(£264.29 per litre),Speyside,,In Stock,https://www.thewhiskyexchange.com/p/7635/glenfiddich-21-year-old-gran-reserva-rum-cask-finish,https://img.thewhiskyexchange.com/380/gfdob.21yo.jpg?v=202407241
2025-12-29 22:13:54,Single Malt,73225,Blair Athol 12 Year Old / Flora & Fauna,Blair Athol,70cl / 43%,49.79,(£85.36 per litre),Highland,,In Stock,https://www.thewhiskyexchange.com/p/73225/blair-athol-12-year-old-flora-fauna,https://img.thewhiskyexchange.com/380/blaob.12yov2.jpg?v=202407241
2025-12-29 22:13:54,Single Malt,67781,Strathisla 2007 / 15 Year Old / Exclusive to The Whisky Exchange,Strathisla,70cl / 60.3%,104.17,(£178.57 per litre),Speyside,,In Stock,https://www.thewhiskyexchange.com/p/67781/strathisla-2007-15-year-old-exclusive-to-the-whisky-exchange,https://img.thewhiskyexchange.com/380/stlob.2007.jpg?v=202407241
2025-12-29 22:13:54,Single Malt,17985,Balvenie 14 Year Old Caribbean Cask,Balvenie,70cl / 43%,59.79,(£102.50 per litre),Speyside,,In Stock,https://www.thewhiskyexchange.com/p/17985/balvenie-14-year-old-caribbean-cask,https://img.thewhiskyexchange.com/380/balob.14yov4.jpg?v=202407241
2025-12-29 22:13:54,Single Malt,43962,Port Charlotte 10 Year Old,Port Charlotte,70cl / 50%,49.38,(£84.64 per litre),Islay,,In Stock,https://www.thewhiskyexchange.com/p/43962/port-charlotte-10-year-old,https://img.thewhiskyexchange.com/380/pclob.10yov3.jpg?v=202407241
2025-12-29 22:13:54,Single Malt,51008,Glenallachie 15 Year Old / Sherry Cask,Glenallachie,70cl / 46%,57.08,(£97.86 per litre),Speyside,,In Stock,https://www.thewhiskyexchange.com/p/51008/glenallachie-15-year-old-sherry-cask,https://img.thewhiskyexchange.com/380/gleob.15yo.jpg?v=202407241
2025-12-29 22:13:54,Single Malt,2038,Glenfarclas 15 Year Old,Glenfarclas,70cl / 46%,66.62,(£114.21 per litre),Speyside,,In Stock,https://www.thewhiskyexchange.com/p/2038/glenfarclas-15-year-old,https://img.thewhiskyexchange.com/380/gfcob.15yo.jpg?v=202407241
2025-12-29 22:13:54,Single Malt,64061,Glendronach 15 Year Old / Sherry Cask Matured,Glendronach,70cl / 46%,67.71,(£116.07 per litre),Highland,,In Stock,https://www.thewhiskyexchange.com/p/64061/glendronach-15-year-old-sherry-cask-matured,https://img.thewhiskyexchange.com/380/grnob.15yov10.jpg?v=202407241
2025-12-29 22:13:54,Single Malt,3395,Laphroaig 10 Year Old,Laphroaig,70cl / 40%,34.12,(£58.50 per litre),Islay,Special Offer: Free Laphroaig Dry Bag,In Stock,https://www.thewhiskyexchange.com/p/3395/laphroaig-10-year-old,https://img.thewhiskyexchange.com/380/lrgob.10yov1.jpg?v=202407241
2025-12-29 22:13:54,Single Malt,60097,Royal Brackla 12 Year Old / Sherry Finish,Royal Brackla,70cl / 46%,57.71,(£98.93 per litre),Highland,,In Stock,https://www.thewhiskyexchange.com/p/60097/royal-brackla-12-year-old-sherry-finish,https://img.thewhiskyexchange.com/380/rblob.12yov3.jpg?v=202407241
2025-12-29 22:13:54,Single Malt,83211,Glendronach Ode to the Dark,Glendronach,70cl / 50.8%,59.58,(£102.14 per litre),Highland,,In Stock,https://www.thewhiskyexchange.com/p/83211/glendronach-ode-to-the-dark,https://img.thewhiskyexchange.com/380/grnob.non22.jpg?v=202407241
2025-12-29 22:13:54,Single Malt,82931,Scapa 10 Year Old,Scapa,70cl / 48%,44.12,(£64.21 per litre),Island,Special Offer: £8 Off!,In Stock,https://www.thewhiskyexchange.com/p/82931/scapa-10-year-old,https://img.thewhiskyexchange.com/380/scpob.10yov2.jpg?v=202407241
2025-12-29 22:13:54,Single Malt,5850,Aberfeldy 12 Year Old,Aberfeldy,70cl / 40%,38.75,(£66.43 per litre),Highland,,In Stock,https://www.thewhiskyexchange.com/p/5850/aberfeldy-12-year-old,https://img.thewhiskyexchange.com/380/abfob.12yov1.jpg?v=202407241
2025-12-29 22:13:54,Single Malt,42534,Jura 10 Year Old,Jura,70cl / 40%,29.38,(£37.50 per litre),Island,Special Offer: £9 Off!,In Stock,https://www.thewhiskyexchange.com/p/42534/jura-10-year-old,https://img.thewhiskyexchange.com/380/iojob.10yov9.jpg?v=202407241
2025-12-29 22:13:54,Single Malt,45607,Old Pulteney 15 Year Old,Old Pulteney,70cl / 46%,66.25,(£83.57 per litre),Highland,Special Offer: £21 Off!,In Stock,https://www.thewhiskyexchange.com/p/45607/old-pulteney-15-year-old,https://img.thewhiskyexchange.com/380/opnob.15yov2.jpg?v=202407241
2025-12-29 22:13:58,Single Malt,12983,Ledaig 10 Year Old,Ledaig,70cl / 46.3%,33.96,(£58.21 per litre),Island,,In Stock,https://www.thewhiskyexchange.com/p/12983/ledaig-10-year-old,https://img.thewhiskyexchange.com/380/ldgob.10yov1.jpg?v=202407241
2025-12-29 22:13:58,Single Malt,51202,Arran Sherry Cask,Arran,70cl / 55.8%,53.12,(£91.07 per litre),Island,,In Stock,https://www.thewhiskyexchange.com/p/51202/arran-sherry-cask,https://img.thewhiskyexchange.com/380/arrob.non71.jpg?v=202407241
2025-12-29 22:13:58,Single Malt,3512,Macallan 12 Year Old Sherry Oak,Macallan,70cl / 40%,72.46,(£124.21 per litre),Speyside,,In Stock,https://www.thewhiskyexchange.com/p/3512/macallan-12-year-old-sherry-oak,https://img.thewhiskyexchange.com/380/macob.12yo.jpg?v=202407241
2025-12-29 22:13:58,Single Malt,15703,Glenlivet 18 Year Old Batch Reserve,Glenlivet,70cl / 40%,83.29,(£142.79 per litre),Speyside,,In Stock,https://www.thewhiskyexchange.com/p/15703/glenlivet-18-year-old-batch-reserve,https://img.thewhiskyexchange.com/380/glvob.18yov1.jpg?v=202407241
2025-12-29 22:13:58,Single Malt,7218,Dalmore 15 Year Old,Dalmore,70cl / 40%,91.67,(£157.14 per litre),Highland,,In Stock,https://www.thewhiskyexchange.com/p/7218/dalmore-15-year-old,https://img.thewhiskyexchange.com/380/dlmob.15yo.jpg?v=202407241
2025-12-29 22:13:58,Single Malt,47814,Clynelish Reserve / Game of Thrones House Tyrell,Clynelish,70cl / 51.2%,36.62,(£62.79 per litre),Highland,,In Stock,https://www.thewhiskyexchange.com/p/47814/clynelish-reserve-game-of-thrones-house-tyrell,https://img.thewhiskyexchange.com/380/clyob.non4.jpg?v=202407241
2025-12-29 22:13:58,Single Malt,2093,Glenfiddich 18 Year Old,Glenfiddich,70cl / 40%,81.04,(£138.93 per litre),Speyside,,In Stock,https://www.thewhiskyexchange.com/p/2093/glenfiddich-18-year-old,https://img.thewhiskyexchange.com/380/gfdob.18yo.jpg?v=202407241
2025-12-29 22:13:58,Single Malt,284,Balvenie 12 Year Old DoubleWood,Balvenie,70cl / 40%,44.58,(£76.43 per litre),Speyside,,In Stock,https://www.thewhiskyexchange.com/p/284/balvenie-12-year-old-doublewood,https://img.thewhiskyexchange.com/380/balob.12yo.jpg?v=202407241
2025-12-29 22:13:58,Single Malt,53636,Aberlour Casg Annamh,Aberlour,70cl / 48%,47.29,(£81.07 per litre),Speyside,,In Stock,https://www.thewhiskyexchange.com/p/53636/aberlour-casg-annamh,https://img.thewhiskyexchange.com/380/ablob.non47.jpg?v=202407241
2025-12-29 22:13:58,Single Malt,86756,Thompson Bros Mystery Malt Series No.5,Various Distilleries,70cl / 46.3%,54.12,(£92.79 per litre),Single Malt Scotch Whisky,,In Stock,https://www.thewhiskyexchange.com/p/86756/thompson-bros-mystery-malt-series-no5,https://img.thewhiskyexchange.com/380/malts_tho4.jpg?v=202407241
2025-12-29 22:13:58,Single Malt,32560,Kilchoman Sanaig,Kilchoman,70cl / 46%,47.08,(£80.71 per litre),Islay,,In Stock,https://www.thewhiskyexchange.com/p/32560/kilchoman-sanaig,https://img.thewhiskyexchange.com/380/kilob.non3.jpg?v=202407241
2025-12-29 22:13:58,Single Malt,2091,Glenfiddich 15 Year Old Solera,Glenfiddich,70cl / 40%,49.96,(£85.64 per litre),Speyside,,In Stock,https://www.thewhiskyexchange.com/p/2091/glenfiddich-15-year-old-solera,https://img.thewhiskyexchange.com/380/gfdob.15yo.jpg?v=202407241
2025-12-29 22:13:58,Single Malt,13626,Bunnahabhain 18 Year Old,Bunnahabhain,70cl / 46.3%,110.83,(£190 per litre),Islay,,In Stock,https://www.thewhiskyexchange.com/p/13626/bunnahabhain-18-year-old,https://img.thewhiskyexchange.com/380/bunob.18yov2.jpg?v=202407241
2025-12-29 22:13:58,Single Malt,4132,Oban 14 Year Old,Oban,70cl / 43%,72.71,(£110.36 per litre),Highland,Special Offer: £10 Off!,In Stock,https://www.thewhiskyexchange.com/p/4132/oban-14-year-old,https://img.thewhiskyexchange.com/380/obnob.14yo.jpg?v=202407241
2025-12-29 22:13:58,Single Malt,40227,Kilchoman Machir Bay,Kilchoman,70cl / 46%,39.12,(£67.07 per litre),Islay,,In Stock,https://www.thewhiskyexchange.com/p/40227/kilchoman-machir-bay,https://img.thewhiskyexchange.com/380/kilob.non26.jpg?v=202407241
2025-12-29 22:13:58,Single Malt,83347,Aberlour A'Bunadh,Aberlour,70cl / 60%,78.12,(£133.93 per litre),Speyside,,In Stock,https://www.thewhiskyexchange.com/p/83347/aberlour-abunadh,https://img.thewhiskyexchange.com/380/ablob.non65.jpg?v=202407241
2025-12-29 22:13:58,Single Malt,1665,Clynelish 14 Year Old,Clynelish,70cl / 46%,47.08,(£66.43 per litre),Highland,Special Offer: £10 Off!,In Stock,https://www.thewhiskyexchange.com/p/1665/clynelish-14-year-old,https://img.thewhiskyexchange.com/380/clyob.14yo.jpg?v=202407241
2025-12-29 22:13:58,Single Malt,1902,Edradour 10 Year Old,Edradour,70cl / 46%,38.75,(£66.43 per litre),Highland,,In Stock,https://www.thewhiskyexchange.com/p/1902/edradour-10-year-old,https://img.thewhiskyexchange.com/380/edrob.10yov1.jpg?v=202407241
2025-12-29 22:13:58,Single Malt,48885,Tobermory 12 Year Old,Tobermory,70cl / 46.3%,34.96,(£59.93 per litre),Island,,In Stock,https://www.thewhiskyexchange.com/p/48885/tobermory-12-year-old,https://img.thewhiskyexchange.com/380/tobob.12yo.jpg?v=202407241
2025-12-29 22:13:58,Single Malt,34537,Macallan 12 Year Old Double Cask,Macallan,70cl / 40%,64.96,(£111.36 per litre),Speyside,,In Stock,https://www.thewhiskyexchange.com/p/34537/macallan-12-year-old-double-cask,https://img.thewhiskyexchange.com/380/macob.12yov26.jpg?v=202407241
2025-12-29 22:13:58,Single Malt,49965,Glendronach Port Wood,Glendronach,70cl / 46%,55.62,(£95.36 per litre),Highland,,In Stock,https://www.thewhiskyexchange.com/p/49965/glendronach-port-wood,https://img.thewhiskyexchange.com/380/grnob.non13.jpg?v=202407241
2025-12-29 22:13:58,Single Malt,48761,Balblair 12 Year Old,Balblair,70cl / 46%,44.79,(£56.79 per litre),Highland,Special Offer: £14 Off!,In Stock,https://www.thewhiskyexchange.com/p/48761/balblair-12-year-old,https://img.thewhiskyexchange.com/380/blbob.12yo.jpg?v=202407241
2025-12-29 22:13:58,Single Malt,1814,Dalwhinnie 15 Year Old,Dalwhinnie,70cl / 43%,46.25,(£70.71 per litre),Speyside,Special Offer: £6 Off!,In Stock,https://www.thewhiskyexchange.com/p/1814/dalwhinnie-15-year-old,https://img.thewhiskyexchange.com/380/dalob.15yov1.jpg?v=202407241
2025-12-29 22:13:58,Single Malt,85676,Glenfiddich 16 Year Old / Aston Martin F1,Glenfiddich,70cl / 43%,61.62,(£105.64 per litre),Speyside,,In Stock,https://www.thewhiskyexchange.com/p/85676/glenfiddich-16-year-old-aston-martin-f1,https://img.thewhiskyexchange.com/380/gfdob.16yo.jpg?v=202407241
2025-12-29 22:14:03,Single Malt,26055,Craigellachie 13 Year Old,Craigellachie,70cl / 46%,49.96,(£74.21 per litre),Speyside,Special Offer: £8 Off!,In Stock,https://www.thewhiskyexchange.com/p/26055/craigellachie-13-year-old,https://img.thewhiskyexchange.com/380/crgob.13yo.jpg?v=202407241
2025-12-29 22:14:03,Single Malt,1619,Caol Ila 12 Year Old,Caol Ila,70cl / 43%,45.62,(£78.21 per litre),Islay,,In Stock,https://www.thewhiskyexchange.com/p/1619/caol-ila-12-year-old,https://img.thewhiskyexchange.com/380/cilob.12yov1.jpg?v=202407241
2025-12-29 22:14:03,Single Malt,72702,Macallan Classic Cut 2023 Release,Macallan,70cl / 50.3%,79.12,(£135.64 per litre),Speyside,,In Stock,https://www.thewhiskyexchange.com/p/72702/macallan-classic-cut-2023-release,https://img.thewhiskyexchange.com/380/macob.non183.jpg?v=202407241
2025-12-29 22:14:03,Single Malt,114,Ardbeg Uigeadail,Ardbeg,70cl / 54.2%,58.54,(£100.36 per litre),Islay,,In Stock,https://www.thewhiskyexchange.com/p/114/ardbeg-uigeadail,https://img.thewhiskyexchange.com/380/abgob.non2.jpg?v=202407241
2025-12-29 22:14:03,Single Malt,73328,Dailuaine 16 Year Old / Flora & Fauna,Dailuaine,70cl / 43%,56.46,(£96.79 per litre),Speyside,,In Stock,https://www.thewhiskyexchange.com/p/73328/dailuaine-16-year-old-flora-fauna,https://img.thewhiskyexchange.com/380/dlnob.16yo.jpg?v=202407241
2025-12-29 22:14:03,Single Malt,82932,Scapa 16 Year Old,Scapa,70cl / 48%,79.12,(£135.64 per litre),Island,,In Stock,https://www.thewhiskyexchange.com/p/82932/scapa-16-year-old,https://img.thewhiskyexchange.com/380/scpob.16yov2.jpg?v=202407241
2025-12-29 22:14:03,Single Malt,71873,Glenglassaugh Portsoy,Glenglassaugh,70cl / 49.1%,49.38,(£84.64 per litre),Highland,,In Stock,https://www.thewhiskyexchange.com/p/71873/glenglassaugh-portsoy,https://img.thewhiskyexchange.com/380/ggsob.non22.jpg?v=202407241
2025-12-29 22:14:03,Single Malt,85994,Ben Nevis 2019 / 6 Year Old / Caoineag The Weeping Spirit / The Whisky Exchange,Ben Nevis,70cl / 55%,49.96,(£85.64 per litre),Highland,,In Stock,https://www.thewhiskyexchange.com/p/85994/ben-nevis-2019-6-year-old-caoineag-the-weeping-spirit-the-whisky-exchange,https://img.thewhiskyexchange.com/380/bnvtwe2019.jpg?v=202407241
2025-12-29 22:14:03,Single Malt,2072,Glenfarclas 25 Year Old,Glenfarclas,70cl / 43%,179.17,(£271.43 per litre),Speyside,Special Offer: £25 Off!,In Stock,https://www.thewhiskyexchange.com/p/2072/glenfarclas-25-year-old,https://img.thewhiskyexchange.com/380/gfcob.25yo.jpg?v=202407241
2025-12-29 22:14:03,Single Malt,4837,Talisker 10 Year Old,Talisker,70cl / 45.8%,40.21,(£62.79 per litre),Island,Special Offer: £4.30 Off!,In Stock,https://www.thewhiskyexchange.com/p/4837/talisker-10-year-old,https://img.thewhiskyexchange.com/380/talob.10yo.jpg?v=202407241
2025-12-29 22:14:03,Single Malt,23560,Aberlour 16 Year Old Double Cask (40%),Aberlour,70cl / 40%,94.17,(£161.43 per litre),Speyside,,In Stock,https://www.thewhiskyexchange.com/p/23560/aberlour-16-year-old-double-cask-40,https://img.thewhiskyexchange.com/380/ablob.16yov1.jpg?v=202407241
2025-12-29 22:14:03,Single Malt,71872,Glenglassaugh Sandend,Glenglassaugh,70cl / 50.5%,45.42,(£66.43 per litre),Highland,Special Offer: £8 Off!,In Stock,https://www.thewhiskyexchange.com/p/71872/glenglassaugh-sandend,https://img.thewhiskyexchange.com/380/ggsob.non21.jpg?v=202407241
2025-12-29 22:14:03,Single Malt,81812,Glendronach 12 Year Old / Sherry Cask Matured,Glendronach,70cl / 43%,44.38,(£68.93 per litre),Highland,Special Offer: £5 Off!,In Stock,https://www.thewhiskyexchange.com/p/81812/glendronach-12-year-old-sherry-cask-matured,https://img.thewhiskyexchange.com/380/grnob.12yov38.jpg?v=202407241
2025-12-29 22:14:03,Single Malt,68596,Glengoyne 15 Year Old,Glengoyne,70cl / 43%,58.29,(£99.93 per litre),Highland,,In Stock,https://www.thewhiskyexchange.com/p/68596/glengoyne-15-year-old,https://img.thewhiskyexchange.com/380/ggoob.15yov7.jpg?v=202407241
2025-12-29 22:14:03,Single Malt,72248,Bruichladdich Classic Laddie,Bruichladdich,70cl / 50%,43.96,(£61.07 per litre),Islay,Special Offer: £10 Off!,In Stock,https://www.thewhiskyexchange.com/p/72248/bruichladdich-classic-laddie,https://img.thewhiskyexchange.com/380/bruob.non35.jpg?v=202407241
2025-12-29 22:14:03,Single Malt,81026,Glenmorangie 18 Year Old The Infinita,Glenmorangie,70cl / 43%,103.33,(£177.14 per litre),Highland,,In Stock,https://www.thewhiskyexchange.com/p/81026/glenmorangie-18-year-old-the-infinita,https://img.thewhiskyexchange.com/380/gmgob.18yov21.jpg?v=202407241
2025-12-29 22:14:03,Single Malt,302,Balvenie 21 Year Old Port Wood,Balvenie,70cl / 40%,203.33,(£348.57 per litre),Speyside,,In Stock,https://www.thewhiskyexchange.com/p/302/balvenie-21-year-old-port-wood,https://img.thewhiskyexchange.com/380/balob.21yo.jpg?v=202407241
2025-12-29 22:14:03,Single Malt,51252,Arran 18 Year Old,Arran,70cl / 46%,96.67,(£165.71 per litre),Island,,In Stock,https://www.thewhiskyexchange.com/p/51252/arran-18-year-old,https://img.thewhiskyexchange.com/380/arrob.18yov2.jpg?v=202407241
2025-12-29 22:14:03,Single Malt,68167,Mortlach / Special Releases 2022,Mortlach,70cl / 57.8%,208.33,(£357.14 per litre),Speyside,,In Stock,https://www.thewhiskyexchange.com/p/68167/mortlach-special-releases-2022,https://img.thewhiskyexchange.com/380/mtlob.non3.jpg?v=202407241
2025-12-29 22:14:03,Single Malt,86410,Macallan A Night on Earth The First Light / 2025 Release,Macallan,70cl / 43%,83.29,(£142.79 per litre),Speyside,,In Stock,https://www.thewhiskyexchange.com/p/86410/macallan-a-night-on-earth-the-first-light-2025-release,https://img.thewhiskyexchange.com/380/macob.non195.jpg?v=202407241
2025-12-29 22:14:03,Single Malt,7957,Auchentoshan Three Wood,Auchentoshan,70cl / 43%,41.04,(£70.36 per litre),Lowland,,In Stock,https://www.thewhiskyexchange.com/p/7957/auchentoshan-three-wood,https://img.thewhiskyexchange.com/380/aucob.non2.jpg?v=202407241
2025-12-29 22:14:03,Single Malt,48763,Balblair 18 Year Old,Balblair,70cl / 46%,118.33,(£145.71 per litre),Highland,Special Offer: £40 Off!,In Stock,https://www.thewhiskyexchange.com/p/48763/balblair-18-year-old,https://img.thewhiskyexchange.com/380/blbob.18yo.jpg?v=202407241
2025-12-29 22:14:03,Single Malt,178,AnCnoc 12 Year Old,AnCnoc,70cl / 40%,31.88,(£54.64 per litre),Highland,,In Stock,https://www.thewhiskyexchange.com/p/178/ancnoc-12-year-old,https://img.thewhiskyexchange.com/380/ancob.12yo.jpg?v=202407241
2025-12-29 22:14:03,Single Malt,2089,Glenfiddich 12 Year Old,Glenfiddich,70cl / 40%,33.29,(£57.07 per litre),Speyside,,In Stock,https://www.thewhiskyexchange.com/p/2089/glenfiddich-12-year-old,https://img.thewhiskyexchange.com/380/gfdob.12yo.jpg?v=202407241
2025-12-29 22:14:08,Single Malt,7317,Dalmore King Alexander III,Dalmore,70cl / 40%,241.67,(£307.14 per litre),Highland,Special Offer: £75 Off!,In Stock,https://www.thewhiskyexchange.com/p/7317/dalmore-king-alexander-iii,https://img.thewhiskyexchange.com/380/dlmob.non3.jpg?v=202407241
2025-12-29 22:14:08,Single Malt,69951,Benriach The Sixteen / 16 Year Old,Benriach,70cl / 43%,58.96,(£101.07 per litre),Speyside,,In Stock,https://www.thewhiskyexchange.com/p/69951/benriach-the-sixteen-16-year-old,https://img.thewhiskyexchange.com/380/bnrob.16yov5.jpg?v=202407241
2025-12-29 22:14:08,Single Malt,1483,Cragganmore 12 Year Old,Cragganmore,70cl / 40%,38.75,(£55 per litre),Speyside,Special Offer: £8 Off!,In Stock,https://www.thewhiskyexchange.com/p/1483/cragganmore-12-year-old,https://img.thewhiskyexchange.com/380/cgmob.12yo.jpg?v=202407241
2025-12-29 22:14:08,Single Malt,86390,Kilkerran Heavily Peated Batch 13,Kilkerran,70cl / 58.6%,41.62,(£71.36 per litre),Campbeltown,,In Stock,https://www.thewhiskyexchange.com/p/86390/kilkerran-heavily-peated-batch-13,https://img.thewhiskyexchange.com/380/klkob.non24.jpg?v=202407241
2025-12-29 22:14:08,Single Malt,56099,Benriach The Original Ten / 10 Year Old,Benriach,70cl / 43%,33.54,(£57.50 per litre),Speyside,,In Stock,https://www.thewhiskyexchange.com/p/56099/benriach-the-original-ten-10-year-old,https://img.thewhiskyexchange.com/380/bnrob.10yov8.jpg?v=202407241
2025-12-29 22:14:08,Single Malt,5861,Bowmore 15 Year Old,Bowmore,70cl / 43%,62.08,(£106.43 per litre),Islay,,In Stock,https://www.thewhiskyexchange.com/p/5861/bowmore-15-year-old,https://img.thewhiskyexchange.com/380/bowob.15yov3.jpg?v=202407241
2025-12-29 22:14:08,Single Malt,53988,Glenmorangie A Tale of Spices,Glenmorangie,70cl / 46%,60.62,(£103.93 per litre),Highland,Special Offer: Free Glenmorangie Beanie Hat,In Stock,https://www.thewhiskyexchange.com/p/53988/glenmorangie-a-tale-of-spices,https://img.thewhiskyexchange.com/380/gmgob.non52.jpg?v=202407241
2025-12-29 22:14:08,Single Malt,70740,Dalmunach 6 Year Old / Wulver / Exclusive to The Whisky Exchange,Dalmunach,70cl / 60%,49.96,(£57.07 per litre),Speyside,Special Offer: £20 Off!,In Stock,https://www.thewhiskyexchange.com/p/70740/dalmunach-6-year-old-wulver-exclusive-to-the-whisky-exchange,https://img.thewhiskyexchange.com/380/dmnob.06yo.jpg?v=202407241
2025-12-29 22:14:08,Single Malt,40351,Glen Scotia 18 Year Old,Glen Scotia,70cl / 46%,106.67,(£139.93 per litre),Campbeltown,Special Offer: £30.05 Off!,In Stock,https://www.thewhiskyexchange.com/p/40351/glen-scotia-18-year-old,https://img.thewhiskyexchange.com/380/gstob.18yov1.jpg?v=202407241
2025-12-29 22:14:08,Single Malt,2400,Glenlivet 15 Year Old / French Oak Reserve,Glenlivet,70cl / 40%,53.75,(£70.71 per litre),Speyside,Special Offer: £15 Off!,In Stock,https://www.thewhiskyexchange.com/p/2400/glenlivet-15-year-old-french-oak-reserve,https://img.thewhiskyexchange.com/380/glvob.15yov1.jpg?v=202407241
2025-12-29 22:14:08,Single Malt,86493,Arran 10 Year Old Arran Barley,Arran,70cl / 50%,48.12,(£82.50 per litre),Island,,In Stock,https://www.thewhiskyexchange.com/p/86493/arran-10-year-old-arran-barley,https://img.thewhiskyexchange.com/380/arrob.10yov8.jpg?v=202407241
2025-12-29 22:14:08,Single Malt,66,Ardbeg 10 Year Old,Ardbeg,70cl / 46%,37.71,(£64.64 per litre),Islay,,In Stock,https://www.thewhiskyexchange.com/p/66/ardbeg-10-year-old,https://img.thewhiskyexchange.com/380/abgob.10yov1.jpg?v=202407241
2025-12-29 22:14:08,Single Malt,51087,Macallan Edition No.5,Macallan,70cl / 48.5%,208.33,(£357.14 per litre),Speyside,,In Stock,https://www.thewhiskyexchange.com/p/51087/macallan-edition-no5,https://img.thewhiskyexchange.com/380/macob.non136.jpg?v=202407241
2025-12-29 22:14:08,Single Malt,55981,Nc'nean Organic Single Malt,Nc'nean,70cl / 46%,43.12,(£73.93 per litre),Highland,Special Offer: Free Nc'nean Beeswax Candles,In Stock,https://www.thewhiskyexchange.com/p/55981/ncnean-organic-single-malt,https://img.thewhiskyexchange.com/380/ncnob.non1.jpg?v=202407241
2025-12-29 22:14:08,Single Malt,34496,Glenfiddich Project XX / Experimental Series,Glenfiddich,70cl / 47%,46.88,(£80.36 per litre),Speyside,,In Stock,https://www.thewhiskyexchange.com/p/34496/glenfiddich-project-xx-experimental-series,https://img.thewhiskyexchange.com/380/gfdob.non42.jpg?v=202407241
2025-12-29 22:14:08,Single Malt,49748,Balvenie 12 Year Old / Sweet Toast Of American Oak,Balvenie,70cl / 43%,47.29,(£75.36 per litre),Speyside,Special Offer: £4 Off!,In Stock,https://www.thewhiskyexchange.com/p/49748/balvenie-12-year-old-sweet-toast-of-american-oak,https://img.thewhiskyexchange.com/380/balob.12yov13.jpg?v=202407241
2025-12-29 22:14:08,Single Malt,68597,Glenmorangie A Tale of The Forest,Glenmorangie,70cl / 46%,63.75,(£109.29 per litre),Highland,,In Stock,https://www.thewhiskyexchange.com/p/68597/glenmorangie-a-tale-of-the-forest,https://img.thewhiskyexchange.com/380/gmgob.non6.jpg?v=202407241
2025-12-29 22:14:08,Single Malt,40037,Speyburn 15 Year Old,Speyburn,70cl / 46%,57.71,(£98.93 per litre),Speyside,,In Stock,https://www.thewhiskyexchange.com/p/40037/speyburn-15-year-old,https://img.thewhiskyexchange.com/380/spbob.15yo.jpg?v=202407241
2025-12-29 22:14:08,Single Malt,47811,Oban Bay Reserve / Game of Thrones Night's Watch,Oban,70cl / 43%,57.46,(£98.50 per litre),Highland,,In Stock,https://www.thewhiskyexchange.com/p/47811/oban-bay-reserve-game-of-thrones-nights-watch,https://img.thewhiskyexchange.com/380/obnob.non3.jpg?v=202407241
2025-12-29 22:14:08,Single Malt,57481,Ledaig Rioja Cask Finish / Sinclair Series,Ledaig,70cl / 46.3%,31.88,(£54.64 per litre),Island,,In Stock,https://www.thewhiskyexchange.com/p/57481/ledaig-rioja-cask-finish-sinclair-series,https://img.thewhiskyexchange.com/380/ldgob.non5.jpg?v=202407241
2025-12-29 22:14:08,Single Malt,73481,Glenmorangie A Tale of Tokyo,Glenmorangie,70cl / 46%,61.62,(£84.21 per litre),Highland,Special Offer: £15 Off!,In Stock,https://www.thewhiskyexchange.com/p/73481/glenmorangie-a-tale-of-tokyo,https://img.thewhiskyexchange.com/380/gmgob.non64.jpg?v=202407241
2025-12-29 22:14:08,Single Malt,2393,Glenlivet 12 Year Old Double Oak,Glenlivet,70cl / 40%,34.96,(£59.93 per litre),Speyside,,In Stock,https://www.thewhiskyexchange.com/p/2393/glenlivet-12-year-old-double-oak,https://img.thewhiskyexchange.com/380/glvob.12yov1.jpg?v=202407241
2025-12-29 22:14:08,Single Malt,17955,Longrow Peated,Longrow,70cl / 46%,41.62,(£71.36 per litre),Campbeltown,,In Stock,https://www.thewhiskyexchange.com/p/17955/longrow-peated,https://img.thewhiskyexchange.com/380/lgrob.non1.jpg?v=202407241
2025-12-29 22:14:08,Single Malt,12105,Caol Ila 25 Year Old,Caol Ila,70cl / 43%,187.5,(£321.43 per litre),Islay,,In Stock,https://www.thewhiskyexchange.com/p/12105/caol-ila-25-year-old,https://img.thewhiskyexchange.com/380/cilob.25yov2.jpg?v=202407241
2025-12-29 22:14:13,Single Malt,85260,Ardbeg 10 Year Old Glass Pack,Ardbeg,70cl / 46%,38.29,(£65.64 per litre),Islay,,In Stock,https://www.thewhiskyexchange.com/p/85260/ardbeg-10-year-old-glass-pack,https://img.thewhiskyexchange.com/380/abgob.10yov26.jpg?v=202407241
2025-12-29 22:14:13,Single Malt,48271,Tamdhu 15 Year Old / Sherry Cask Matured,Tamdhu,70cl / 46%,83.12,(£142.50 per litre),Speyside,,In Stock,https://www.thewhiskyexchange.com/p/48271/tamdhu-15-year-old-sherry-cask-matured,https://img.thewhiskyexchange.com/380/tamob.15yov1.jpg?v=202407241
2025-12-29 22:14:13,Single Malt,86152,Edradour 2015 / 10 Year Old / PX Small Batch / 200th Anniversary,Edradour,70cl / 46%,46.62,(£79.93 per litre),Highland,,In Stock,https://www.thewhiskyexchange.com/p/86152/edradour-2015-10-year-old-px-small-batch-200th-anniversary,https://img.thewhiskyexchange.com/380/edrob.2015.jpg?v=202407241
2025-12-29 22:14:13,Single Malt,85632,Talisker 14 Year Old / Special Releases 2025,Talisker,70cl / 53.9%,116.67,(£200 per litre),Island,,In Stock,https://www.thewhiskyexchange.com/p/85632/talisker-14-year-old-special-releases-2025,https://img.thewhiskyexchange.com/380/talob.14yo.jpg?v=202407241
2025-12-29 22:14:13,Single Malt,72917,Port Askaig 8 Year Old,Port Askaig,70cl / 45.8%,41.88,(£64.21 per litre),Islay,Special Offer: £5.30 Off!,In Stock,https://www.thewhiskyexchange.com/p/72917/port-askaig-8-year-old,https://img.thewhiskyexchange.com/380/malts_por08yo.jpg?v=202407241
2025-12-29 22:14:13,Single Malt,45608,Old Pulteney 18 Year Old,Old Pulteney,70cl / 46%,108.33,(£185.71 per litre),Highland,,In Stock,https://www.thewhiskyexchange.com/p/45608/old-pulteney-18-year-old,https://img.thewhiskyexchange.com/380/opnob.18yov3.jpg?v=202407241
2025-12-29 22:14:13,Single Malt,68487,Personalised 21 Year Old Speyside Scotch Whisky,Undisclosed Distillery,70cl / 49%,145.83,(£250 per litre),Speyside,,In Stock,https://www.thewhiskyexchange.com/p/68487/personalised-21-year-old-speyside-scotch-whisky,https://img.thewhiskyexchange.com/380/malts_twe21yov2.jpg?v=202407241
2025-12-29 22:14:13,Single Malt,85794,Bunnahabhain 12 Year Old Cask Strength / 2025 Release,Bunnahabhain,70cl / 56.4%,70.79,(£121.36 per litre),Islay,,In Stock,https://www.thewhiskyexchange.com/p/85794/bunnahabhain-12-year-old-cask-strength-2025-release,https://img.thewhiskyexchange.com/380/bunob.12yov27.jpg?v=202407241
2025-12-29 22:14:13,Single Malt,86551,Edradour 2015 / 10 Year Old / Sherry Cask 299 / Signatory,Edradour,70cl / 46%,45.79,(£78.50 per litre),Highland,,In Stock,https://www.thewhiskyexchange.com/p/86551/edradour-2015-10-year-old-sherry-cask-299-signatory,https://img.thewhiskyexchange.com/380/edrsig2015.jpg?v=202407241
2025-12-29 22:14:13,Single Malt,5258,Aberfeldy 21 Year Old,Aberfeldy,70cl / 40%,133.33,(£228.57 per litre),Highland,,In Stock,https://www.thewhiskyexchange.com/p/5258/aberfeldy-21-year-old,https://img.thewhiskyexchange.com/380/abfob.21yo.jpg?v=202407241
2025-12-29 22:14:13,Single Malt,68804,Glentauchers 2009 / 13 Year Old / Sherry Cask /Signatory for The Whisky Exchange,Glentauchers,70cl / 64.1%,95.0,(£162.86 per litre),Speyside,,In Stock,https://www.thewhiskyexchange.com/p/68804/glentauchers-2009-13-year-old-sherry-cask-signatory-for-the-whisky-exchange,https://img.thewhiskyexchange.com/380/gtasig2009.jpg?v=202407241
2025-12-29 22:14:13,Single Malt,84860,Ardbeg Smokiverse / Ardbeg Day 2025,Ardbeg,70cl / 48.3%,74.96,(£128.50 per litre),Islay,,In Stock,https://www.thewhiskyexchange.com/p/84860/ardbeg-smokiverse-ardbeg-day-2025,https://img.thewhiskyexchange.com/380/abgob.non57.jpg?v=202407241
2025-12-29 22:14:13,Single Malt,64107,Caol Ila 24 Year Old / 175th Anniversary,Caol Ila,70cl / 52.1%,541.67,(£928.57 per litre),Islay,,In Stock,https://www.thewhiskyexchange.com/p/64107/caol-ila-24-year-old-175th-anniversary,https://img.thewhiskyexchange.com/380/cilob.24yo.jpg?v=202407241
2025-12-29 22:14:13,Single Malt,718,Ben Nevis 10 Year Old,Ben Nevis,70cl / 46%,46.25,(£79.29 per litre),Highland,,In Stock,https://www.thewhiskyexchange.com/p/718/ben-nevis-10-year-old,https://img.thewhiskyexchange.com/380/bnvob.10yo.jpg?v=202407241
2025-12-29 22:14:13,Single Malt,57908,Lagavulin Distillers Edition,Lagavulin,70cl / 43%,89.17,(£152.86 per litre),Islay,,In Stock,https://www.thewhiskyexchange.com/p/57908/lagavulin-distillers-edition,https://img.thewhiskyexchange.com/380/lgvob.non7.jpg?v=202407241
2025-12-29 22:14:13,Single Malt,10992,Edradour 12 Year Old / Caledonia Selection / Sherry Cask,Edradour,70cl / 46%,52.29,(£89.64 per litre),Highland,,In Stock,https://www.thewhiskyexchange.com/p/10992/edradour-12-year-old-caledonia-selection-sherry-cask,https://img.thewhiskyexchange.com/380/edrob.12yo.jpg?v=202407241
2025-12-29 22:14:13,Single Malt,29719,Benromach 15 Year Old,Benromach,70cl / 43%,61.25,(£105 per litre),Speyside,,In Stock,https://www.thewhiskyexchange.com/p/29719/benromach-15-year-old,https://img.thewhiskyexchange.com/380/brmob.15yov1.jpg?v=202407241
2025-12-29 22:14:13,Single Malt,2034,Glenfarclas 10 Year Old,Glenfarclas,70cl / 40%,37.92,(£60.71 per litre),Speyside,Special Offer: £3 Off!,In Stock,https://www.thewhiskyexchange.com/p/2034/glenfarclas-10-year-old,https://img.thewhiskyexchange.com/380/gfcob.10yo.jpg?v=202407241
2025-12-29 22:14:13,Single Malt,56014,Loch Lomond 18 Year Old,Loch Lomond,70cl / 46%,74.96,(£128.50 per litre),Highland,,In Stock,https://www.thewhiskyexchange.com/p/56014/loch-lomond-18-year-old,https://img.thewhiskyexchange.com/380/llmob.18yov2.jpg?v=202407241
2025-12-29 22:14:13,Single Malt,71229,Aberlour 12 Year Old Double Cask / Gift Box,Aberlour,70cl / 40%,35.79,(£61.36 per litre),Speyside,,In Stock,https://www.thewhiskyexchange.com/p/71229/aberlour-12-year-old-double-cask-gift-box,https://img.thewhiskyexchange.com/380/ablob.12yov16.jpg?v=202407241
2025-12-29 22:14:13,Single Malt,85827,Tormore 2009 Legacy / Bourbon Cask #4046 / Whisky Show 2025,Tormore,70cl / 55.1%,87.5,(£150 per litre),Speyside,,In Stock,https://www.thewhiskyexchange.com/p/85827/tormore-2009-legacy-bourbon-cask-4046-whisky-show-2025,https://img.thewhiskyexchange.com/380/torob.2009.jpg?v=202407241
2025-12-29 22:14:13,Single Malt,9141,Deanston 12 Year Old / Unchillfiltered,Deanston,70cl / 46.3%,33.96,(£58.21 per litre),Highland,,In Stock,https://www.thewhiskyexchange.com/p/9141/deanston-12-year-old-unchillfiltered,https://img.thewhiskyexchange.com/380/dstob.12yov2.jpg?v=202407241
2025-12-29 22:14:13,Single Malt,10894,Benromach 10 Year Old,Benromach,70cl / 43%,34.96,(£55.64 per litre),Speyside,Special Offer: £3 Off!,In Stock,https://www.thewhiskyexchange.com/p/10894/benromach-10-year-old,https://img.thewhiskyexchange.com/380/brmob.10yo.jpg?v=202407241
2025-12-29 22:14:13,Single Malt,85677,Balvenie 2012 / 12 Year Old / Montilla Casks / A Collection of Curious Casks,Balvenie,70cl / 47.3%,53.96,(£92.50 per litre),Speyside,,In Stock,https://www.thewhiskyexchange.com/p/85677/balvenie-2012-12-year-old-montilla-casks-a-collection-of-curious-casks,https://img.thewhiskyexchange.com/380/balob.2012.jpg?v=202407241
2025-12-29 22:14:18,Single Malt,72943,Isle of Harris The Hearach Single Malt,Isle of Harris,70cl / 46%,51.46,(£88.21 per litre),Island,,In Stock,https://www.thewhiskyexchange.com/p/72943/isle-of-harris-the-hearach-single-malt,https://img.thewhiskyexchange.com/380/harob.non1.jpg?v=202407241
2025-12-29 22:14:18,Single Malt,40228,Kilchoman Machir Bay / 2 Glass Set,Kilchoman,70cl / 46%,44.79,(£68.21 per litre),Islay,Special Offer: £6 Off!,In Stock,https://www.thewhiskyexchange.com/p/40228/kilchoman-machir-bay-2-glass-set,https://img.thewhiskyexchange.com/380/kilob.non27.jpg?v=202407241
2025-12-29 22:14:18,Single Malt,50725,Ledaig 18 Year Old,Ledaig,70cl / 46.3%,85.83,(£147.14 per litre),Island,,In Stock,https://www.thewhiskyexchange.com/p/50725/ledaig-18-year-old,https://img.thewhiskyexchange.com/380/ldgob.18yov3.jpg?v=202407241
2025-12-29 22:14:18,Single Malt,7620,Aberlour 18 Year Old,Aberlour,70cl / 43%,125.0,(£214.29 per litre),Speyside,,In Stock,https://www.thewhiskyexchange.com/p/7620/aberlour-18-year-old,https://img.thewhiskyexchange.com/380/ablob.18yo.jpg?v=202407241
2025-12-29 22:14:18,Single Malt,72309,Macallan 18 Year Old Sherry Oak / 2023 Release,Macallan,70cl / 43%,277.5,(£475.71 per litre),Speyside,,In Stock,https://www.thewhiskyexchange.com/p/72309/macallan-18-year-old-sherry-oak-2023-release,https://img.thewhiskyexchange.com/380/macob.18yov14.jpg?v=202407241
2025-12-29 22:14:18,Single Malt,85815,Glenturret 12 Year Old / 2025 Release,Glenturret,70cl / 46.2%,62.46,(£107.07 per litre),Highland,,In Stock,https://www.thewhiskyexchange.com/p/85815/glenturret-12-year-old-2025-release,https://img.thewhiskyexchange.com/380/gtuob.12yov15.jpg?v=202407241
2025-12-29 22:14:18,Single Malt,45356,Highland Park Valknut,Highland Park,70cl / 46.8%,54.12,(£92.79 per litre),Island,,In Stock,https://www.thewhiskyexchange.com/p/45356/highland-park-valknut,https://img.thewhiskyexchange.com/380/hlpob.non12.jpg?v=202407241
2025-12-29 22:14:18,Single Malt,82895,Kilchoman Sanaig Cask Strength,Kilchoman,70cl / 57.8%,59.58,(£102.14 per litre),Islay,,In Stock,https://www.thewhiskyexchange.com/p/82895/kilchoman-sanaig-cask-strength,https://img.thewhiskyexchange.com/380/kilob.non60.jpg?v=202407241
2025-12-29 22:14:18,Single Malt,86695,Secret Speyside (M) 2009 / 16 Year Old / Signatory 100 Proof Exceptional #15,Macallan,70cl / 57.1%,66.62,(£114.21 per litre),Speyside,,In Stock,https://www.thewhiskyexchange.com/p/86695/secret-speyside-m-2009-16-year-old-signatory-100-proof-exceptional-15,https://img.thewhiskyexchange.com/380/macsig2009v3.jpg?v=202407241
2025-12-29 22:14:18,Single Malt,5300,Balvenie 12 Year Old / Double Wood / Small Bottle,Balvenie,20cl / 40%,17.46,(£10.47 per 10cl),Speyside,,In Stock,https://www.thewhiskyexchange.com/p/5300/balvenie-12-year-old-double-wood-small-bottle,https://img.thewhiskyexchange.com/380/balob.12yov1.jpg?v=202407241
2025-12-29 22:14:18,Single Malt,42532,Jura 18 Year Old / Red Wine Finish,Jura,70cl / 44%,65.62,(£112.50 per litre),Island,,In Stock,https://www.thewhiskyexchange.com/p/42532/jura-18-year-old-red-wine-finish,https://img.thewhiskyexchange.com/380/iojob.18yov2.jpg?v=202407241
2025-12-29 22:14:18,Single Malt,86342,Ardnamurchan 10 Year Old / 2025 Release,Ardnamurchan,70cl / 46.8%,49.96,(£85.64 per litre),Highland,,In Stock,https://www.thewhiskyexchange.com/p/86342/ardnamurchan-10-year-old-2025-release,https://img.thewhiskyexchange.com/380/amcob.10yov1.jpg?v=202407241
2025-12-29 22:14:18,Single Malt,86319,Caol Ila 2007 / 17 Year Old / Oloroso Cask 3 / Signatory,Caol Ila,70cl / 57.8%,106.67,(£182.86 per litre),Islay,,In Stock,https://www.thewhiskyexchange.com/p/86319/caol-ila-2007-17-year-old-oloroso-cask-3-signatory,https://img.thewhiskyexchange.com/380/cilsig2007v11.jpg?v=202407241
2025-12-29 22:14:18,Single Malt,63274,Macallan The Harmony Collection Rich Cacao,Macallan,70cl / 44%,183.33,(£314.29 per litre),Speyside,,In Stock,https://www.thewhiskyexchange.com/p/63274/macallan-the-harmony-collection-rich-cacao,https://img.thewhiskyexchange.com/380/macob.non161.jpg?v=202407241
2025-12-29 22:14:18,Single Malt,2172,Glen Garioch 12 Year Old,Glen Garioch,70cl / 48%,36.88,(£63.21 per litre),Highland,,In Stock,https://www.thewhiskyexchange.com/p/2172/glen-garioch-12-year-old,https://img.thewhiskyexchange.com/380/ggrob.12yo.jpg?v=202407241
2025-12-29 22:14:18,Single Malt,86550,Edradour 12 Year Old / Sherry Cask Strength / Batch 7,Edradour,70cl / 59%,62.46,(£107.07 per litre),Highland,,In Stock,https://www.thewhiskyexchange.com/p/86550/edradour-12-year-old-sherry-cask-strength-batch-7,https://img.thewhiskyexchange.com/380/edrob.12yov5.jpg?v=202407241
2025-12-29 22:14:18,Single Malt,26056,Craigellachie 17 Year Old,Craigellachie,70cl / 46%,102.5,(£175.71 per litre),Speyside,,In Stock,https://www.thewhiskyexchange.com/p/26056/craigellachie-17-year-old,https://img.thewhiskyexchange.com/380/crgob.17yo.jpg?v=202407241
2025-12-29 22:14:18,Single Malt,49356,Glenmorangie Quinta Ruban 14 Year Old / Port Finish,Glenmorangie,70cl / 46%,39.79,(£68.21 per litre),Highland,,In Stock,https://www.thewhiskyexchange.com/p/49356/glenmorangie-quinta-ruban-14-year-old-port-finish,https://img.thewhiskyexchange.com/380/gmgob.14yo.jpg?v=202407241
2025-12-29 22:14:18,Single Malt,5862,Bowmore 18 Year Old,Bowmore,70cl / 43%,110.0,(£188.57 per litre),Islay,,In Stock,https://www.thewhiskyexchange.com/p/5862/bowmore-18-year-old,https://img.thewhiskyexchange.com/380/bowob.18yov1.jpg?v=202407241
2025-12-29 22:14:18,Single Malt,39915,Ardbeg An Oa,Ardbeg,70cl / 46.6%,43.75,(£75 per litre),Islay,,In Stock,https://www.thewhiskyexchange.com/p/39915/ardbeg-an-oa,https://img.thewhiskyexchange.com/380/abgob.non36.jpg?v=202407241
2025-12-29 22:14:18,Single Malt,73326,Benrinnes 15 Year Old / Flora & Fauna,Benrinnes,70cl / 43%,52.92,(£90.71 per litre),Speyside,,In Stock,https://www.thewhiskyexchange.com/p/73326/benrinnes-15-year-old-flora-fauna,https://img.thewhiskyexchange.com/380/brnob.15yo.jpg?v=202407241
2025-12-29 22:14:18,Single Malt,7032,Glenkinchie 12 Year Old,Glenkinchie,70cl / 43%,38.75,(£66.43 per litre),Lowland,,In Stock,https://www.thewhiskyexchange.com/p/7032/glenkinchie-12-year-old,https://img.thewhiskyexchange.com/380/gkcob.12yov1.jpg?v=202407241
2025-12-29 22:14:18,Single Malt,70795,Oban Distillers Edition,Oban,70cl / 43%,72.46,(£124.21 per litre),Highland,,In Stock,https://www.thewhiskyexchange.com/p/70795/oban-distillers-edition,https://img.thewhiskyexchange.com/380/obnob.non5.jpg?v=202407241
2025-12-29 22:14:18,Single Malt,83921,Edradour 2011 / 13 Year Old / Marsala Finish /Signatory for The Whisky Exchange,Edradour,70cl / 58.9%,79.12,(£135.64 per litre),Highland,Special Offer: Free Edradour Book,In Stock,https://www.thewhiskyexchange.com/p/83921/edradour-2011-13-year-old-marsala-finish-signatory-for-the-whisky-exchange,https://img.thewhiskyexchange.com/380/edrsig2011v4.jpg?v=202407241
2025-12-29 22:14:21,Single Malt,86198,Glen Scotia 2015 Dawny Port / 10 Year Old /Thompson Bros for The Whisky Exchange,Glen Scotia,70cl / 53.3%,58.29,(£99.93 per litre),Campbeltown,,In Stock,https://www.thewhiskyexchange.com/p/86198/glen-scotia-2015-dawny-port-10-year-old-thompson-bros-for-the-whisky-exchange,https://img.thewhiskyexchange.com/380/gsttho2015.jpg?v=202407241
2025-12-29 22:14:21,Single Malt,32496,Laphroaig Lore,Laphroaig,70cl / 48%,53.12,(£91.07 per litre),Islay,,In Stock,https://www.thewhiskyexchange.com/p/32496/laphroaig-lore,https://img.thewhiskyexchange.com/380/lrgob.non16.jpg?v=202407241
2025-12-29 22:14:21,Single Malt,82933,Scapa 21 Year Old,Scapa,70cl / 50.7%,195.83,(£335.71 per litre),Island,,In Stock,https://www.thewhiskyexchange.com/p/82933/scapa-21-year-old,https://img.thewhiskyexchange.com/380/scpob.21yo.jpg?v=202407241
2025-12-29 22:14:21,Single Malt,29813,Dalwhinnie Winter's Gold,Dalwhinnie,70cl / 43%,43.12,(£73.93 per litre),Speyside,,In Stock,https://www.thewhiskyexchange.com/p/29813/dalwhinnie-winters-gold,https://img.thewhiskyexchange.com/380/dalob.non1.jpg?v=202407241
2025-12-29 22:14:21,Single Malt,85291,Blair Athol 2007 / 17 Year Old / 100 Proof Exceptional Edition 12 / Signatory,Blair Athol,70cl / 57.1%,63.75,(£109.29 per litre),Highland,,In Stock,https://www.thewhiskyexchange.com/p/85291/blair-athol-2007-17-year-old-100-proof-exceptional-edition-12-signatory,https://img.thewhiskyexchange.com/380/blasig2007v1.jpg?v=202407241
2025-12-29 22:14:21,Single Malt,18098,Macallan Double Cask Gold,Macallan,70cl / 40%,100.0,(£171.43 per litre),Speyside,,In Stock,https://www.thewhiskyexchange.com/p/18098/macallan-double-cask-gold,https://img.thewhiskyexchange.com/380/macob.non29.jpg?v=202407241
2025-12-29 22:14:21,Single Malt,47802,Deanston 18 Year Old,Deanston,70cl / 46.3%,75.62,(£121.07 per litre),Highland,Special Offer: £6 Off!,In Stock,https://www.thewhiskyexchange.com/p/47802/deanston-18-year-old,https://img.thewhiskyexchange.com/380/dstob.18yov3.jpg?v=202407241
2025-12-29 22:14:21,Single Malt,19712,Aberlour 12 Year Old Non Chill-Filtered,Aberlour,70cl / 48%,48.96,(£76.79 per litre),Speyside,Special Offer: £5 Off!,In Stock,https://www.thewhiskyexchange.com/p/19712/aberlour-12-year-old-non-chill-filtered,https://img.thewhiskyexchange.com/380/ablob.12yov10.jpg?v=202407241
2025-12-29 22:14:21,Single Malt,6722,Singleton of Dufftown 12 Year Old,Dufftown,70cl / 40%,31.62,(£47.07 per litre),Speyside,Special Offer: £5 Off!,In Stock,https://www.thewhiskyexchange.com/p/6722/singleton-of-dufftown-12-year-old,https://img.thewhiskyexchange.com/380/dufob.12yov1.jpg?v=202407241
2025-12-29 22:14:21,Single Malt,2078,Glenfarclas 105°,Glenfarclas,70cl / 60%,63.75,(£109.29 per litre),Speyside,,In Stock,https://www.thewhiskyexchange.com/p/2078/glenfarclas-105,https://img.thewhiskyexchange.com/380/gfcob.non1.jpg?v=202407241
2025-12-29 22:14:21,Single Malt,85567,Glen Scotia 2014 / 10 Year Old / Whisky Show 2025,Glen Scotia,70cl / 55.9%,73.29,(£125.64 per litre),Campbeltown,,In Stock,https://www.thewhiskyexchange.com/p/85567/glen-scotia-2014-10-year-old-whisky-show-2025,https://img.thewhiskyexchange.com/380/gstob.2014.jpg?v=202407241
2025-12-29 22:14:21,Single Malt,56100,Benriach The Twelve / 12 Year Old,Benriach,70cl / 46%,38.29,(£59.93 per litre),Speyside,Special Offer: £4 Off!,In Stock,https://www.thewhiskyexchange.com/p/56100/benriach-the-twelve-12-year-old,https://img.thewhiskyexchange.com/380/bnrob.12yov9.jpg?v=202407241
2025-12-29 22:14:21,Single Malt,85672,Octomore Edition 16.2 / 5 Year Old / Scottish Barley,Octomore,70cl / 58.1%,129.17,(£221.43 per litre),Islay,,In Stock,https://www.thewhiskyexchange.com/p/85672/octomore-edition-162-5-year-old-scottish-barley,https://img.thewhiskyexchange.com/380/octob.05yov34.jpg?v=202407241
2025-12-29 22:14:21,Single Malt,10302,Caol Ila Distillers Edition,Caol Ila,70cl / 43%,71.46,(£122.50 per litre),Islay,,In Stock,https://www.thewhiskyexchange.com/p/10302/caol-ila-distillers-edition,https://img.thewhiskyexchange.com/380/cilob.non4.jpg?v=202407241
2025-12-29 22:14:21,Single Malt,56738,Benromach 21 Year Old,Benromach,70cl / 43%,113.33,(£194.29 per litre),Speyside,,In Stock,https://www.thewhiskyexchange.com/p/56738/benromach-21-year-old,https://img.thewhiskyexchange.com/380/brmob.21yov2.jpg?v=202407241
2025-12-29 22:14:21,Single Malt,31422,Macallan Rare Cask Black,Macallan,70cl / 48%,458.33,(£785.71 per litre),Speyside,,In Stock,https://www.thewhiskyexchange.com/p/31422/macallan-rare-cask-black,https://img.thewhiskyexchange.com/380/macob.non67.jpg?v=202407241
2025-12-29 22:14:21,Single Malt,85600,Inchgower 2011 / 13 Year Old / 100 Proof Edition #53 / Signatory,Inchgower,70cl / 57.1%,38.75,(£66.43 per litre),Speyside,,In Stock,https://www.thewhiskyexchange.com/p/85600/inchgower-2011-13-year-old-100-proof-edition-53-signatory,https://img.thewhiskyexchange.com/380/ingsig2011v4.jpg?v=202407241
2025-12-29 22:14:21,Single Malt,1461,Cardhu 12 Year Old,Cardhu,70cl / 40%,32.92,(£56.43 per litre),Speyside,,In Stock,https://www.thewhiskyexchange.com/p/1461/cardhu-12-year-old,https://img.thewhiskyexchange.com/380/carob.12yov1.jpg?v=202407241
2025-12-29 22:14:21,Single Malt,52345,Mortlach 15 Year Old / Game of Thrones Six Kingdoms,Mortlach,70cl / 46%,74.12,(£127.07 per litre),Speyside,,In Stock,https://www.thewhiskyexchange.com/p/52345/mortlach-15-year-old-game-of-thrones-six-kingdoms,https://img.thewhiskyexchange.com/380/mtlob.15yo.jpg?v=202407241
2025-12-29 22:14:21,Single Malt,44886,Fettercairn 12 Year Old,Fettercairn,70cl / 40%,43.75,(£69.29 per litre),Highland,Special Offer: £4 Off!,In Stock,https://www.thewhiskyexchange.com/p/44886/fettercairn-12-year-old,https://img.thewhiskyexchange.com/380/ofcob.12yov1.jpg?v=202407241
2025-12-29 22:14:21,Single Malt,6297,Bowmore 25 Year Old,Bowmore,70cl / 43%,416.67,(£428.57 per litre),Islay,Special Offer: £200 Off!,In Stock,https://www.thewhiskyexchange.com/p/6297/bowmore-25-year-old,https://img.thewhiskyexchange.com/380/bowob.25yov6.jpg?v=202407241
2025-12-29 22:14:21,Single Malt,1485,Cragganmore 12 Year Old / Small Bottle,Cragganmore,20cl / 40%,15.21,(£7.12 per 10cl),Speyside,Special Offer: £4 Off!,In Stock,https://www.thewhiskyexchange.com/p/1485/cragganmore-12-year-old-small-bottle,https://img.thewhiskyexchange.com/380/cgmob.12yov2.jpg?v=202407241
2025-12-29 22:14:21,Single Malt,59721,Laphroaig 10 Year Old Sherry Oak Finish,Laphroaig,70cl / 48%,46.62,(£79.93 per litre),Islay,,In Stock,https://www.thewhiskyexchange.com/p/59721/laphroaig-10-year-old-sherry-oak-finish,https://img.thewhiskyexchange.com/380/lrgob.10yov79.jpg?v=202407241
2025-12-29 22:14:21,Single Malt,19988,Talisker Port Ruighe / Port Finish,Talisker,70cl / 45.8%,52.46,(£89.93 per litre),Island,,In Stock,https://www.thewhiskyexchange.com/p/19988/talisker-port-ruighe-port-finish,https://img.thewhiskyexchange.com/380/talob.non8.jpg?v=202407241
2025-12-29 22:14:25,Single Malt,85238,Arran 12 Year Old Duero Discovery / Signature Series Edition 3,Arran,70cl / 50%,67.71,(£116.07 per litre),Island,,In Stock,https://www.thewhiskyexchange.com/p/85238/arran-12-year-old-duero-discovery-signature-series-edition-3,https://img.thewhiskyexchange.com/380/arrob.12yov9.jpg?v=202407241
2025-12-29 22:14:25,Single Malt,12340,Aberlour A'Bunadh Sherry Cask Collection Edition I,Aberlour,70cl / 56.2%,79.12,(£135.64 per litre),Speyside,,In Stock,https://www.thewhiskyexchange.com/p/12340/aberlour-abunadh-sherry-cask-collection-edition-i,https://img.thewhiskyexchange.com/380/ablob.non8.jpg?v=202407241
2025-12-29 22:14:25,Single Malt,42732,Dalmore Port Wood Reserve,Dalmore,70cl / 46.5%,65.42,(£112.14 per litre),Highland,,In Stock,https://www.thewhiskyexchange.com/p/42732/dalmore-port-wood-reserve,https://img.thewhiskyexchange.com/380/dlmob.non19.jpg?v=202407241
2025-12-29 22:14:25,Single Malt,84641,Ledaig 10 Year Old Hebridean Moon,Ledaig,70cl / 58.8%,66.62,(£114.21 per litre),Island,Special Offer: Free Ledaig Beanie Hat,In Stock,https://www.thewhiskyexchange.com/p/84641/ledaig-10-year-old-hebridean-moon,https://img.thewhiskyexchange.com/380/ldgob.10yov2.jpg?v=202407241
2025-12-29 22:14:25,Single Malt,33705,Tomatin Legacy / Bourbon & Virgin Oak,Tomatin,70cl / 43%,27.92,(£47.86 per litre),Highland,,In Stock,https://www.thewhiskyexchange.com/p/33705/tomatin-legacy-bourbon-virgin-oak,https://img.thewhiskyexchange.com/380/tomob.non10.jpg?v=202407241
2025-12-29 22:14:25,Single Malt,4154,Old Pulteney 12 Year Old,Old Pulteney,70cl / 40%,32.71,(£56.07 per litre),Highland,,In Stock,https://www.thewhiskyexchange.com/p/4154/old-pulteney-12-year-old,https://img.thewhiskyexchange.com/380/opnob.12yo.jpg?v=202407241
2025-12-29 22:14:25,Single Malt,64489,Balvenie 16 Year Old French Oak / Pineau Cask Finish,Balvenie,70cl / 47.6%,122.5,(£188.57 per litre),Speyside,Special Offer: £15 Off!,In Stock,https://www.thewhiskyexchange.com/p/64489/balvenie-16-year-old-french-oak-pineau-cask-finish,https://img.thewhiskyexchange.com/380/balob.16yov3.jpg?v=202407241
2025-12-29 22:14:25,Single Malt,51441,Glenfiddich 23 Year Old / Grand Cru,Glenfiddich,70cl / 40%,216.67,(£328.57 per litre),Speyside,Special Offer: £30 Off!,In Stock,https://www.thewhiskyexchange.com/p/51441/glenfiddich-23-year-old-grand-cru,https://img.thewhiskyexchange.com/380/gfdob.23yo.jpg?v=202407241
2025-12-29 22:14:25,Single Malt,56101,Benriach The Smoky Twelve / 12 Year Old,Benriach,70cl / 46%,41.46,(£71.07 per litre),Speyside,,In Stock,https://www.thewhiskyexchange.com/p/56101/benriach-the-smoky-twelve-12-year-old,https://img.thewhiskyexchange.com/380/bnrob.12yov10.jpg?v=202407241
2025-12-29 22:14:25,Single Malt,28699,Laphroaig PX Cask / Litre,Laphroaig,100cl / 48%,94.17,,Islay,,In Stock,https://www.thewhiskyexchange.com/p/28699/laphroaig-px-cask-litre,https://img.thewhiskyexchange.com/380/lrgob.non12.jpg?v=202407241
2025-12-29 22:14:25,Single Malt,63499,Lagavulin 12 Year Old / Special Releases 2025,Lagavulin,70cl / 56.5%,116.67,(£200 per litre),Islay,,In Stock,https://www.thewhiskyexchange.com/p/63499/lagavulin-12-year-old-special-releases-2025,https://img.thewhiskyexchange.com/380/lgvob.12yov48.jpg?v=202407241
2025-12-29 22:14:25,Single Malt,85603,Mortlach 2013 / 12 Year Old / 100 Proof Edition #60 / Signatory,Mortlach,70cl / 57.1%,40.21,(£68.93 per litre),Speyside,,In Stock,https://www.thewhiskyexchange.com/p/85603/mortlach-2013-12-year-old-100-proof-edition-60-signatory,https://img.thewhiskyexchange.com/380/mtlsig2013v1.jpg?v=202407241
2025-12-29 22:14:25,Single Malt,70570,Bunnahabhain 1998 / Manzanilla Cask / Feis Ile 2023,Bunnahabhain,70cl / 52.3%,340.83,(£584.29 per litre),Islay,,In Stock,https://www.thewhiskyexchange.com/p/70570/bunnahabhain-1998-manzanilla-cask-feis-ile-2023,https://img.thewhiskyexchange.com/380/bunob.1998v1.jpg?v=202407241
2025-12-29 22:14:25,Single Malt,4854,Talisker The Wild Blue,Talisker,70cl / 48.2%,64.38,(£110.36 per litre),Island,,In Stock,https://www.thewhiskyexchange.com/p/4854/talisker-the-wild-blue,https://img.thewhiskyexchange.com/380/talob.non1.jpg?v=202407241
2025-12-29 22:14:25,Single Malt,82228,Isle of Harris The Hearach Oloroso Cask,Isle of Harris,70cl / 46%,59.38,(£91.79 per litre),Island,Special Offer: £7 Off!,In Stock,https://www.thewhiskyexchange.com/p/82228/isle-of-harris-the-hearach-oloroso-cask,https://img.thewhiskyexchange.com/380/harob.non2.jpg?v=202407241
2025-12-29 22:14:25,Single Malt,85581,Macallan The Harmony Collection Inspired by Phoenix Honey Orchid Tea,Macallan,70cl / 43.9%,126.67,(£217.14 per litre),Speyside,,In Stock,https://www.thewhiskyexchange.com/p/85581/macallan-the-harmony-collection-inspired-by-phoenix-honey-orchid-tea,https://img.thewhiskyexchange.com/380/macob.non193.jpg?v=202407241
2025-12-29 22:14:25,Single Malt,5747,Bowmore 12 Year Old,Bowmore,70cl / 40%,33.75,(£57.86 per litre),Islay,,In Stock,https://www.thewhiskyexchange.com/p/5747/bowmore-12-year-old,https://img.thewhiskyexchange.com/380/bowob.12yov10.jpg?v=202407241
2025-12-29 22:14:25,Single Malt,4838,Talisker 10 Year Old / Small Bottle,Talisker,20cl / 45.8%,16.04,(£9.63 per 10cl),Island,,In Stock,https://www.thewhiskyexchange.com/p/4838/talisker-10-year-old-small-bottle,https://img.thewhiskyexchange.com/380/talob.10yov1.jpg?v=202407241
2025-12-29 22:14:25,Single Malt,51201,Arran Quarter Cask,Arran,70cl / 56.2%,48.75,(£83.57 per litre),Island,,In Stock,https://www.thewhiskyexchange.com/p/51201/arran-quarter-cask,https://img.thewhiskyexchange.com/380/arrob.non70.jpg?v=202407241
2025-12-29 22:14:25,Single Malt,86019,Bunnahabhain 21 Year Old Cask Strength / 2025 Release,Bunnahabhain,70cl / 53.1%,220.83,(£378.57 per litre),Islay,,In Stock,https://www.thewhiskyexchange.com/p/86019/bunnahabhain-21-year-old-cask-strength-2025-release,https://img.thewhiskyexchange.com/380/bunob.21yov1.jpg?v=202407241
2025-12-29 22:14:25,Single Malt,4958,Tomatin 12 Year Old / Sherry Cask,Tomatin,70cl / 40%,40.21,(£68.93 per litre),Highland,,In Stock,https://www.thewhiskyexchange.com/p/4958/tomatin-12-year-old-sherry-cask,https://img.thewhiskyexchange.com/380/tomob.12yo.jpg?v=202407241
2025-12-29 22:14:25,Single Malt,86548,Ben Nevis 2014 / 10 Year Old / Signatory 100 Proof Edition 63,Ben Nevis,70cl / 57.1%,39.12,(£67.07 per litre),Highland,,In Stock,https://www.thewhiskyexchange.com/p/86548/ben-nevis-2014-10-year-old-signatory-100-proof-edition-63,https://img.thewhiskyexchange.com/380/bnvsig2014v3.jpg?v=202407241
2025-12-29 22:14:25,Single Malt,82900,Highland Park 15 Year Old / 2024 Relaunch,Highland Park,70cl / 44%,78.96,(£135.36 per litre),Island,,In Stock,https://www.thewhiskyexchange.com/p/82900/highland-park-15-year-old-2024-relaunch,https://img.thewhiskyexchange.com/380/hlpob.15yov9.jpg?v=202407241
2025-12-29 22:14:25,Single Malt,84178,Glenlossie 2012 /12 Year Old / 100 Proof Edition #35 / Signatory,Glenlossie,70cl / 57.1%,39.79,(£68.21 per litre),Speyside,,In Stock,https://www.thewhiskyexchange.com/p/84178/glenlossie-2012-12-year-old-100-proof-edition-35-signatory,https://img.thewhiskyexchange.com/380/glosig2012.jpg?v=202407241
2025-12-29 22:14:29,Single Malt,11746,Bruichladdich Classic Laddie 10 Year Old / Small Bottle,Bruichladdich,20cl / 50%,16.62,(£9.98 per 10cl),Islay,,In Stock,https://www.thewhiskyexchange.com/p/11746/bruichladdich-classic-laddie-10-year-old-small-bottle,https://img.thewhiskyexchange.com/380/bruob.10yov2.jpg?v=202407241
2025-12-29 22:14:29,Single Malt,11252,Edradour 10 Year Old / Small Bottle,Edradour,20cl / 40%,15.21,(£9.12 per 10cl),Highland,,In Stock,https://www.thewhiskyexchange.com/p/11252/edradour-10-year-old-small-bottle,https://img.thewhiskyexchange.com/380/edrob.10yov12.jpg?v=202407241
2025-12-29 22:14:29,Single Malt,82608,Black Friday 2024 / Highland 16 Year Old (2008),Jura,70cl / 53.8%,62.46,(£92.79 per litre),Island,Special Offer: £10 Off!,In Stock,https://www.thewhiskyexchange.com/p/82608/black-friday-2024-highland-16-year-old-2008,https://img.thewhiskyexchange.com/380/iojtwe2008.jpg?v=202407241
2025-12-29 22:14:29,Single Malt,80855,Bunnahabhain 1999 / 23 Year Old / Triple Sherry Wood Feis Isle 2024,Bunnahabhain,70cl / 53.3%,330.0,(£408.57 per litre),Islay,Special Offer: £110 Off!,In Stock,https://www.thewhiskyexchange.com/p/80855/bunnahabhain-1999-23-year-old-triple-sherry-wood-feis-isle-2024,https://img.thewhiskyexchange.com/380/bunob.1999.jpg?v=202407241
2025-12-29 22:14:29,Single Malt,33704,Tomatin 12 Year Old / Bourbon & Sherry Casks,Tomatin,70cl / 43%,34.12,(£58.50 per litre),Highland,,In Stock,https://www.thewhiskyexchange.com/p/33704/tomatin-12-year-old-bourbon-sherry-casks,https://img.thewhiskyexchange.com/380/tomob.12yov3.jpg?v=202407241
2025-12-29 22:14:29,Single Malt,86128,Cu Bocan Creation 7 / Pineau Rouge & American Virgin Oak,Cu Bocan,70cl / 46%,35.42,(£60.71 per litre),Highland,,In Stock,https://www.thewhiskyexchange.com/p/86128/cu-bocan-creation-7-pineau-rouge-american-virgin-oak,https://img.thewhiskyexchange.com/380/cubob.non8.jpg?v=202407241
2025-12-29 22:14:29,Single Malt,7936,Auchentoshan 12 Year Old,Auchentoshan,70cl / 40%,28.75,(£49.29 per litre),Lowland,,In Stock,https://www.thewhiskyexchange.com/p/7936/auchentoshan-12-year-old,https://img.thewhiskyexchange.com/380/aucob.12yov6.jpg?v=202407241
2025-12-29 22:14:29,Single Malt,39311,Macallan Classic Cut 2024 Release,Macallan,70cl / 52.4%,104.17,(£178.57 per litre),Speyside,,In Stock,https://www.thewhiskyexchange.com/p/39311/macallan-classic-cut-2024-release,https://img.thewhiskyexchange.com/380/macob.non120.jpg?v=202407241
2025-12-29 22:14:29,Single Malt,85671,Octomore Edition 16.1 / 5 Year Old / Bourbon Cask / Scottish Barley,Octomore,70cl / 59.3%,116.67,(£200 per litre),Islay,,In Stock,https://www.thewhiskyexchange.com/p/85671/octomore-edition-161-5-year-old-bourbon-cask-scottish-barley,https://img.thewhiskyexchange.com/380/octob.05yov33.jpg?v=202407241
2025-12-29 22:14:29,Single Malt,16252,MacDonald's Traditional Ben Nevis,Ben Nevis,70cl / 46%,42.29,(£72.50 per litre),Highland,,In Stock,https://www.thewhiskyexchange.com/p/16252/macdonalds-traditional-ben-nevis,https://img.thewhiskyexchange.com/380/bnvob.non2.jpg?v=202407241
2025-12-29 22:14:29,Single Malt,68622,Talisker 11 Year Old / Special Releases 2022,Talisker,70cl / 55.1%,87.5,(£150 per litre),Island,,In Stock,https://www.thewhiskyexchange.com/p/68622/talisker-11-year-old-special-releases-2022,https://img.thewhiskyexchange.com/380/talob.11yo.jpg?v=202407241
2025-12-29 22:14:29,Single Malt,68157,Balvenie 17 Year Old / Week of Peat,Balvenie,70cl / 49.4%,95.83,(£164.29 per litre),Speyside,,In Stock,https://www.thewhiskyexchange.com/p/68157/balvenie-17-year-old-week-of-peat,https://img.thewhiskyexchange.com/380/balob.17yov22.jpg?v=202407241
2025-12-29 22:14:29,Single Malt,19204,Talisker Storm,Talisker,70cl / 45.8%,44.79,(£76.79 per litre),Island,,In Stock,https://www.thewhiskyexchange.com/p/19204/talisker-storm,https://img.thewhiskyexchange.com/380/talob.non7.jpg?v=202407241
2025-12-29 22:14:29,Single Malt,82970,Ardnahoe Infinite Loch,Ardnahoe,70cl / 50%,47.92,(£82.14 per litre),Islay,,In Stock,https://www.thewhiskyexchange.com/p/82970/ardnahoe-infinite-loch,https://img.thewhiskyexchange.com/380/anhob.non1.jpg?v=202407241
2025-12-29 22:14:29,Single Malt,45301,Mortlach 20 Year Old / Cowie's Blue Seal,Mortlach,70cl / 43.4%,207.5,(£284.29 per litre),Speyside,Clearance Offer: £50 Off!,In Stock,https://www.thewhiskyexchange.com/p/45301/mortlach-20-year-old-cowies-blue-seal,https://img.thewhiskyexchange.com/380/mtlob.20yo.jpg?v=202407241
2025-12-29 22:14:29,Single Malt,40978,Aberfeldy 12 Year Old / The Golden Dram,Aberfeldy,70cl / 40%,38.75,(£66.43 per litre),Highland,,In Stock,https://www.thewhiskyexchange.com/p/40978/aberfeldy-12-year-old-the-golden-dram,https://img.thewhiskyexchange.com/380/abfob.12yov4.jpg?v=202407241
2025-12-29 22:14:29,Single Malt,82049,Bowmore 12 Year Old / Sherry Oak,Bowmore,70cl / 40%,46.62,(£79.93 per litre),Islay,,In Stock,https://www.thewhiskyexchange.com/p/82049/bowmore-12-year-old-sherry-oak,https://img.thewhiskyexchange.com/380/bowob.12yov41.jpg?v=202407241
2025-12-29 22:14:29,Single Malt,83922,Whitlaw 2013 / 11 Year Old / PX Finish / Signatory for The Whisky Exchange,Highland Park,70cl / 58%,70.79,(£121.36 per litre),Island,,In Stock,https://www.thewhiskyexchange.com/p/83922/whitlaw-2013-11-year-old-px-finish-signatory-for-the-whisky-exchange,https://img.thewhiskyexchange.com/380/hlpsig2013v1.jpg?v=202407241
2025-12-29 22:14:29,Single Malt,2133,Glengoyne 10 Year Old,Glengoyne,70cl / 40%,33.29,(£57.07 per litre),Highland,,In Stock,https://www.thewhiskyexchange.com/p/2133/glengoyne-10-year-old,https://img.thewhiskyexchange.com/380/ggoob.10yov1.jpg?v=202407241
2025-12-29 22:14:29,Single Malt,79557,Knockando 21 Year Old Master Reserve / Glass Pack,Knockando,70cl / 43%,100.0,(£171.43 per litre),Speyside,,In Stock,https://www.thewhiskyexchange.com/p/79557/knockando-21-year-old-master-reserve-glass-pack,https://img.thewhiskyexchange.com/380/kadob.21yov1.jpg?v=202407241
2025-12-29 22:14:29,Single Malt,81531,Balvenie 2009 / 14 Year Old / Bourbon Barrel / A Collection of Curious Casks,Balvenie,70cl / 47.8%,72.92,(£125 per litre),Speyside,,In Stock,https://www.thewhiskyexchange.com/p/81531/balvenie-2009-14-year-old-bourbon-barrel-a-collection-of-curious-casks,https://img.thewhiskyexchange.com/380/balob.2009.jpg?v=202407241
2025-12-29 22:14:29,Single Malt,85813,Glenturret Triple Wood / 2025 Release,Glenturret,70cl / 45%,49.12,(£84.21 per litre),Highland,,In Stock,https://www.thewhiskyexchange.com/p/85813/glenturret-triple-wood-2025-release,https://img.thewhiskyexchange.com/380/gtuob.non13.jpg?v=202407241
2025-12-29 22:14:29,Single Malt,83918,Macallan 1998 / 26 Year Old / Cask #21603913 / Speymalt / Gordon & MacPhail,Macallan,70cl / 52.8%,379.17,(£650 per litre),Speyside,,In Stock,https://www.thewhiskyexchange.com/p/83918/macallan-1998-26-year-old-cask-21603913-speymalt-gordon-macphail,https://img.thewhiskyexchange.com/380/macg!m1998v3.jpg?v=202407241
2025-12-29 22:14:29,Single Malt,28323,Glenlivet Founder's Reserve,Glenlivet,70cl / 40%,31.46,(£53.93 per litre),Speyside,,In Stock,https://www.thewhiskyexchange.com/p/28323/glenlivet-founders-reserve,https://img.thewhiskyexchange.com/380/glvob.non11.jpg?v=202407241
2025-12-29 22:14:34,Single Malt,72522,Glendronach Ode to the Valley,Glendronach,70cl / 46.2%,48.54,(£83.21 per litre),Highland,,In Stock,https://www.thewhiskyexchange.com/p/72522/glendronach-ode-to-the-valley,https://img.thewhiskyexchange.com/380/grnob.non19.jpg?v=202407241
2025-12-29 22:14:34,Single Malt,85799,Macallan Rare Cask / 2024 Release,Macallan,70cl / 43%,250.0,(£428.57 per litre),Speyside,,In Stock,https://www.thewhiskyexchange.com/p/85799/macallan-rare-cask-2024-release,https://img.thewhiskyexchange.com/380/macob.non194.jpg?v=202407241
2025-12-29 22:14:34,Single Malt,70793,Dalwhinnie Distillers Edition,Dalwhinnie,70cl / 43%,64.58,(£110.71 per litre),Speyside,,In Stock,https://www.thewhiskyexchange.com/p/70793/dalwhinnie-distillers-edition,https://img.thewhiskyexchange.com/380/dalob.non4.jpg?v=202407241
2025-12-29 22:14:34,Single Malt,82856,Glenburgie 1996 / 28 Year Old / Connoisseurs Choice for The Whisky Exchange,Glenburgie,70cl / 54.8%,229.17,(£392.86 per litre),Speyside,,In Stock,https://www.thewhiskyexchange.com/p/82856/glenburgie-1996-28-year-old-connoisseurs-choice-for-the-whisky-exchange,https://img.thewhiskyexchange.com/380/gbgcc.1996.jpg?v=202407241
2025-12-29 22:14:34,Single Malt,73229,Inchgower 14 Year Old / Flora & Fauna,Inchgower,70cl / 43%,49.79,(£85.36 per litre),Speyside,,In Stock,https://www.thewhiskyexchange.com/p/73229/inchgower-14-year-old-flora-fauna,https://img.thewhiskyexchange.com/380/ingob.14yo.jpg?v=202407241
2025-12-29 22:14:34,Single Malt,85778,Lochlea Dark Briar / Single Estate Collection,Lochlea,70cl / 46%,40.79,(£69.93 per litre),Lowland,,In Stock,https://www.thewhiskyexchange.com/p/85778/lochlea-dark-briar-single-estate-collection,https://img.thewhiskyexchange.com/380/lolob.non18.jpg?v=202407241
2025-12-29 22:14:34,Single Malt,81587,Speyside (M) 2005 / 18 Year Old / Signatory for Whisky Show 2024,Macallan,70cl / 61.2%,195.83,(£335.71 per litre),Speyside,,In Stock,https://www.thewhiskyexchange.com/p/81587/speyside-m-2005-18-year-old-signatory-for-whisky-show-2024,https://img.thewhiskyexchange.com/380/macsig2005v4.jpg?v=202407241
2025-12-29 22:14:34,Single Malt,61863,Lagavulin 2008 / 12 Year Old / Special Releases 2021,Lagavulin,70cl / 56.5%,106.67,(£182.86 per litre),Islay,,In Stock,https://www.thewhiskyexchange.com/p/61863/lagavulin-2008-12-year-old-special-releases-2021,https://img.thewhiskyexchange.com/380/lgvob.12yov47.jpg?v=202407241
2025-12-29 22:14:34,Single Malt,85598,Glenrothes 2015 / 10 Year Old / 100 Proof Edition #50 / Signatory,Glenrothes,70cl / 57.1%,38.75,(£66.43 per litre),Speyside,,In Stock,https://www.thewhiskyexchange.com/p/85598/glenrothes-2015-10-year-old-100-proof-edition-50-signatory,https://img.thewhiskyexchange.com/380/grssig2015v1.jpg?v=202407241
2025-12-29 22:14:34,Single Malt,68806,Glen Grant 2000 / 22 Year Old / Sherry Finish /Signatory for The Whisky Exchange,Glen Grant,70cl / 57.1%,215.0,(£368.57 per litre),Speyside,,In Stock,https://www.thewhiskyexchange.com/p/68806/glen-grant-2000-22-year-old-sherry-finish-signatory-for-the-whisky-exchange,https://img.thewhiskyexchange.com/380/ggtsig2000.jpg?v=202407241
2025-12-29 22:14:34,Single Malt,3414,Laphroaig Quarter Cask,Laphroaig,70cl / 48%,39.96,(£68.50 per litre),Islay,,In Stock,https://www.thewhiskyexchange.com/p/3414/laphroaig-quarter-cask,https://img.thewhiskyexchange.com/380/lrgob.non1.jpg?v=202407241
2025-12-29 22:14:34,Single Malt,83210,Glendronach Ode to the Embers,Glendronach,70cl / 48.4%,50.62,(£81.79 per litre),Highland,Special Offer: £3.50 Off!,In Stock,https://www.thewhiskyexchange.com/p/83210/glendronach-ode-to-the-embers,https://img.thewhiskyexchange.com/380/grnob.non21.jpg?v=202407241
2025-12-29 22:14:34,Single Malt,56102,Benriach The Smoky Ten / 10 Year Old,Benriach,70cl / 46%,36.04,(£54.64 per litre),Speyside,Special Offer: £5 Off!,In Stock,https://www.thewhiskyexchange.com/p/56102/benriach-the-smoky-ten-10-year-old,https://img.thewhiskyexchange.com/380/bnrob.10yov9.jpg?v=202407241
2025-12-29 22:14:34,Single Malt,83051,Glenrothes 15 Year Old,Glenrothes,70cl / 43%,80.62,(£138.21 per litre),Speyside,,In Stock,https://www.thewhiskyexchange.com/p/83051/glenrothes-15-year-old,https://img.thewhiskyexchange.com/380/grsob.15yo.jpg?v=202407241
2025-12-29 22:14:34,Single Malt,10832,Glen Garioch Founder's Reserve,Glen Garioch,70cl / 48%,31.04,(£53.21 per litre),Highland,,In Stock,https://www.thewhiskyexchange.com/p/10832/glen-garioch-founders-reserve,https://img.thewhiskyexchange.com/380/ggrob.non1.jpg?v=202407241
2025-12-29 22:14:34,Single Malt,68486,Personalised 16 Year Old Highland Scotch Whisky,Highland Park,70cl / 53%,100.0,(£171.43 per litre),Island,,In Stock,https://www.thewhiskyexchange.com/p/68486/personalised-16-year-old-highland-scotch-whisky,https://img.thewhiskyexchange.com/380/malts_twe16yo.jpg?v=202407241
2025-12-29 22:14:34,Single Malt,33703,Tomatin 14 Year Old / Tawny Port Finish,Tomatin,70cl / 46%,57.46,(£98.50 per litre),Highland,,In Stock,https://www.thewhiskyexchange.com/p/33703/tomatin-14-year-old-tawny-port-finish,https://img.thewhiskyexchange.com/380/tomob.14yov1.jpg?v=202407241
2025-12-29 22:14:34,Single Malt,81665,Glenmorangie 12 Year Old The Original / Gift Box,Glenmorangie,70cl / 40%,33.75,(£57.86 per litre),Highland,,In Stock,https://www.thewhiskyexchange.com/p/81665/glenmorangie-12-year-old-the-original-gift-box,https://img.thewhiskyexchange.com/380/gmgob.12yov22.jpg?v=202407241
2025-12-29 22:14:34,Single Malt,71874,Glenglassaugh 12 Year Old,Glenglassaugh,70cl / 45%,41.25,(£70.71 per litre),Highland,,In Stock,https://www.thewhiskyexchange.com/p/71874/glenglassaugh-12-year-old,https://img.thewhiskyexchange.com/380/ggsob.12yov3.jpg?v=202407241
2025-12-29 22:14:34,Single Malt,84533,Inchdairnie Kinglassie Double Matured 2017 / 8 Year Old,Inchdairnie,70cl / 46.3%,62.46,(£99.93 per litre),Lowland,Special Offer: £5 Off!,In Stock,https://www.thewhiskyexchange.com/p/84533/inchdairnie-kinglassie-double-matured-2017-8-year-old,https://img.thewhiskyexchange.com/380/incob.2017.jpg?v=202407241
2025-12-29 22:14:34,Single Malt,66295,Glenfiddich Orchard Experiment / Experimental Series #05,Glenfiddich,70cl / 43%,39.58,(£67.86 per litre),Speyside,,In Stock,https://www.thewhiskyexchange.com/p/66295/glenfiddich-orchard-experiment-experimental-series-05,https://img.thewhiskyexchange.com/380/gfdob.non80.jpg?v=202407241
2025-12-29 22:14:34,Single Malt,85906,Dailuaine 2015 / 10 Year Old / James Eadie,Dailuaine,70cl / 48.3%,36.62,(£62.79 per litre),Speyside,,In Stock,https://www.thewhiskyexchange.com/p/85906/dailuaine-2015-10-year-old-james-eadie,https://img.thewhiskyexchange.com/380/dlnead2015.jpg?v=202407241
2025-12-29 22:14:34,Single Malt,85777,Lochlea Orchard and Oak / Single Estate Collection,Lochlea,70cl / 46%,40.79,(£69.93 per litre),Lowland,,In Stock,https://www.thewhiskyexchange.com/p/85777/lochlea-orchard-and-oak-single-estate-collection,https://img.thewhiskyexchange.com/380/lolob.non17.jpg?v=202407241
2025-12-29 22:14:34,Single Malt,63067,Highland Park 15 Year Old / Viking Heart,Highland Park,70cl / 44%,74.96,(£128.50 per litre),Island,,In Stock,https://www.thewhiskyexchange.com/p/63067/highland-park-15-year-old-viking-heart,https://img.thewhiskyexchange.com/380/hlpob.15yov7.jpg?v=202407241
2025-12-29 22:14:38,Single Malt,16932,Glenglassaugh Revival,Glenglassaugh,70cl / 46%,33.75,(£57.86 per litre),Highland,,In Stock,https://www.thewhiskyexchange.com/p/16932/glenglassaugh-revival,https://img.thewhiskyexchange.com/380/ggsob.non7.jpg?v=202407241
2025-12-29 22:14:38,Single Malt,85601,Macduff 2011 / 13 Year Old / 100 Proof Edition #55 / Signatory,Macduff,70cl / 57.1%,38.75,(£66.43 per litre),Highland,,In Stock,https://www.thewhiskyexchange.com/p/85601/macduff-2011-13-year-old-100-proof-edition-55-signatory,https://img.thewhiskyexchange.com/380/mdfsig2011.jpg?v=202407241
2025-12-29 22:14:38,Single Malt,85288,Benrinnes 2012 / 13 Year Old / 100 Proof Edition 56 / Signatory,Benrinnes,70cl / 57.1%,40.42,(£69.29 per litre),Speyside,,In Stock,https://www.thewhiskyexchange.com/p/85288/benrinnes-2012-13-year-old-100-proof-edition-56-signatory,https://img.thewhiskyexchange.com/380/brnsig2012v2.jpg?v=202407241
2025-12-29 22:14:38,Single Malt,86610,Kilchoman Machir Bay Cask Strength / 2025 Edition,Kilchoman,70cl / 58.1%,49.96,(£85.64 per litre),Islay,,In Stock,https://www.thewhiskyexchange.com/p/86610/kilchoman-machir-bay-cask-strength-2025-edition,https://img.thewhiskyexchange.com/380/kilob.non62.jpg?v=202407241
2025-12-29 22:14:38,Single Malt,85176,Ardnamurchan The Midgie / 2025 Release,Ardnamurchan,70cl / 48%,42.46,(£72.79 per litre),Highland,,In Stock,https://www.thewhiskyexchange.com/p/85176/ardnamurchan-the-midgie-2025-release,https://img.thewhiskyexchange.com/380/amcob.non27.jpg?v=202407241
2025-12-29 22:14:38,Single Malt,30154,Glen Scotia 15 Year Old,Glen Scotia,70cl / 46%,60.42,(£103.57 per litre),Campbeltown,,In Stock,https://www.thewhiskyexchange.com/p/30154/glen-scotia-15-year-old,https://img.thewhiskyexchange.com/380/gstob.15yov1.jpg?v=202407241
2025-12-29 22:14:38,Single Malt,84309,Ardnahoe Bholsa,Ardnahoe,70cl / 50%,50.42,(£86.43 per litre),Islay,,In Stock,https://www.thewhiskyexchange.com/p/84309/ardnahoe-bholsa,https://img.thewhiskyexchange.com/380/anhob.non2.jpg?v=202407241
2025-12-29 22:14:38,Single Malt,82897,Fettercairn 16 Year Old,Fettercairn,70cl / 46.4%,71.62,(£122.79 per litre),Highland,,In Stock,https://www.thewhiskyexchange.com/p/82897/fettercairn-16-year-old,https://img.thewhiskyexchange.com/380/ofcob.16yov5.jpg?v=202407241
2025-12-29 22:14:38,Single Malt,85680,Singleton of Glen Ord 17 Year Old / Special Releases 2025,Glen Ord,70cl / 55.5%,133.33,(£228.57 per litre),Highland,,In Stock,https://www.thewhiskyexchange.com/p/85680/singleton-of-glen-ord-17-year-old-special-releases-2025,https://img.thewhiskyexchange.com/380/godob.17yo.jpg?v=202407241
2025-12-29 22:14:38,Single Malt,80994,Isle of Raasay Single Malt Cask Strength / 2024 Release,Isle of Raasay,70cl / 61.6%,54.79,(£93.93 per litre),Island,,In Stock,https://www.thewhiskyexchange.com/p/80994/isle-of-raasay-single-malt-cask-strength-2024-release,https://img.thewhiskyexchange.com/380/raaob.non14.jpg?v=202407241
2025-12-29 22:14:38,Single Malt,85616,Dailuaine 21 Year Old / Special Releases 2025,Dailuaine,70cl / 54.3%,279.17,(£478.57 per litre),Speyside,,In Stock,https://www.thewhiskyexchange.com/p/85616/dailuaine-21-year-old-special-releases-2025,https://img.thewhiskyexchange.com/380/dlnob.21yo.jpg?v=202407241
2025-12-29 22:14:38,Single Malt,2516,Glenmorangie Signet,Glenmorangie,70cl / 46%,166.67,(£285.71 per litre),Highland,,In Stock,https://www.thewhiskyexchange.com/p/2516/glenmorangie-signet,https://img.thewhiskyexchange.com/380/gmgob.non4.jpg?v=202407241
2025-12-29 22:14:38,Single Malt,2036,Glenfarclas 12 Year Old,Glenfarclas,70cl / 43%,48.75,(£83.57 per litre),Speyside,,In Stock,https://www.thewhiskyexchange.com/p/2036/glenfarclas-12-year-old,https://img.thewhiskyexchange.com/380/gfcob.12yov1.jpg?v=202407241
2025-12-29 22:14:38,Single Malt,86552,Orkney (HP) 2005 / 20 Year Old /  Cask #DRU17/A63 #2 / Signatory,Highland Park,70cl / 55.2%,120.83,(£207.14 per litre),Island,,In Stock,https://www.thewhiskyexchange.com/p/86552/orkney-hp-2005-20-year-old-cask-dru17a63-2-signatory,https://img.thewhiskyexchange.com/380/hlpsig2005v10.jpg?v=202407241
2025-12-29 22:14:38,Single Malt,82901,Highland Park 18 Year Old,Highland Park,70cl / 43%,114.17,(£195.71 per litre),Island,Special Offer: Free Highland Park Water Jug,In Stock,https://www.thewhiskyexchange.com/p/82901/highland-park-18-year-old,https://img.thewhiskyexchange.com/380/hlpob.18yov16.jpg?v=202407241
2025-12-29 22:14:38,Single Malt,72934,Smokehead Twisted Stout,Smokehead,70cl / 43%,37.46,(£64.21 per litre),Highland,,In Stock,https://www.thewhiskyexchange.com/p/72934/smokehead-twisted-stout,https://img.thewhiskyexchange.com/380/malts_smo7.jpg?v=202407241
2025-12-29 22:14:38,Single Malt,86151,Edradour 2003 / 22 Year Old / Amarone Cask / 200th Anniversary,Edradour,70cl / 50.8%,195.0,(£334.29 per litre),Highland,,In Stock,https://www.thewhiskyexchange.com/p/86151/edradour-2003-22-year-old-amarone-cask-200th-anniversary,https://img.thewhiskyexchange.com/380/edrob.2003v26.jpg?v=202407241
2025-12-29 22:14:38,Single Malt,69328,Talisker Distillers Edition,Talisker,70cl / 45.8%,62.46,(£107.07 per litre),Island,,In Stock,https://www.thewhiskyexchange.com/p/69328/talisker-distillers-edition,https://img.thewhiskyexchange.com/380/talob.non22.jpg?v=202407241
2025-12-29 22:14:38,Single Malt,86344,Bruichladdich 2001 / 22 Year Old / Sauternes Cask / Artful Dodger,Bruichladdich,50cl / 54.4%,122.5,(£294 per litre),Islay,,In Stock,https://www.thewhiskyexchange.com/p/86344/bruichladdich-2001-22-year-old-sauternes-cask-artful-dodger,https://img.thewhiskyexchange.com/380/bruart2001.jpg?v=202407241
2025-12-29 22:14:38,Single Malt,1629,Caol Ila Moch,Caol Ila,70cl / 43%,53.29,(£91.36 per litre),Islay,,In Stock,https://www.thewhiskyexchange.com/p/1629/caol-ila-moch,https://img.thewhiskyexchange.com/380/cilob.non2.jpg?v=202407241
2025-12-29 22:14:38,Single Malt,72150,Bruichladdich Bere Barley 2013,Bruichladdich,70cl / 50%,81.88,(£140.36 per litre),Islay,,In Stock,https://www.thewhiskyexchange.com/p/72150/bruichladdich-bere-barley-2013,https://img.thewhiskyexchange.com/380/bruob.2013v1.jpg?v=202407241
2025-12-29 22:14:38,Single Malt,67087,Glenlivet 25 Year Old / The Sample Room Collection,Glenlivet,70cl / 43%,375.0,(£642.86 per litre),Speyside,,In Stock,https://www.thewhiskyexchange.com/p/67087/glenlivet-25-year-old-the-sample-room-collection,https://img.thewhiskyexchange.com/380/glvob.25yov6.jpg?v=202407241
2025-12-29 22:14:38,Single Malt,72868,Lagg Corriecravie / Oloroso Finish,Lagg ,70cl / 55%,52.29,(£89.64 per litre),Island,,In Stock,https://www.thewhiskyexchange.com/p/72868/lagg-corriecravie-oloroso-finish,https://img.thewhiskyexchange.com/380/lagob.non3.jpg?v=202407241
2025-12-29 22:14:38,Single Malt,84183,Ardnamurchan AD Madeira Release 2025,Ardnamurchan,70cl / 52%,54.79,(£93.93 per litre),Highland,,In Stock,https://www.thewhiskyexchange.com/p/84183/ardnamurchan-ad-madeira-release-2025,https://img.thewhiskyexchange.com/380/amcob.non25.jpg?v=202407241
2025-12-29 22:14:41,Single Malt,28161,Talisker Skye,Talisker,70cl / 45.8%,41.04,(£70.36 per litre),Island,,In Stock,https://www.thewhiskyexchange.com/p/28161/talisker-skye,https://img.thewhiskyexchange.com/380/talob.non12.jpg?v=202407241
2025-12-29 22:14:41,Single Malt,85299,Glendronach 21 Year Old,Glendronach,70cl / 48%,191.67,(£328.57 per litre),Highland,,In Stock,https://www.thewhiskyexchange.com/p/85299/glendronach-21-year-old,https://img.thewhiskyexchange.com/380/grnob.21yov1.jpg?v=202407241
2025-12-29 22:14:41,Single Malt,26313,Ballechin 10 Year Old,Ballechin,70cl / 46%,43.54,(£74.64 per litre),Highland,,In Stock,https://www.thewhiskyexchange.com/p/26313/ballechin-10-year-old,https://img.thewhiskyexchange.com/380/blcob.10yo.jpg?v=202407241
2025-12-29 22:14:41,Single Malt,80590,Torabhaig Legacy Series Cnoc Na Moine,Torabhaig ,70cl / 46%,48.54,(£83.21 per litre),Island,,In Stock,https://www.thewhiskyexchange.com/p/80590/torabhaig-legacy-series-cnoc-na-moine,https://img.thewhiskyexchange.com/380/trbob.non3.jpg?v=202407241
2025-12-29 22:14:41,Single Malt,64213,Cragganmore 2009 Distillers Edition / Bot.2021,Cragganmore,70cl / 40%,58.29,(£99.93 per litre),Speyside,,In Stock,https://www.thewhiskyexchange.com/p/64213/cragganmore-2009-distillers-edition-bot2021,https://img.thewhiskyexchange.com/380/cgmob.2009.jpg?v=202407241
2025-12-29 22:14:41,Single Malt,80742,Kilchoman Batch Strength,Kilchoman,70cl / 57%,54.12,(£92.79 per litre),Islay,,In Stock,https://www.thewhiskyexchange.com/p/80742/kilchoman-batch-strength,https://img.thewhiskyexchange.com/380/kilob.non55.jpg?v=202407241
2025-12-29 22:14:41,Single Malt,55180,Aberlour 10 Year Old Forest Reserve,Aberlour,70cl / 40%,39.38,(£67.50 per litre),Speyside,,In Stock,https://www.thewhiskyexchange.com/p/55180/aberlour-10-year-old-forest-reserve,https://img.thewhiskyexchange.com/380/ablob.10yov14.jpg?v=202407241
2025-12-29 22:14:41,Single Malt,41208,Glenmorangie A Tale of Ice Cream,Glenmorangie,70cl / 43%,60.62,(£103.93 per litre),Highland,,In Stock,https://www.thewhiskyexchange.com/p/41208/glenmorangie-a-tale-of-ice-cream,https://img.thewhiskyexchange.com/380/gmgob.non45.jpg?v=202407241
2025-12-29 22:14:41,Single Malt,73226,Strathmill 12 Year Old / Flora & Fauna,Strathmill,70cl / 43%,50.62,(£86.79 per litre),Speyside,,In Stock,https://www.thewhiskyexchange.com/p/73226/strathmill-12-year-old-flora-fauna,https://img.thewhiskyexchange.com/380/strob.12yo.jpg?v=202407241
2025-12-29 22:14:41,Single Malt,71109,Lochlea Sowing Edition / Second Crop,Lochlea,70cl / 46%,40.62,(£69.64 per litre),Lowland,,In Stock,https://www.thewhiskyexchange.com/p/71109/lochlea-sowing-edition-second-crop,https://img.thewhiskyexchange.com/380/lolob.non7.jpg?v=202407241
2025-12-29 22:14:41,Single Malt,73750,Glenmorangie The Nectar 16 Year Old,Glenmorangie,70cl / 46%,67.08,(£115 per litre),Highland,,In Stock,https://www.thewhiskyexchange.com/p/73750/glenmorangie-the-nectar-16-year-old,https://img.thewhiskyexchange.com/380/gmgob.16yov1.jpg?v=202407241
2025-12-29 22:14:41,Single Malt,12052,Singleton of Dufftown 15 Year Old,Dufftown,70cl / 40%,42.71,(£73.21 per litre),Speyside,,In Stock,https://www.thewhiskyexchange.com/p/12052/singleton-of-dufftown-15-year-old,https://img.thewhiskyexchange.com/380/dufob.15yov1.jpg?v=202407241
2025-12-29 22:14:41,Single Malt,5586,Ileach Peaty,Ileach,70cl / 40%,28.12,(£48.21 per litre),Islay,,In Stock,https://www.thewhiskyexchange.com/p/5586/ileach-peaty,https://img.thewhiskyexchange.com/380/malts_ile2.jpg?v=202407241
2025-12-29 22:14:41,Single Malt,57767,Lagavulin 8 Year Old,Lagavulin,70cl / 48%,53.75,(£92.14 per litre),Islay,,In Stock,https://www.thewhiskyexchange.com/p/57767/lagavulin-8-year-old,https://img.thewhiskyexchange.com/380/lgvob.08yov1.jpg?v=202407241
2025-12-29 22:14:41,Single Malt,86697,Royal Brackla 2014 / 11 Year Old / Signatory 100 Proof Edition 67,Royal Brackla,70cl / 57.1%,39.12,(£67.07 per litre),Highland,,In Stock,https://www.thewhiskyexchange.com/p/86697/royal-brackla-2014-11-year-old-signatory-100-proof-edition-67,https://img.thewhiskyexchange.com/380/rblsig2014v1.jpg?v=202407241
2025-12-29 22:14:41,Single Malt,16805,Glenfiddich Malt Master's Edition / Sherry Cask Finish,Glenfiddich,70cl / 43%,47.29,(£73.93 per litre),Speyside,Special Offer: £5 Off!,In Stock,https://www.thewhiskyexchange.com/p/16805/glenfiddich-malt-masters-edition-sherry-cask-finish,https://img.thewhiskyexchange.com/380/gfdob.non22.jpg?v=202407241
2025-12-29 22:14:41,Single Malt,33286,Bunnahabhain Abhainn Araig / Feis Ile 2022,Bunnahabhain,70cl / 50.8%,81.25,(£139.29 per litre),Islay,,In Stock,https://www.thewhiskyexchange.com/p/33286/bunnahabhain-abhainn-araig-feis-ile-2022,https://img.thewhiskyexchange.com/380/bunob.non7.jpg?v=202407241
2025-12-29 22:14:41,Single Malt,16650,Dalmore Cigar Malt Reserve,Dalmore,70cl / 44%,93.33,(£160 per litre),Highland,,In Stock,https://www.thewhiskyexchange.com/p/16650/dalmore-cigar-malt-reserve,https://img.thewhiskyexchange.com/380/dlmob.non10.jpg?v=202407241
2025-12-29 22:14:41,Single Malt,82864,Glenfiddich 12 Year Old / Our American Oak / Kosher Certified,Glenfiddich,70cl / 40%,40.21,(£68.93 per litre),Speyside,,In Stock,https://www.thewhiskyexchange.com/p/82864/glenfiddich-12-year-old-our-american-oak-kosher-certified,https://img.thewhiskyexchange.com/380/gfdob.12yov18.jpg?v=202407241
2025-12-29 22:14:41,Single Malt,81450,Laphroaig 18 Year Old,Laphroaig,70cl / 48%,145.0,(£248.57 per litre),Islay,,In Stock,https://www.thewhiskyexchange.com/p/81450/laphroaig-18-year-old,https://img.thewhiskyexchange.com/380/lrgob.18yov3.jpg?v=202407241
2025-12-29 22:14:41,Single Malt,71200,Lindores Abbey Bourbon Cask / Casks of Lindores II,Lindores Abbey,70cl / 49.4%,48.75,(£83.57 per litre),Lowland,,In Stock,https://www.thewhiskyexchange.com/p/71200/lindores-abbey-bourbon-cask-casks-of-lindores-ii,https://img.thewhiskyexchange.com/380/linob.non7.jpg?v=202407241
2025-12-29 22:14:41,Single Malt,12603,Glenmorangie Lasanta 12 Year Old / Sherry Cask Finish,Glenmorangie,70cl / 43%,43.54,(£74.64 per litre),Highland,,In Stock,https://www.thewhiskyexchange.com/p/12603/glenmorangie-lasanta-12-year-old-sherry-cask-finish,https://img.thewhiskyexchange.com/380/gmgob.12yov5.jpg?v=202407241
2025-12-29 22:14:41,Single Malt,73136,Glenwyvis 2019 Batch1 / 3 Year Old,GlenWyvis,70cl / 46.5%,46.04,(£78.93 per litre),Highland,,In Stock,https://www.thewhiskyexchange.com/p/73136/glenwyvis-2019-batch1-3-year-old,https://img.thewhiskyexchange.com/380/gwvob.2019.jpg?v=202407241
2025-12-29 22:14:41,Single Malt,57104,Glenlivet 12 Year Old First-fill American Oak / 200th Anniversary,Glenlivet,70cl / 43%,44.58,(£76.43 per litre),Speyside,,In Stock,https://www.thewhiskyexchange.com/p/57104/glenlivet-12-year-old-first-fill-american-oak-200th-anniversary,https://img.thewhiskyexchange.com/380/glvob.12yov39.jpg?v=202407241
2025-12-29 22:14:44,Single Malt,68800,Glen Keith 1993 / 29 Year Old / Signatory for The Whisky Exchange,Glen Keith,70cl / 54.3%,251.67,(£431.43 per litre),Speyside,,In Stock,https://www.thewhiskyexchange.com/p/68800/glen-keith-1993-29-year-old-signatory-for-the-whisky-exchange,https://img.thewhiskyexchange.com/380/gktsig1993v1.jpg?v=202407241
2025-12-29 22:14:44,Single Malt,85814,Glenturret 10 Year Old Peat Smoked / 2025 Release,Glenturret,70cl / 46.6%,55.21,(£94.64 per litre),Highland,,In Stock,https://www.thewhiskyexchange.com/p/85814/glenturret-10-year-old-peat-smoked-2025-release,https://img.thewhiskyexchange.com/380/gtuob.10yov7.jpg?v=202407241
2025-12-29 22:14:44,Single Malt,67089,Ardbeg The Three Monsters of Smoke Trio Pack / 3x20cl,Ardbeg,60cl / 46.7%,38.29,(£76.58 per litre),Islay,,In Stock,https://www.thewhiskyexchange.com/p/67089/ardbeg-the-three-monsters-of-smoke-trio-pack-3x20cl,https://img.thewhiskyexchange.com/380/sets_abg2.jpg?v=202407241
2025-12-29 22:14:44,Single Malt,36417,Talisker Dark Storm / Litre,Talisker,100cl / 45.8%,72.71,,Island,,In Stock,https://www.thewhiskyexchange.com/p/36417/talisker-dark-storm-litre,https://img.thewhiskyexchange.com/380/talob.non16.jpg?v=202407241
2025-12-29 22:14:44,Single Malt,3686,Ileach Cask Strength,Ileach,70cl / 58%,41.25,(£70.71 per litre),Islay,,In Stock,https://www.thewhiskyexchange.com/p/3686/ileach-cask-strength,https://img.thewhiskyexchange.com/380/malts_ile1.jpg?v=202407241
2025-12-29 22:14:44,Single Malt,86231,Benriach 2015 / 9 Year Old / Barbadillo Oloroso Sherry / Gleann Mor Rare Find,Benriach,70cl / 55.1%,52.92,(£90.71 per litre),Speyside,,In Stock,https://www.thewhiskyexchange.com/p/86231/benriach-2015-9-year-old-barbadillo-oloroso-sherry-gleann-mor-rare-find,https://img.thewhiskyexchange.com/380/bnrglm2015.jpg?v=202407241
2025-12-29 22:14:44,Single Malt,39120,Kilchoman Sanaig / Small Bottle,Kilchoman,20cl / 46%,22.71,(£13.62 per 10cl),Islay,,In Stock,https://www.thewhiskyexchange.com/p/39120/kilchoman-sanaig-small-bottle,https://img.thewhiskyexchange.com/380/kilob.non25.jpg?v=202407241
2025-12-29 22:14:44,Single Malt,18916,Port Askaig Cask Strength Small Batch 2 / 2024 Release,Port Askaig,70cl / 59.1%,53.29,(£91.36 per litre),Islay,,In Stock,https://www.thewhiskyexchange.com/p/18916/port-askaig-cask-strength-small-batch-2-2024-release,https://img.thewhiskyexchange.com/380/malts_por10.jpg?v=202407241
2025-12-29 22:14:44,Single Malt,84345,Clynelish 14 Year Old / Servant / Household Series / Macbeth Act Two,Clynelish,70cl / 55.1%,116.67,(£200 per litre),Highland,,In Stock,https://www.thewhiskyexchange.com/p/84345/clynelish-14-year-old-servant-household-series-macbeth-act-two,https://img.thewhiskyexchange.com/380/clyed.14yo.jpg?v=202407241
2025-12-29 22:14:44,Single Malt,82435,Isle of Raasay The Dùn Cana / Sherry Quarter Cask,Isle of Raasay,70cl / 52%,67.08,(£115 per litre),Island,,In Stock,https://www.thewhiskyexchange.com/p/82435/isle-of-raasay-the-dun-cana-sherry-quarter-cask,https://img.thewhiskyexchange.com/380/raaob.non16.jpg?v=202407241
2025-12-29 22:14:44,Single Malt,86753,Inchgower 2011 / 13 Year Old  / Cask 101 / Signatory Cask Strength,Inchgower,70cl / 59.8%,58.54,(£100.36 per litre),Speyside,,In Stock,https://www.thewhiskyexchange.com/p/86753/inchgower-2011-13-year-old-cask-101-signatory-cask-strength,https://img.thewhiskyexchange.com/380/ingsig2011v5.jpg?v=202407241
2025-12-29 22:14:44,Single Malt,86698,Linkwood 2012 / 12 Year Old / Signatory 100 Proof Edition 68,Linkwood,70cl / 57.1%,41.04,(£70.36 per litre),Speyside,,In Stock,https://www.thewhiskyexchange.com/p/86698/linkwood-2012-12-year-old-signatory-100-proof-edition-68,https://img.thewhiskyexchange.com/380/lkwsig2012v8.jpg?v=202407241
2025-12-29 22:14:44,Single Malt,86696,Glen Ord 2016 / 9 Year Old / Signatory 100 Proof Edition 66,Glen Ord,70cl / 57.1%,39.12,(£67.07 per litre),Highland,,In Stock,https://www.thewhiskyexchange.com/p/86696/glen-ord-2016-9-year-old-signatory-100-proof-edition-66,https://img.thewhiskyexchange.com/380/godsig2016.jpg?v=202407241
2025-12-29 22:14:44,Single Malt,82653,Aberlour A'Bunadh Alba,Aberlour,70cl / 58.9%,82.71,(£126.07 per litre),Speyside,Special Offer: £11 Off!,In Stock,https://www.thewhiskyexchange.com/p/82653/aberlour-abunadh-alba,https://img.thewhiskyexchange.com/380/ablob.non63.jpg?v=202407241
2025-12-29 22:14:44,Single Malt,79997,Ledaig Triple Wood,Ledaig,70cl / 53.8%,72.71,(£110.36 per litre),Island,Special Offer: £10 Off!,In Stock,https://www.thewhiskyexchange.com/p/79997/ledaig-triple-wood,https://img.thewhiskyexchange.com/380/ldgob.non6.jpg?v=202407241
2025-12-29 22:14:44,Single Malt,70052,Bowmore 9 Year Old / Glass Set,Bowmore,70cl / 40%,63.96,(£81.07 per litre),Islay,Special Offer: £20 Off!,In Stock,https://www.thewhiskyexchange.com/p/70052/bowmore-9-year-old-glass-set,https://img.thewhiskyexchange.com/380/bowob.09yov1.jpg?v=202407241
2025-12-29 22:14:44,Single Malt,81191,Kilchoman Sauternes Cask / 2024 Release,Kilchoman,70cl / 50%,66.62,(£114.21 per litre),Islay,,In Stock,https://www.thewhiskyexchange.com/p/81191/kilchoman-sauternes-cask-2024-release,https://img.thewhiskyexchange.com/380/kilob.non57.jpg?v=202407241
2025-12-29 22:14:44,Single Malt,82126,Johnny Cree Single Malt,Johnny Cree,70cl / 40%,20.62,(£35.36 per litre),Lowland,,In Stock,https://www.thewhiskyexchange.com/p/82126/johnny-cree-single-malt,https://img.thewhiskyexchange.com/380/malts_joh1.jpg?v=202407241
2025-12-29 22:14:44,Single Malt,81581,Glenallachie 12 Year Old Sauternes Finish / UK Exclusive,Glenallachie,70cl / 48%,49.12,(£84.21 per litre),Speyside,,In Stock,https://www.thewhiskyexchange.com/p/81581/glenallachie-12-year-old-sauternes-finish-uk-exclusive,https://img.thewhiskyexchange.com/380/gleob.12yov9.jpg?v=202407241
2025-12-29 22:14:44,Single Malt,86650,Kildalton 2003 / 22 Year Old / Milroy's Vintage Reserve,Ardbeg,70cl / 53.7%,231.67,(£397.14 per litre),Islay,,In Stock,https://www.thewhiskyexchange.com/p/86650/kildalton-2003-22-year-old-milroys-vintage-reserve,https://img.thewhiskyexchange.com/380/abgmil2003.jpg?v=202407241
2025-12-29 22:14:44,Single Malt,34586,Glen Moray Sherry Cask Finish,Glen Moray,70cl / 40%,23.29,(£39.93 per litre),Speyside,,In Stock,https://www.thewhiskyexchange.com/p/34586/glen-moray-sherry-cask-finish,https://img.thewhiskyexchange.com/380/gmyob.non7.jpg?v=202407241
2025-12-29 22:14:44,Single Malt,82548,Ardnahoe 5 Year Old Cask Strength,Ardnahoe,70cl / 60.9%,57.71,(£98.93 per litre),Islay,,In Stock,https://www.thewhiskyexchange.com/p/82548/ardnahoe-5-year-old-cask-strength,https://img.thewhiskyexchange.com/380/anhob.05yov1.jpg?v=202407241
2025-12-29 22:14:44,Single Malt,82001,Glen Moray Phoenix Rising / Charred Oak Casks,Glen Moray,70cl / 40%,28.12,(£48.21 per litre),Speyside,,In Stock,https://www.thewhiskyexchange.com/p/82001/glen-moray-phoenix-rising-charred-oak-casks,https://img.thewhiskyexchange.com/380/gmyob.non23.jpg?v=202407241
2025-12-29 22:14:44,Single Malt,81623,Glen Keith 1998 / 22 Year Old / Cask #69720 / Distillery Reserve Collection,Glen Keith,50cl / 56.1%,138.33,(£332 per litre),Speyside,,In Stock,https://www.thewhiskyexchange.com/p/81623/glen-keith-1998-22-year-old-cask-69720-distillery-reserve-collection,https://img.thewhiskyexchange.com/380/gktob.1998.jpg?v=202407241
2025-12-29 22:14:49,Single Malt,85986,Ardbeg Traigh Bhan 19 Year Old / Batch 7,Ardbeg,70cl / 50.3%,193.33,(£331.43 per litre),Islay,,In Stock,https://www.thewhiskyexchange.com/p/85986/ardbeg-traigh-bhan-19-year-old-batch-7,https://img.thewhiskyexchange.com/380/abgob.19yov6.jpg?v=202407241
2025-12-29 22:14:49,Single Malt,68147,Macallan Classic Cut 2022 Release,Macallan,70cl / 52.5%,133.33,(£228.57 per litre),Speyside,,In Stock,https://www.thewhiskyexchange.com/p/68147/macallan-classic-cut-2022-release,https://img.thewhiskyexchange.com/380/macob.non172.jpg?v=202407241
2025-12-29 22:14:49,Single Malt,50663,Tamnavulin Sherry Edition,Tamnavulin,70cl / 40%,32.46,(£55.64 per litre),Speyside,,In Stock,https://www.thewhiskyexchange.com/p/50663/tamnavulin-sherry-edition,https://img.thewhiskyexchange.com/380/tmnob.non4.jpg?v=202407241
2025-12-29 22:14:49,Single Malt,72899,Benromach Contrasts: Peat Smoke Bourbon 2012,Benromach,70cl / 46%,46.46,(£71.07 per litre),Speyside,Special Offer: £6 Off!,In Stock,https://www.thewhiskyexchange.com/p/72899/benromach-contrasts-peat-smoke-bourbon-2012,https://img.thewhiskyexchange.com/380/brmob.2012v7.jpg?v=202407241
2025-12-29 22:14:49,Single Malt,56714,Lagavulin 10 Year Old,Lagavulin,70cl / 43%,78.75,(£135 per litre),Islay,,In Stock,https://www.thewhiskyexchange.com/p/56714/lagavulin-10-year-old,https://img.thewhiskyexchange.com/380/lgvob.10yo.jpg?v=202407241
2025-12-29 22:14:49,Single Malt,85951,Glengoyne 2007 / 17 Year Old  / First Editions,Glengoyne,70cl / 56.8%,87.5,(£150 per litre),Highland,,In Stock,https://www.thewhiskyexchange.com/p/85951/glengoyne-2007-17-year-old-first-editions,https://img.thewhiskyexchange.com/380/ggofe.2007.jpg?v=202407241
2025-12-29 22:14:49,Single Malt,85945,Blair Athol 2011 / 11 Year Old / Old Malt Cask,Blair Athol,70cl / 50%,60.79,(£104.21 per litre),Highland,,In Stock,https://www.thewhiskyexchange.com/p/85945/blair-athol-2011-11-year-old-old-malt-cask,https://img.thewhiskyexchange.com/380/blaomc2011v1.jpg?v=202407241
2025-12-29 22:14:49,Single Malt,81249,Berry Bros & Rudd 16 Year Old Speyside Single Malt / Traditional Cask,Undisclosed Distillery,70cl / 48.2%,85.83,(£147.14 per litre),Speyside,,In Stock,https://www.thewhiskyexchange.com/p/81249/berry-bros-rudd-16-year-old-speyside-single-malt-traditional-cask,https://img.thewhiskyexchange.com/380/malts_bbr16yo.jpg?v=202407241
2025-12-29 22:14:49,Single Malt,72920,Port Askaig 17 Year Old / 2023 Release,Port Askaig,70cl / 50.5%,102.5,(£175.71 per litre),Islay,,In Stock,https://www.thewhiskyexchange.com/p/72920/port-askaig-17-year-old-2023-release,https://img.thewhiskyexchange.com/380/malts_por17yo.jpg?v=202407241
2025-12-29 22:14:49,Single Malt,85503,Bunnahabhain 2008 / 15 Year Old / Duncan Taylor,Bunnahabhain,70cl / 54.6%,83.29,(£142.79 per litre),Islay,,In Stock,https://www.thewhiskyexchange.com/p/85503/bunnahabhain-2008-15-year-old-duncan-taylor,https://img.thewhiskyexchange.com/380/bundt.2008v3.jpg?v=202407241
2025-12-29 22:14:49,Single Malt,84731,Dalmore Luminary No.3 / 17 Year Old / 2025 Edition,Dalmore,70cl / 49.2%,229.17,(£392.86 per litre),Highland,,In Stock,https://www.thewhiskyexchange.com/p/84731/dalmore-luminary-no3-17-year-old-2025-edition,https://img.thewhiskyexchange.com/380/dlmob.17yo.jpg?v=202407241
2025-12-29 22:14:49,Single Malt,66886,Glenrothes 31 Year Old / Single Malts of Scotland Marriage of Casks,Glenrothes,70cl / 53.2%,445.83,(£764.29 per litre),Speyside,,In Stock,https://www.thewhiskyexchange.com/p/66886/glenrothes-31-year-old-single-malts-of-scotland-marriage-of-casks,https://img.thewhiskyexchange.com/380/grsed.31yo.jpg?v=202407241
2025-12-29 22:14:49,Single Malt,54399,Aberlour Triple Cask,Aberlour,70cl / 40%,54.38,(£93.21 per litre),Speyside,,In Stock,https://www.thewhiskyexchange.com/p/54399/aberlour-triple-cask,https://img.thewhiskyexchange.com/380/ablob.non48.jpg?v=202407241
2025-12-29 22:14:49,Single Malt,29984,Finlaggan Old Reserve / Small Batch / Islay Malt,Finlaggan,70cl / 40%,34.12,(£58.50 per litre),Islay,,In Stock,https://www.thewhiskyexchange.com/p/29984/finlaggan-old-reserve-small-batch-islay-malt,https://img.thewhiskyexchange.com/380/malts_fin6.jpg?v=202407241
2025-12-29 22:14:49,Single Malt,81516,Ben Nevis 2013 / 10 Year Old / Billy Abbott / Whisky Show 2024,Ben Nevis,70cl / 60.2%,59.96,(£102.79 per litre),Highland,,In Stock,https://www.thewhiskyexchange.com/p/81516/ben-nevis-2013-10-year-old-billy-abbott-whisky-show-2024,https://img.thewhiskyexchange.com/380/bnvtwe2013v2.jpg?v=202407241
2025-12-29 22:14:49,Single Malt,55178,Laphroaig 10 Year Old Cask Strength / Batch 012 / Bot.2020,Laphroaig,70cl / 60.1%,83.29,(£142.79 per litre),Islay,,In Stock,https://www.thewhiskyexchange.com/p/55178/laphroaig-10-year-old-cask-strength-batch-012-bot2020,https://img.thewhiskyexchange.com/380/lrgob.10yov76.jpg?v=202407241
2025-12-29 22:14:49,Single Malt,85290,Glentauchers 2009 / 16 Year Old / 100 Proof Exceptional Edition 11 / Signatory,Glentauchers,70cl / 57.1%,61.88,(£106.07 per litre),Speyside,,In Stock,https://www.thewhiskyexchange.com/p/85290/glentauchers-2009-16-year-old-100-proof-exceptional-edition-11-signatory,https://img.thewhiskyexchange.com/380/gtasig2009v1.jpg?v=202407241
2025-12-29 22:14:49,Single Malt,85286,Mannochmore 2014 / 11 Year Old / 100 Proof Edition 51 / Signatory,Mannochmore,70cl / 57.1%,39.12,(£67.07 per litre),Speyside,,In Stock,https://www.thewhiskyexchange.com/p/85286/mannochmore-2014-11-year-old-100-proof-edition-51-signatory,https://img.thewhiskyexchange.com/380/mnmsig2014.jpg?v=202407241
2025-12-29 22:14:49,Single Malt,81515,Ben Nevis 2013 / 10 Year Old / Alex Huskinson / Whisky Show 2024,Ben Nevis,70cl / 60.2%,59.96,(£102.79 per litre),Highland,,In Stock,https://www.thewhiskyexchange.com/p/81515/ben-nevis-2013-10-year-old-alex-huskinson-whisky-show-2024,https://img.thewhiskyexchange.com/380/bnvtwe2013v1.jpg?v=202407241
2025-12-29 22:14:49,Single Malt,33706,Tomatin 18 Year Old / Oloroso Sherry Finish,Tomatin,70cl / 46%,91.67,(£157.14 per litre),Highland,,In Stock,https://www.thewhiskyexchange.com/p/33706/tomatin-18-year-old-oloroso-sherry-finish,https://img.thewhiskyexchange.com/380/tomob.18yov2.jpg?v=202407241
2025-12-29 22:14:49,Single Malt,67540,Smokehead Unfiltered,Smokehead,70cl / 46%,33.54,(£57.50 per litre),Islay,,In Stock,https://www.thewhiskyexchange.com/p/67540/smokehead-unfiltered,https://img.thewhiskyexchange.com/380/malts_smo6.jpg?v=202407241
2025-12-29 22:14:49,Single Malt,85779,Lochlea Smoke Without Fire / Single Estate Collection,Lochlea,70cl / 46%,40.79,(£69.93 per litre),Lowland,,In Stock,https://www.thewhiskyexchange.com/p/85779/lochlea-smoke-without-fire-single-estate-collection,https://img.thewhiskyexchange.com/380/lolob.non19.jpg?v=202407241
2025-12-29 22:14:49,Single Malt,4840,Talisker 18 Year Old,Talisker,70cl / 45.8%,190.83,(£327.14 per litre),Island,,In Stock,https://www.thewhiskyexchange.com/p/4840/talisker-18-year-old,https://img.thewhiskyexchange.com/380/talob.18yo.jpg?v=202407241
2025-12-29 22:14:49,Single Malt,82626,Auchroisk 2012 / 11 Year Old / Amarone Cask / Signatory for The Whisky Exchange,Auchroisk,70cl / 58.5%,70.79,(£121.36 per litre),Speyside,,In Stock,https://www.thewhiskyexchange.com/p/82626/auchroisk-2012-11-year-old-amarone-cask-signatory-for-the-whisky-exchange,https://img.thewhiskyexchange.com/380/auksig2012.jpg?v=202407241
2025-12-29 22:14:54,Single Malt,79728,Miltonduff 2003 / 20 Year Old / Cask 63397 / Lost In Time Series,Miltonduff,70cl / 49%,237.5,(£407.14 per litre),Speyside,,In Stock,https://www.thewhiskyexchange.com/p/79728/miltonduff-2003-20-year-old-cask-63397-lost-in-time-series,https://img.thewhiskyexchange.com/380/mtdob.2003.jpg?v=202407241
2025-12-29 22:14:54,Single Malt,45300,Mortlach 16 Year Old / Distiller's Dram,Mortlach,70cl / 43.4%,108.33,(£185.71 per litre),Speyside,,In Stock,https://www.thewhiskyexchange.com/p/45300/mortlach-16-year-old-distillers-dram,https://img.thewhiskyexchange.com/380/mtlob.16yo.jpg?v=202407241
2025-12-29 22:14:54,Single Malt,85961,Glenmorangie 25 Year Old The Altus,Glenmorangie,70cl / 43%,416.67,(£714.29 per litre),Highland,,In Stock,https://www.thewhiskyexchange.com/p/85961/glenmorangie-25-year-old-the-altus,https://img.thewhiskyexchange.com/380/gmgob.25yov9.jpg?v=202407241
2025-12-29 22:14:54,Single Malt,79748,Bruichladdich 18 Year Old,Bruichladdich,70cl / 50%,122.5,(£210 per litre),Islay,,In Stock,https://www.thewhiskyexchange.com/p/79748/bruichladdich-18-year-old,https://img.thewhiskyexchange.com/380/bruob.18yov4.jpg?v=202407241
2025-12-29 22:14:54,Single Malt,79715,Ardbeg Traigh Bhan 19 Year Old / Batch 5,Ardbeg,70cl / 46.2%,207.5,(£355.71 per litre),Islay,,In Stock,https://www.thewhiskyexchange.com/p/79715/ardbeg-traigh-bhan-19-year-old-batch-5,https://img.thewhiskyexchange.com/380/abgob.19yov4.jpg?v=202407241
2025-12-29 22:14:54,Single Malt,81610,Blair Athol 2007 / 16 Year Old / The Seasons: Winter / The Whisky Exchange,Blair Athol,70cl / 55.1%,91.67,(£157.14 per litre),Highland,,In Stock,https://www.thewhiskyexchange.com/p/81610/blair-athol-2007-16-year-old-the-seasons-winter-the-whisky-exchange,https://img.thewhiskyexchange.com/380/blatwe2007.jpg?v=202407241
2025-12-29 22:14:54,Single Malt,84888,Glendullan 2009 / 15 Year Old / Cask 9 / Signatory Cask Strength,Glendullan,70cl / 55.6%,65.21,(£111.79 per litre),Speyside,,In Stock,https://www.thewhiskyexchange.com/p/84888/glendullan-2009-15-year-old-cask-9-signatory-cask-strength,https://img.thewhiskyexchange.com/380/gdlsig2009v2.jpg?v=202407241
2025-12-29 22:14:54,Single Malt,80559,Glenallachie 9 Year Old Amontillado Sherry Cask Finish / The Wood Collection,Glenallachie,70cl / 48%,43.75,(£75 per litre),Speyside,,In Stock,https://www.thewhiskyexchange.com/p/80559/glenallachie-9-year-old-amontillado-sherry-cask-finish-the-wood-collection,https://img.thewhiskyexchange.com/380/gleob.09yov2.jpg?v=202407241
2025-12-29 22:14:54,Single Malt,86437,Adelphi's Islay 10 Year Old (Caol Ila),Caol Ila,70cl / 46%,41.62,(£71.36 per litre),Islay,,In Stock,https://www.thewhiskyexchange.com/p/86437/adelphis-islay-10-year-old-caol-ila,https://img.thewhiskyexchange.com/380/ciladl10yo.jpg?v=202407241
2025-12-29 22:14:54,Single Malt,86397,Kilchoman 11 Year Old 100% Islay / Sherry Cask Matured,Kilchoman,70cl / 50%,66.25,(£113.57 per litre),Islay,,In Stock,https://www.thewhiskyexchange.com/p/86397/kilchoman-11-year-old-100-islay-sherry-cask-matured,https://img.thewhiskyexchange.com/380/kilob.11yo.jpg?v=202407241
2025-12-29 22:14:54,Single Malt,84456,Kilchoman Loch Gorm / 2025 Release,Kilchoman,70cl / 46%,62.46,(£107.07 per litre),Islay,,In Stock,https://www.thewhiskyexchange.com/p/84456/kilchoman-loch-gorm-2025-release,https://img.thewhiskyexchange.com/380/kilob.non61.jpg?v=202407241
2025-12-29 22:14:54,Single Malt,3683,Finlaggan Cask Strength Islay Malt,Finlaggan,70cl / 58%,49.79,(£85.36 per litre),Islay,,In Stock,https://www.thewhiskyexchange.com/p/3683/finlaggan-cask-strength-islay-malt,https://img.thewhiskyexchange.com/380/malts_fin3.jpg?v=202407241
2025-12-29 22:14:54,Single Malt,86547,Ardmore 2011 / 14 Year Old / Signatory 100 Proof Edition 62,Ardmore,70cl / 57.1%,40.42,(£69.29 per litre),Highland,,In Stock,https://www.thewhiskyexchange.com/p/86547/ardmore-2011-14-year-old-signatory-100-proof-edition-62,https://img.thewhiskyexchange.com/380/ardsig2011v3.jpg?v=202407241
2025-12-29 22:14:54,Single Malt,56564,Cragganmore 2007 Distillers Edition / Bot.2019,Cragganmore,70cl / 40%,64.12,(£109.93 per litre),Speyside,,In Stock,https://www.thewhiskyexchange.com/p/56564/cragganmore-2007-distillers-edition-bot2019,https://img.thewhiskyexchange.com/380/cgmob.2007.jpg?v=202407241
2025-12-29 22:14:54,Single Malt,66882,Ardnamurchan AD Single Malt,Ardnamurchan,70cl / 46.8%,40.21,(£68.93 per litre),Highland,,In Stock,https://www.thewhiskyexchange.com/p/66882/ardnamurchan-ad-single-malt,https://img.thewhiskyexchange.com/380/amcob.non14.jpg?v=202407241
2025-12-29 22:14:54,Single Malt,4937,Tomintoul 10 Year Old,Tomintoul,70cl / 40%,31.88,(£54.64 per litre),Speyside,,In Stock,https://www.thewhiskyexchange.com/p/4937/tomintoul-10-year-old,https://img.thewhiskyexchange.com/380/tmtob.10yov1.jpg?v=202407241
2025-12-29 22:14:54,Single Malt,19675,Tullibardine 225 / Sauternes Finish,Tullibardine,70cl / 43%,35.21,(£60.36 per litre),Highland,,In Stock,https://www.thewhiskyexchange.com/p/19675/tullibardine-225-sauternes-finish,https://img.thewhiskyexchange.com/380/tulob.non3.jpg?v=202407241
2025-12-29 22:14:54,Single Malt,63743,Laphroaig 10 Year Old Cask Strength / Batch 014 / Bot.2021,Laphroaig,70cl / 58.6%,60.79,(£104.21 per litre),Islay,,In Stock,https://www.thewhiskyexchange.com/p/63743/laphroaig-10-year-old-cask-strength-batch-014-bot2021,https://img.thewhiskyexchange.com/380/lrgob.10yov84.jpg?v=202407241
2025-12-29 22:14:54,Single Malt,82547,Kilchoman Port Cask Matured / 2024 Edition,Kilchoman,70cl / 50%,66.62,(£114.21 per litre),Islay,,In Stock,https://www.thewhiskyexchange.com/p/82547/kilchoman-port-cask-matured-2024-edition,https://img.thewhiskyexchange.com/380/kilob.non59.jpg?v=202407241
2025-12-29 22:14:54,Single Malt,82298,Glen Scotia 14 Year Old / Icons of Campbeltown Release No.2,Glen Scotia,70cl / 56.8%,77.46,(£132.79 per litre),Campbeltown,,In Stock,https://www.thewhiskyexchange.com/p/82298/glen-scotia-14-year-old-icons-of-campbeltown-release-no2,https://img.thewhiskyexchange.com/380/gstob.14yov1.jpg?v=202407241
2025-12-29 22:14:54,Single Malt,82020,Kilchoman 100% Islay / 9 Year Old / Bot.2024 / 14th Edition,Kilchoman,70cl / 50%,62.08,(£106.43 per litre),Islay,,In Stock,https://www.thewhiskyexchange.com/p/82020/kilchoman-100-islay-9-year-old-bot2024-14th-edition,https://img.thewhiskyexchange.com/380/kilob.non58.jpg?v=202407241
2025-12-29 22:14:54,Single Malt,81613,Caol Ila 2014 / 9 Year Old / The Seasons: Spring,Caol Ila,70cl / 59.9%,62.46,(£107.07 per litre),Islay,,In Stock,https://www.thewhiskyexchange.com/p/81613/caol-ila-2014-9-year-old-the-seasons-spring,https://img.thewhiskyexchange.com/380/ciltwe2014v2.jpg?v=202407241
2025-12-29 22:14:54,Single Malt,70297,Ardnamurchan 2016 / 5 Year Old / The Whisky Exchange,Ardnamurchan,70cl / 53.1%,62.46,(£107.07 per litre),Highland,,In Stock,https://www.thewhiskyexchange.com/p/70297/ardnamurchan-2016-5-year-old-the-whisky-exchange,https://img.thewhiskyexchange.com/380/amctwe2016.jpg?v=202407241
2025-12-29 22:14:54,Single Malt,26248,Ardmore Legacy,Ardmore,70cl / 40%,21.62,(£37.07 per litre),Highland,,In Stock,https://www.thewhiskyexchange.com/p/26248/ardmore-legacy,https://img.thewhiskyexchange.com/380/ardob.non1.jpg?v=202407241
2025-12-29 22:14:58,Blended,552,Johnnie Walker Blue Label,Johnnie Walker,70cl / 40%,140.83,(£210 per litre),Blended Scotch Whisky,Special Offer: £22 Off!,In Stock,https://www.thewhiskyexchange.com/p/552/johnnie-walker-blue-label,https://img.thewhiskyexchange.com/380/blend_joh84.jpg?v=202407241
2025-12-29 22:14:58,Blended,57218,Johnnie Walker Gold Label Reserve / Glass Set,Johnnie Walker,70cl / 40%,47.71,(£56.07 per litre),Blended Scotch Whisky,Special Offer: £18 Off!,In Stock,https://www.thewhiskyexchange.com/p/57218/johnnie-walker-gold-label-reserve-glass-set,https://img.thewhiskyexchange.com/380/blend_joh248.jpg?v=202407241
2025-12-29 22:14:58,Blended,46949,Johnnie Walker Sweet Peat,Johnnie Walker,50cl / 40.8%,29.96,(£45.90 per litre),Blended Scotch Whisky,Special Offer: £13 Off!,In Stock,https://www.thewhiskyexchange.com/p/46949/johnnie-walker-sweet-peat,https://img.thewhiskyexchange.com/380/blend_joh222.jpg?v=202407241
2025-12-29 22:14:58,Blended,61892,Johnnie Walker Gold Label Cracker Pack,Johnnie Walker,20cl / 40%,8.29,(£4.98 per 10cl),Blended Scotch Whisky,,In Stock,https://www.thewhiskyexchange.com/p/61892/johnnie-walker-gold-label-cracker-pack,https://img.thewhiskyexchange.com/380/blend_joh257.jpg?v=202407241
2025-12-29 22:14:58,Blended,33092,Dimple Gold Selection,Dimple,70cl / 40%,30.42,(£45 per litre),Blended Scotch Whisky,Special Offer: £5 Off!,In Stock,https://www.thewhiskyexchange.com/p/33092/dimple-gold-selection,https://img.thewhiskyexchange.com/380/blend_dim53.jpg?v=202407241
2025-12-29 22:14:58,Blended,20000,Chivas Regal 18 Year Old Pininfarina Level 1,Chivas Regal,70cl / 40%,165.83,(£284.29 per litre),Blended Scotch Whisky,,In Stock,https://www.thewhiskyexchange.com/p/20000/chivas-regal-18-year-old-pininfarina-level-1,https://img.thewhiskyexchange.com/380/blend_chi36.jpg?v=202407241
2025-12-29 22:14:58,Blended,433,Black & White,Black & White,70cl / 40%,21.04,(£31.79 per litre),Blended Scotch Whisky,Special Offer: £3 Off!,In Stock,https://www.thewhiskyexchange.com/p/433/black-white,https://img.thewhiskyexchange.com/380/blend_bla4.jpg?v=202407241
2025-12-29 22:14:58,Blended,82475,Johnnie Walker Blue Label Diwali Edition / Exclusive to The Whisky Exchange,Johnnie Walker,70cl / 40%,143.33,(£245.71 per litre),Blended Scotch Whisky,,In Stock,https://www.thewhiskyexchange.com/p/82475/johnnie-walker-blue-label-diwali-edition-exclusive-to-the-whisky-exchange,https://img.thewhiskyexchange.com/380/blend_joh291.jpg?v=202407241
2025-12-29 22:14:58,Blended,71642,Royal Salute 21 Year Old The Miami Polo Edition,Royal Salute,70cl / 40%,179.17,(£307.14 per litre),Blended Scotch Whisky,,In Stock,https://www.thewhiskyexchange.com/p/71642/royal-salute-21-year-old-the-miami-polo-edition,https://img.thewhiskyexchange.com/380/blend_roy21yov3.jpg?v=202407241
2025-12-29 22:14:58,Blended,544,J&B Rare,J&B,70cl / 40%,21.04,(£36.07 per litre),Blended Scotch Whisky,,In Stock,https://www.thewhiskyexchange.com/p/544/jb-rare,https://img.thewhiskyexchange.com/380/blend_j!b1.jpg?v=202407241
2025-12-29 22:14:58,Blended,62603,Dewar's Double Double 21 Year Old,Dewar's,50cl / 46%,116.67,(£280 per litre),Blended Scotch Whisky,,In Stock,https://www.thewhiskyexchange.com/p/62603/dewars-double-double-21-year-old,https://img.thewhiskyexchange.com/380/blend_dew21yo.jpg?v=202407241
2025-12-29 22:14:58,Blended,72732,Ballantine’s 7 Year Old American Barrel x RZA Limited Edition,Ballantine's,70cl / 40%,31.62,(£54.21 per litre),Blended Scotch Whisky,,In Stock,https://www.thewhiskyexchange.com/p/72732/ballantines-7-year-old-american-barrel-x-rza-limited-edition,https://img.thewhiskyexchange.com/380/blend_bal07yov1.jpg?v=202407241
2025-12-29 22:14:58,Blended,550,Johnnie Walker Black Label 12 Year Old,Johnnie Walker,70cl / 40%,26.04,(£44.64 per litre),Blended Scotch Whisky,,In Stock,https://www.thewhiskyexchange.com/p/550/johnnie-walker-black-label-12-year-old,https://img.thewhiskyexchange.com/380/blend_joh1.jpg?v=202407241
2025-12-29 22:14:58,Blended,63501,Johnnie Walker Black Ruby,Johnnie Walker,70cl / 40%,31.04,(£53.21 per litre),Blended Scotch Whisky,,In Stock,https://www.thewhiskyexchange.com/p/63501/johnnie-walker-black-ruby,https://img.thewhiskyexchange.com/380/blend_joh316.jpg?v=202407241
2025-12-29 22:14:58,Blended,21216,Johnnie Walker Blue Label / Small Bottle,Johnnie Walker,20cl / 40%,58.29,(£34.98 per 10cl),Blended Scotch Whisky,,In Stock,https://www.thewhiskyexchange.com/p/21216/johnnie-walker-blue-label-small-bottle,https://img.thewhiskyexchange.com/380/blend_joh134.jpg?v=202407241
2025-12-29 22:14:58,Blended,81827,Royal Salute 21 Year Old Signature Blend,Royal Salute,70cl / 40%,158.33,(£271.43 per litre),Blended Scotch Whisky,,In Stock,https://www.thewhiskyexchange.com/p/81827/royal-salute-21-year-old-signature-blend,https://img.thewhiskyexchange.com/380/blend_roy21yov8.jpg?v=202407241
2025-12-29 22:14:58,Blended,71563,Maclean's Nose Blended Scotch Whisky,Maclean's Nose,70cl / 46%,27.08,(£46.43 per litre),Blended Scotch Whisky,,In Stock,https://www.thewhiskyexchange.com/p/71563/macleans-nose-blended-scotch-whisky,https://img.thewhiskyexchange.com/380/blend_mac27.jpg?v=202407241
2025-12-29 22:14:58,Blended,459,Cutty Sark,Cutty Sark,70cl / 40%,19.96,(£34.21 per litre),Blended Scotch Whisky,,In Stock,https://www.thewhiskyexchange.com/p/459/cutty-sark,https://img.thewhiskyexchange.com/380/blend_cut1.jpg?v=202407241
2025-12-29 22:14:58,Blended,5329,Pig's Nose,Pig's Nose,70cl / 40%,19.12,(£32.79 per litre),Blended Scotch Whisky,,In Stock,https://www.thewhiskyexchange.com/p/5329/pigs-nose,https://img.thewhiskyexchange.com/380/blend_pig1.jpg?v=202407241
2025-12-29 22:14:58,Blended,47977,Ballantine's Finest True Music Icons Elton John Edition,Ballantine's,70cl / 40%,21.25,(£36.43 per litre),Blended Scotch Whisky,,In Stock,https://www.thewhiskyexchange.com/p/47977/ballantines-finest-true-music-icons-elton-john-edition,https://img.thewhiskyexchange.com/380/blend_bal93.jpg?v=202407241
2025-12-29 22:14:58,Blended,72478,Grand Old Parr 12 Year Old / Litre,Old Parr,100cl / 40%,48.29,,Blended Scotch Whisky,,In Stock,https://www.thewhiskyexchange.com/p/72478/grand-old-parr-12-year-old-litre,https://img.thewhiskyexchange.com/380/blend_par12yo.jpg?v=202407241
2025-12-29 22:14:58,Blended,649,Te Bheag,Té Bheag,70cl / 40%,28.75,(£49.29 per litre),Blended Scotch Whisky,,In Stock,https://www.thewhiskyexchange.com/p/649/te-bheag,https://img.thewhiskyexchange.com/380/blend_teb1.jpg?v=202407241
2025-12-29 22:14:58,Blended,448,Chivas Regal 12 Year Old,Chivas Regal,70cl / 40%,20.21,(£34.64 per litre),Blended Scotch Whisky,,In Stock,https://www.thewhiskyexchange.com/p/448/chivas-regal-12-year-old,https://img.thewhiskyexchange.com/380/blend_chi1.jpg?v=202407241
2025-12-29 22:14:58,Blended,67623,Cutty Sark 12 Year Old,Cutty Sark,70cl / 40%,26.46,(£45.36 per litre),Blended Scotch Whisky,,In Stock,https://www.thewhiskyexchange.com/p/67623/cutty-sark-12-year-old,https://img.thewhiskyexchange.com/380/blend_cut12yo.jpg?v=202407241
2025-12-29 22:15:02,Blended,64986,Chivas Regal 18 Year Old / Gift Box,Chivas Regal,70cl / 40%,61.62,(£105.64 per litre),Blended Scotch Whisky,,In Stock,https://www.thewhiskyexchange.com/p/64986/chivas-regal-18-year-old-gift-box,https://img.thewhiskyexchange.com/380/blend_chi18yo.jpg?v=202407241
2025-12-29 22:15:02,Blended,68124,Johnnie Walker 18 Year Old,Johnnie Walker,70cl / 40%,76.25,(£117.86 per litre),Blended Scotch Whisky,Special Offer: £9 Off!,In Stock,https://www.thewhiskyexchange.com/p/68124/johnnie-walker-18-year-old,https://img.thewhiskyexchange.com/380/blend_joh18yov2.jpg?v=202407241
2025-12-29 22:15:02,Blended,72610,Ballantine's Finest True Music Icons Queen Edition,Ballantine's,70cl / 40%,20.79,(£35.64 per litre),Blended Scotch Whisky,,In Stock,https://www.thewhiskyexchange.com/p/72610/ballantines-finest-true-music-icons-queen-edition,https://img.thewhiskyexchange.com/380/blend_bal118.jpg?v=202407241
2025-12-29 22:15:02,Blended,29625,Cutty Sark Prohibition,Cutty Sark,70cl / 50%,23.75,(£40.71 per litre),Blended Scotch Whisky,,In Stock,https://www.thewhiskyexchange.com/p/29625/cutty-sark-prohibition,https://img.thewhiskyexchange.com/380/blend_cut22.jpg?v=202407241
2025-12-29 22:15:02,Blended,84137,Johnnie Walker Blue Label x Rahul Mishra 2025 Limited Edition,Johnnie Walker,70cl / 40%,180.0,(£308.57 per litre),Blended Scotch Whisky,,In Stock,https://www.thewhiskyexchange.com/p/84137/johnnie-walker-blue-label-x-rahul-mishra-2025-limited-edition,https://img.thewhiskyexchange.com/380/blend_joh405.jpg?v=202407241
2025-12-29 22:15:02,Blended,60030,Dewar's 8 Year Old Caribbean Smooth,Dewar's,70cl / 40%,24.38,(£41.79 per litre),Blended Scotch Whisky,,In Stock,https://www.thewhiskyexchange.com/p/60030/dewars-8-year-old-caribbean-smooth,https://img.thewhiskyexchange.com/380/blend_dew08yo.jpg?v=202407241
2025-12-29 22:15:02,Blended,423,Bell's Original,Bell's,70cl / 40%,16.62,(£28.50 per litre),Blended Scotch Whisky,,In Stock,https://www.thewhiskyexchange.com/p/423/bells-original,https://img.thewhiskyexchange.com/380/blend_bel1.jpg?v=202407241
2025-12-29 22:15:02,Blended,43112,James Eadie Trade Mark X,James Eadie,70cl / 45.6%,26.62,(£45.64 per litre),Blended Scotch Whisky,,In Stock,https://www.thewhiskyexchange.com/p/43112/james-eadie-trade-mark-x,https://img.thewhiskyexchange.com/380/blend_ead1.jpg?v=202407241
2025-12-29 22:15:02,Blended,18213,The Big Ben,Big Ben,50cl / 40%,19.58,(£47 per litre),Blended Scotch Whisky,,In Stock,https://www.thewhiskyexchange.com/p/18213/the-big-ben,https://img.thewhiskyexchange.com/380/blend_big2.jpg?v=202407241
2025-12-29 22:15:02,Blended,429,Black Bottle,Black Bottle,70cl / 40%,18.75,(£32.14 per litre),Blended Scotch Whisky,,In Stock,https://www.thewhiskyexchange.com/p/429/black-bottle,https://img.thewhiskyexchange.com/380/blend_bla1.jpg?v=202407241
2025-12-29 22:15:02,Blended,27930,Robert Burns Blend / Arran,Robert Burns (Arran),70cl / 40%,21.04,(£36.07 per litre),Blended Scotch Whisky,,In Stock,https://www.thewhiskyexchange.com/p/27930/robert-burns-blend-arran,https://img.thewhiskyexchange.com/380/blend_arr1.jpg?v=202407241
2025-12-29 22:15:02,Blended,17271,Johnnie Walker Gold Label Reserve,Johnnie Walker,70cl / 40%,42.08,(£72.14 per litre),Blended Scotch Whisky,,In Stock,https://www.thewhiskyexchange.com/p/17271/johnnie-walker-gold-label-reserve,https://img.thewhiskyexchange.com/380/blend_joh104.jpg?v=202407241
2025-12-29 22:15:02,Blended,562,Johnnie Walker Red Label,Johnnie Walker,70cl / 40%,19.38,(£33.21 per litre),Blended Scotch Whisky,,In Stock,https://www.thewhiskyexchange.com/p/562/johnnie-walker-red-label,https://img.thewhiskyexchange.com/380/blend_joh2.jpg?v=202407241
2025-12-29 22:15:02,Blended,65706,White Heather 15 Year Old,White Heather,70cl / 46%,42.08,(£72.14 per litre),Blended Scotch Whisky,,In Stock,https://www.thewhiskyexchange.com/p/65706/white-heather-15-year-old,https://img.thewhiskyexchange.com/380/blend_whi15yo.jpg?v=202407241
2025-12-29 22:15:02,Blended,86585,Chivas Regal 18 Year Old Pininfarina Level 2 with 2 Glasses,Chivas Regal,70cl / 40%,125.0,(£214.29 per litre),Blended Scotch Whisky,,In Stock,https://www.thewhiskyexchange.com/p/86585/chivas-regal-18-year-old-pininfarina-level-2-with-2-glasses,https://img.thewhiskyexchange.com/380/blend_chi18yov4.jpg?v=202407241
2025-12-29 22:15:02,Blended,28714,Hankey Bannister Original,Hankey Bannister,70cl / 40%,17.92,(£30.71 per litre),Blended Scotch Whisky,,In Stock,https://www.thewhiskyexchange.com/p/28714/hankey-bannister-original,https://img.thewhiskyexchange.com/380/blend_han7.jpg?v=202407241
2025-12-29 22:15:02,Blended,68489,Personalised 42 Year Old Blended Scotch / Sherry Cask,Various,70cl / 46.6%,249.17,(£427.14 per litre),Blended Scotch Whisky,,In Stock,https://www.thewhiskyexchange.com/p/68489/personalised-42-year-old-blended-scotch-sherry-cask,https://img.thewhiskyexchange.com/380/blend_twe42yo.jpg?v=202407241
2025-12-29 22:15:02,Blended,80102,Isle of Skye 12 Year Old Blended Whisky,Isle of Skye,70cl / 40%,27.46,(£47.07 per litre),Blended Scotch Whisky,,In Stock,https://www.thewhiskyexchange.com/p/80102/isle-of-skye-12-year-old-blended-whisky,https://img.thewhiskyexchange.com/380/blend_isl12yo.jpg?v=202407241
2025-12-29 22:15:02,Blended,15667,Johnnie Walker Double Black,Johnnie Walker,70cl / 40%,31.04,(£53.21 per litre),Blended Scotch Whisky,,In Stock,https://www.thewhiskyexchange.com/p/15667/johnnie-walker-double-black,https://img.thewhiskyexchange.com/380/blend_joh88.jpg?v=202407241
2025-12-29 22:15:02,Blended,12092,Famous Grouse / Small Bottle,Famous Grouse,20cl / 40%,5.79,(£3.48 per 10cl),Blended Scotch Whisky,,In Stock,https://www.thewhiskyexchange.com/p/12092/famous-grouse-small-bottle,https://img.thewhiskyexchange.com/380/blend_fam17.jpg?v=202407241
2025-12-29 22:15:02,Blended,72481,Dewar's 12 Year Old,Dewar's,70cl / 40%,31.62,(£54.21 per litre),Blended Scotch Whisky,,In Stock,https://www.thewhiskyexchange.com/p/72481/dewars-12-year-old,https://img.thewhiskyexchange.com/380/blend_dew12yov1.jpg?v=202407241
2025-12-29 22:15:02,Blended,17555,Peter Dawson Special / Bot.1980s,Dawson's,37.5cl / 40%,8.29,(£26.53 per litre),Blended Scotch Whisky,,In Stock,https://www.thewhiskyexchange.com/p/17555/peter-dawson-special-bot1980s,https://img.thewhiskyexchange.com/380/blend_daw3.jpg?v=202407241
2025-12-29 22:15:02,Blended,82394,Royal Salute 21 Year Old Harris Reed Edition / Pink Flagon,Royal Salute,70cl / 40%,208.33,(£357.14 per litre),Blended Scotch Whisky,,In Stock,https://www.thewhiskyexchange.com/p/82394/royal-salute-21-year-old-harris-reed-edition-pink-flagon,https://img.thewhiskyexchange.com/380/blend_roy21yov9.jpg?v=202407241
2025-12-29 22:15:02,Blended,80106,Isle of Skye 30 Year Old Blended Whisky,Isle of Skye,70cl / 40%,249.17,(£427.14 per litre),Blended Scotch Whisky,,In Stock,https://www.thewhiskyexchange.com/p/80106/isle-of-skye-30-year-old-blended-whisky,https://img.thewhiskyexchange.com/380/blend_isl30yo.jpg?v=202407241
2025-12-29 22:15:05,Blended,81207,Antiquary 15 Year Old / Claret Cask Matured,Antiquary,70cl / 40%,32.08,(£55 per litre),Blended Scotch Whisky,,In Stock,https://www.thewhiskyexchange.com/p/81207/antiquary-15-year-old-claret-cask-matured,https://img.thewhiskyexchange.com/380/blend_ant15yov1.jpg?v=202407241
2025-12-29 22:15:05,Blended,86586,Chivas Regal 18 Year Old / Pininfarina Gift Box,Chivas Regal,70cl / 40%,62.46,(£107.07 per litre),Blended Scotch Whisky,,In Stock,https://www.thewhiskyexchange.com/p/86586/chivas-regal-18-year-old-pininfarina-gift-box,https://img.thewhiskyexchange.com/380/blend_chi18yov5.jpg?v=202407241
2025-12-29 22:15:05,Blended,17070,MacNaMara Rum Cask Finish Blended Scotch Whisky,MacNaMara,70cl / 40%,26.04,(£44.64 per litre),Blended Scotch Whisky,,In Stock,https://www.thewhiskyexchange.com/p/17070/macnamara-rum-cask-finish-blended-scotch-whisky,https://img.thewhiskyexchange.com/380/blend_mac10.jpg?v=202407241
2025-12-29 22:15:05,Blended,72812,Black Bottle Captains Cask,Black Bottle,70cl / 46.3%,22.92,(£39.29 per litre),Blended Scotch Whisky,,In Stock,https://www.thewhiskyexchange.com/p/72812/black-bottle-captains-cask,https://img.thewhiskyexchange.com/380/blend_bla95.jpg?v=202407241
2025-12-29 22:15:05,Blended,63476,Chivas Regal Extra 13 Year Old / Sherry Cask Matured,Chivas Regal,70cl / 40%,29.38,(£50.36 per litre),Blended Scotch Whisky,,In Stock,https://www.thewhiskyexchange.com/p/63476/chivas-regal-extra-13-year-old-sherry-cask-matured,https://img.thewhiskyexchange.com/380/blend_chi13yo.jpg?v=202407241
2025-12-29 22:15:05,Blended,81208,Antiquary 21 Year Old / Port Cask Finish,Antiquary,70cl / 40%,78.54,(£134.64 per litre),Blended Scotch Whisky,,In Stock,https://www.thewhiskyexchange.com/p/81208/antiquary-21-year-old-port-cask-finish,https://img.thewhiskyexchange.com/380/blend_ant21yo.jpg?v=202407241
2025-12-29 22:15:05,Blended,68254,Compass Box Ultramarine,Compass Box,70cl / 51%,182.5,(£312.86 per litre),Blended Scotch Whisky,,In Stock,https://www.thewhiskyexchange.com/p/68254/compass-box-ultramarine,https://img.thewhiskyexchange.com/380/blend_com14.jpg?v=202407241
2025-12-29 22:15:05,Blended,80103,Isle of Skye 18 Year Old Blended Whisky,Isle of Skye,70cl / 40%,60.79,(£89.93 per litre),Blended Scotch Whisky,Special Offer: £10 Off!,In Stock,https://www.thewhiskyexchange.com/p/80103/isle-of-skye-18-year-old-blended-whisky,https://img.thewhiskyexchange.com/380/blend_isl18yo.jpg?v=202407241
2025-12-29 22:15:05,Blended,84676,Royal Salute 21 Year Old / The Rio de Janeiro Polo Edition,Royal Salute,70cl / 40%,179.17,(£307.14 per litre),Blended Scotch Whisky,,In Stock,https://www.thewhiskyexchange.com/p/84676/royal-salute-21-year-old-the-rio-de-janeiro-polo-edition,https://img.thewhiskyexchange.com/380/blend_roy21yov10.jpg?v=202407241
2025-12-29 22:15:05,Blended,82550,Woven Homemade Whisky / Sherried Scotch Blend,Woven,70cl / 46.4%,36.25,(£62.14 per litre),Blended Scotch Whisky,,In Stock,https://www.thewhiskyexchange.com/p/82550/woven-homemade-whisky-sherried-scotch-blend,https://img.thewhiskyexchange.com/380/blend_wov21.jpg?v=202407241
2025-12-29 22:15:05,Blended,419,Ballantine's Finest,Ballantine's,70cl / 40%,19.79,(£33.93 per litre),Blended Scotch Whisky,,In Stock,https://www.thewhiskyexchange.com/p/419/ballantines-finest,https://img.thewhiskyexchange.com/380/blend_bal5.jpg?v=202407241
2025-12-29 22:15:05,Blended,60013,Ballantine's 23 Year Old,Ballantine's,70cl / 40%,195.0,(£334.29 per litre),Blended Scotch Whisky,,In Stock,https://www.thewhiskyexchange.com/p/60013/ballantines-23-year-old,https://img.thewhiskyexchange.com/380/blend_bal23yo.jpg?v=202407241
2025-12-29 22:15:05,Blended,80405,Chivas Regal 18 Year Old French Oak / Ultimate Cask Collection,Chivas Regal,100cl / 48%,125.0,,Blended Scotch Whisky,,In Stock,https://www.thewhiskyexchange.com/p/80405/chivas-regal-18-year-old-french-oak-ultimate-cask-collection,https://img.thewhiskyexchange.com/380/blend_chi18yov1.jpg?v=202407241
2025-12-29 22:15:05,Blended,80101,Isle of Skye 8 Year Old Blended Whisky,Isle of Skye,70cl / 40%,18.96,(£32.50 per litre),Blended Scotch Whisky,,In Stock,https://www.thewhiskyexchange.com/p/80101/isle-of-skye-8-year-old-blended-whisky,https://img.thewhiskyexchange.com/380/blend_isl08yo.jpg?v=202407241
2025-12-29 22:15:05,Blended,70354,Ballantine's 21 Year Old,Ballantine's,70cl / 40%,112.5,(£192.86 per litre),Blended Scotch Whisky,,In Stock,https://www.thewhiskyexchange.com/p/70354/ballantines-21-year-old,https://img.thewhiskyexchange.com/380/blend_bal21yo.jpg?v=202407241
2025-12-29 22:15:05,Blended,80667,Johnnie Walker Black Label 12 Year Old Sherry Finish,Johnnie Walker,70cl / 40%,40.42,(£69.29 per litre),Blended Scotch Whisky,,In Stock,https://www.thewhiskyexchange.com/p/80667/johnnie-walker-black-label-12-year-old-sherry-finish,https://img.thewhiskyexchange.com/380/blend_joh12yov3.jpg?v=202407241
2025-12-29 22:15:05,Blended,22211,Buchanan's Master,Buchanan's,75cl / 40%,81.25,(£130 per litre),Blended Scotch Whisky,,In Stock,https://www.thewhiskyexchange.com/p/22211/buchanans-master,https://img.thewhiskyexchange.com/380/blend_buc17.jpg?v=202407241
2025-12-29 22:15:05,Blended,83612,J&B 15 Year Old Reserve / Litre,J&B,100cl / 40%,62.46,,Blended Scotch Whisky,,In Stock,https://www.thewhiskyexchange.com/p/83612/jb-15-year-old-reserve-litre,https://img.thewhiskyexchange.com/380/blend_j!b15yo.jpg?v=202407241
2025-12-29 22:15:05,Blended,69891,Johnnie Walker Premier,Johnnie Walker,75cl / 43%,208.33,(£333.33 per litre),Blended Scotch Whisky,,In Stock,https://www.thewhiskyexchange.com/p/69891/johnnie-walker-premier,https://img.thewhiskyexchange.com/380/blend_joh280.jpg?v=202407241
2025-12-29 22:15:05,Blended,11576,Grant's Standfast / Bot.1970s,Grant's,75cl / 40%,66.62,(£106.60 per litre),Blended Scotch Whisky,,In Stock,https://www.thewhiskyexchange.com/p/11576/grants-standfast-bot1970s,https://img.thewhiskyexchange.com/380/blend_gra15.jpg?v=202407241
2025-12-29 22:15:05,Blended,71215,Hankey Bannister 21 Year Old / Batch 3,Hankey Bannister,70cl / 40%,97.5,(£167.14 per litre),Blended Scotch Whisky,,In Stock,https://www.thewhiskyexchange.com/p/71215/hankey-bannister-21-year-old-batch-3,https://img.thewhiskyexchange.com/380/blend_han21yo.jpg?v=202407241
2025-12-29 22:15:05,Blended,22100,Dimple Haig / Bot.1960s / Spring Cap,Dimple,75cl / 40%,187.5,(£300 per litre),Blended Scotch Whisky,,In Stock,https://www.thewhiskyexchange.com/p/22100/dimple-haig-bot1960s-spring-cap,https://img.thewhiskyexchange.com/380/blend_dim38.jpg?v=202407241
2025-12-29 22:15:05,Blended,24212,Haig's Gold Label / Bot.1950s / Spring Cap,Haig,75cl / 40%,208.33,(£333.33 per litre),Blended Scotch Whisky,,In Stock,https://www.thewhiskyexchange.com/p/24212/haigs-gold-label-bot1950s-spring-cap,https://img.thewhiskyexchange.com/380/blend_hai34.jpg?v=202407241
2025-12-29 22:15:05,Blended,338,Bell's Prince Henry (1984),Bell's,50cl / 40%,83.29,(£199.90 per litre),Blended Scotch Whisky,,In Stock,https://www.thewhiskyexchange.com/p/338/bells-prince-henry-1984,https://img.thewhiskyexchange.com/380/bells_hen1.jpg?v=202407241
2025-12-29 22:15:09,Blended,58758,Compass Box Artist Blend,Compass Box,70cl / 43%,33.29,(£57.07 per litre),Blended Scotch Whisky,,In Stock,https://www.thewhiskyexchange.com/p/58758/compass-box-artist-blend,https://img.thewhiskyexchange.com/380/blend_com5.jpg?v=202407241
2025-12-29 22:15:09,Blended,20483,Adelphi Private Stock Blended Whisky,Adelphi,70cl / 40%,22.29,(£38.21 per litre),Blended Scotch Whisky,,In Stock,https://www.thewhiskyexchange.com/p/20483/adelphi-private-stock-blended-whisky,https://img.thewhiskyexchange.com/380/blend_ade1.jpg?v=202407241
2025-12-29 22:15:09,Blended,32646,Orbital 8 Year Old / World Blend / Sherry Cask / Whisky Magazine,Orbital ,70cl / 46%,34.58,(£49.93 per litre),World Blends,Clearance Offer: £6.55 Off!,In Stock,https://www.thewhiskyexchange.com/p/32646/orbital-8-year-old-world-blend-sherry-cask-whisky-magazine,https://img.thewhiskyexchange.com/380/blend_orb2.jpg?v=202407241
2025-12-29 22:15:09,Blended,23911,Hankey Bannister Heritage Blend,Hankey Bannister,70cl / 46%,26.62,(£45.64 per litre),Blended Scotch Whisky,,In Stock,https://www.thewhiskyexchange.com/p/23911/hankey-bannister-heritage-blend,https://img.thewhiskyexchange.com/380/blend_han5.jpg?v=202407241
2025-12-29 22:15:09,Blended,86705,Old Parr 18 Year Old,Old Parr,75cl / 40%,62.46,(£99.93 per litre),Blended Scotch Whisky,,In Stock,https://www.thewhiskyexchange.com/p/86705/old-parr-18-year-old,https://img.thewhiskyexchange.com/380/blend_par18yo.jpg?v=202407241
2025-12-29 22:15:09,Blended,80225,Chivas Regal 15 Year Old XV / Gold Bottle,Chivas Regal,70cl / 40%,42.08,(£72.14 per litre),Blended Scotch Whisky,,In Stock,https://www.thewhiskyexchange.com/p/80225/chivas-regal-15-year-old-xv-gold-bottle,https://img.thewhiskyexchange.com/380/blend_chi15yo.jpg?v=202407241
2025-12-29 22:15:09,Blended,19605,Auld Alliance Whisky Armagnac Blend,Auld Alliance,70cl / 40%,187.5,(£321.43 per litre),Blended Scotch Whisky,,In Stock,https://www.thewhiskyexchange.com/p/19605/auld-alliance-whisky-armagnac-blend,https://img.thewhiskyexchange.com/380/blend_aul1.jpg?v=202407241
2025-12-29 22:15:09,Blended,21331,Haig & Haig 12 Year Old / Bot.1940s / Spring Cap,Haig,75cl / 43.4%,332.5,(£532 per litre),Blended Scotch Whisky,,In Stock,https://www.thewhiskyexchange.com/p/21331/haig-haig-12-year-old-bot1940s-spring-cap,https://img.thewhiskyexchange.com/380/blend_hai31.jpg?v=202407241
2025-12-29 22:15:09,Blended,8774,Old Parr 15 Year Old / Britain's Best Factory 1997,Old Parr,75cl / 43%,125.0,(£200 per litre),Blended Scotch Whisky,,In Stock,https://www.thewhiskyexchange.com/p/8774/old-parr-15-year-old-britains-best-factory-1997,https://img.thewhiskyexchange.com/380/blend_par13.jpg?v=202407241
2025-12-29 22:15:09,Blended,20001,Chivas Regal 18 Year Old Pininfarina Ice Drop Glass Pack,Chivas Regal,70cl / 40%,229.17,(£392.86 per litre),Blended Scotch Whisky,,In Stock,https://www.thewhiskyexchange.com/p/20001/chivas-regal-18-year-old-pininfarina-ice-drop-glass-pack,https://img.thewhiskyexchange.com/380/blend_chi37.jpg?v=202407241
2025-12-29 22:15:09,Blended,85900,Royal Salute 26 Year Old Kingdom Edition / Colheita Port Finish,Royal Salute,70cl / 40%,458.33,(£785.71 per litre),Blended Scotch Whisky,,In Stock,https://www.thewhiskyexchange.com/p/85900/royal-salute-26-year-old-kingdom-edition-colheita-port-finish,https://img.thewhiskyexchange.com/380/blend_roy26yo.jpg?v=202407241
2025-12-29 22:15:09,Blended,71810,Ardray Blended Scotch Whisky,Ardray,70cl / 48%,47.92,(£82.14 per litre),Blended Scotch Whisky,,In Stock,https://www.thewhiskyexchange.com/p/71810/ardray-blended-scotch-whisky,https://img.thewhiskyexchange.com/380/blend_ard1.jpg?v=202407241
2025-12-29 22:15:09,Blended,86587,Chivas Regal 18 Year Old American Oak / Ultimate Cask Collection 1,Chivas Regal,100cl / 48%,125.0,,Blended Scotch Whisky,,In Stock,https://www.thewhiskyexchange.com/p/86587/chivas-regal-18-year-old-american-oak-ultimate-cask-collection-1,https://img.thewhiskyexchange.com/380/blend_chi18yov6.jpg?v=202407241
2025-12-29 22:15:09,Blended,86434,Adelphi Private Stock Reserve Peated Blended Whisky,Adelphi,70cl / 46%,33.12,(£56.79 per litre),Blended Scotch Whisky,,In Stock,https://www.thewhiskyexchange.com/p/86434/adelphi-private-stock-reserve-peated-blended-whisky,https://img.thewhiskyexchange.com/380/blend_adl1.jpg?v=202407241
2025-12-29 22:15:09,Blended,86214,Chivas Regal 18 Year Old Margaux Wine Cask / Litre,Chivas Regal,100cl / 48%,104.17,,Blended Scotch Whisky,,In Stock,https://www.thewhiskyexchange.com/p/86214/chivas-regal-18-year-old-margaux-wine-cask-litre,https://img.thewhiskyexchange.com/380/blend_chi18yov3.jpg?v=202407241
2025-12-29 22:15:09,Blended,86164,J&B Jet / 15 Year Old / Bot.1990s,J&B,75cl / 43%,74.96,(£119.93 per litre),Blended Scotch Whisky,,In Stock,https://www.thewhiskyexchange.com/p/86164/jb-jet-15-year-old-bot1990s,https://img.thewhiskyexchange.com/380/blend_j!b15yov1.jpg?v=202407241
2025-12-29 22:15:09,Blended,85712,Whyte & Mackay 21 Year Old / Masters Reserve,Whyte & Mackay,70cl / 43%,165.83,(£284.29 per litre),Blended Scotch Whisky,,In Stock,https://www.thewhiskyexchange.com/p/85712/whyte-mackay-21-year-old-masters-reserve,https://img.thewhiskyexchange.com/380/blend_why66.jpg?v=202407241
2025-12-29 22:15:09,Blended,85681,Chivas Regal 18 Year Old / Bot.1990s,Chivas Regal,70cl / 40%,145.83,(£250 per litre),Blended Scotch Whisky,,In Stock,https://www.thewhiskyexchange.com/p/85681/chivas-regal-18-year-old-bot1990s,https://img.thewhiskyexchange.com/380/blend_chi116.jpg?v=202407241
2025-12-29 22:15:09,Blended,85550,Something Special / Bot.1980s,Something Special,75cl / 40%,125.0,(£200 per litre),Blended Scotch Whisky,,In Stock,https://www.thewhiskyexchange.com/p/85550/something-special-bot1980s,https://img.thewhiskyexchange.com/380/blend_som14.jpg?v=202407241
2025-12-29 22:15:09,Blended,85328,Johnnie Walker Masters of Flavour 48 Year Old,Johnnie Walker,70cl / 41.8%,15625.0,"(£26,785.71 per litre)",Blended Scotch Whisky,,In Stock,https://www.thewhiskyexchange.com/p/85328/johnnie-walker-masters-of-flavour-48-year-old,https://img.thewhiskyexchange.com/380/blend_joh48yo.jpg?v=202407241
2025-12-29 22:15:09,Blended,85327,Johnnie Walker Masters Ruby Reserve 40 Year Old,Johnnie Walker,70cl / 43%,11875.0,"(£20,357.14 per litre)",Blended Scotch Whisky,,In Stock,https://www.thewhiskyexchange.com/p/85327/johnnie-walker-masters-ruby-reserve-40-year-old,https://img.thewhiskyexchange.com/380/blend_joh40yo.jpg?v=202407241
2025-12-29 22:15:09,Blended,85310,John Player Special / Bot.1980s,John Player ,100cl / 40%,49.96,,Blended Scotch Whisky,,In Stock,https://www.thewhiskyexchange.com/p/85310/john-player-special-bot1980s,https://img.thewhiskyexchange.com/380/blend_joh347.jpg?v=202407241
2025-12-29 22:15:09,Blended,85256,Johnnie Walker Old Harmony / Bot.1980s,Johnnie Walker,75cl / 43%,249.17,(£398.67 per litre),Blended Scotch Whisky,,In Stock,https://www.thewhiskyexchange.com/p/85256/johnnie-walker-old-harmony-bot1980s,https://img.thewhiskyexchange.com/380/blend_joh346.jpg?v=202407241
2025-12-29 22:15:09,Blended,84935,Logan De Luxe / Bot.1970s,Logan ,100cl / 40%,125.0,,Blended Scotch Whisky,,In Stock,https://www.thewhiskyexchange.com/p/84935/logan-de-luxe-bot1970s,https://img.thewhiskyexchange.com/380/blend_log19.jpg?v=202407241
2025-12-29 22:15:13,Blended,85082,Lochside 1964 Single Blend / 61 Year Old / Duncan Taylor,Lochside,70cl / 45.8%,3437.5,"(£5,892.86 per litre)",Blended Scotch Whisky,,In Stock,https://www.thewhiskyexchange.com/p/85082/lochside-1964-single-blend-61-year-old-duncan-taylor,https://img.thewhiskyexchange.com/380/blend_lcs1964.jpg?v=202407241
2025-12-29 22:15:13,Blended,84660,Chivas The Queen's Award for Export 1995,Chivas,75cl / 43%,249.17,(£398.67 per litre),Blended Scotch Whisky,,In Stock,https://www.thewhiskyexchange.com/p/84660/chivas-the-queens-award-for-export-1995,https://img.thewhiskyexchange.com/380/blend_chi114.jpg?v=202407241
2025-12-29 22:15:13,Blended,84631,Tarot 3 The Empress Blended Scotch 2007 / 17 Year Old / North Star,North Star Spirits,70cl / 45.5%,41.62,(£71.36 per litre),Blended Scotch Whisky,,In Stock,https://www.thewhiskyexchange.com/p/84631/tarot-3-the-empress-blended-scotch-2007-17-year-old-north-star,https://img.thewhiskyexchange.com/380/blend_nss2007.jpg?v=202407241
2025-12-29 22:15:13,Blended,84320,Whyte & Mackay 21 Year Old / Gold Medallion / Bot.1980s,Whyte & Mackay,75cl / 43%,165.83,(£265.33 per litre),Blended Scotch Whisky,,In Stock,https://www.thewhiskyexchange.com/p/84320/whyte-mackay-21-year-old-gold-medallion-bot1980s,https://img.thewhiskyexchange.com/380/blend_why65.jpg?v=202407241
2025-12-29 22:15:13,Blended,83761,Ballantine's Gold Seal / 12 Year Old,Ballantine's,70cl / 40%,83.29,(£142.79 per litre),Blended Scotch Whisky,,In Stock,https://www.thewhiskyexchange.com/p/83761/ballantines-gold-seal-12-year-old,https://img.thewhiskyexchange.com/380/blend_bal132.jpg?v=202407241
2025-12-29 22:15:13,Blended,83502,Anchor Blend / Bot.1960s,Anchor,70cl / 40%,125.0,(£214.29 per litre),Blended Scotch Whisky,,In Stock,https://www.thewhiskyexchange.com/p/83502/anchor-blend-bot1960s,https://img.thewhiskyexchange.com/380/blend_anc1.jpg?v=202407241
2025-12-29 22:15:13,Blended,83135,Grand Old Parr De Luxe / Bot.1970s,Old Parr,100cl / 43%,145.83,,Blended Scotch Whisky,,In Stock,https://www.thewhiskyexchange.com/p/83135/grand-old-parr-de-luxe-bot1970s,https://img.thewhiskyexchange.com/380/blend_par56.jpg?v=202407241
2025-12-29 22:15:13,Blended,83134,Grand Old Parr De Luxe / Bot.1970s,Old Parr,113cl / 40%,145.83,(£154.87 per litre),Blended Scotch Whisky,,In Stock,https://www.thewhiskyexchange.com/p/83134/grand-old-parr-de-luxe-bot1970s,https://img.thewhiskyexchange.com/380/blend_par55.jpg?v=202407241
2025-12-29 22:15:13,Blended,83132,Ballantine's 12 Year Old / Bot.1980s,Ballantine's,75cl / 40%,112.5,(£180 per litre),Blended Scotch Whisky,,In Stock,https://www.thewhiskyexchange.com/p/83132/ballantines-12-year-old-bot1980s,https://img.thewhiskyexchange.com/380/blend_bal129.jpg?v=202407241
2025-12-29 22:15:13,Blended,83045,Bell's Royal Reserve 20 Year Old / Bot.1970s,Bell's,75cl / 43%,187.5,(£300 per litre),Blended Scotch Whisky,,In Stock,https://www.thewhiskyexchange.com/p/83045/bells-royal-reserve-20-year-old-bot1970s,https://img.thewhiskyexchange.com/380/blend_bel82.jpg?v=202407241
2025-12-29 22:15:13,Blended,83022,Chivas Imperial 18 Year Old / Bot.1990s,Chivas,70cl / 43%,165.83,(£284.29 per litre),Blended Scotch Whisky,,In Stock,https://www.thewhiskyexchange.com/p/83022/chivas-imperial-18-year-old-bot1990s,https://img.thewhiskyexchange.com/380/blend_chi113.jpg?v=202407241
2025-12-29 22:15:13,Blended,82996,Bell's Extra Special / Bot.1980s,Bell's,75cl / 40%,79.12,(£126.60 per litre),Blended Scotch Whisky,,In Stock,https://www.thewhiskyexchange.com/p/82996/bells-extra-special-bot1980s,https://img.thewhiskyexchange.com/380/blend_bel80.jpg?v=202407241
2025-12-29 22:15:13,Blended,82994,Bell's Extra Special / Bot.1970s,Bell's,100cl / 43%,125.0,,Blended Scotch Whisky,,In Stock,https://www.thewhiskyexchange.com/p/82994/bells-extra-special-bot1970s,https://img.thewhiskyexchange.com/380/blend_bel79.jpg?v=202407241
2025-12-29 22:15:13,Blended,82804,Old Parr Seasons Summer,Old Parr,50cl / 43%,104.17,(£250 per litre),Blended Scotch Whisky,,In Stock,https://www.thewhiskyexchange.com/p/82804/old-parr-seasons-summer,https://img.thewhiskyexchange.com/380/blend_par54.jpg?v=202407241
2025-12-29 22:15:13,Blended,82590,Whyte & Mackay 21 Year Old / Bot.1980s,Whyte & Mackay,75cl / 43%,165.83,(£265.33 per litre),Blended Scotch Whisky,,In Stock,https://www.thewhiskyexchange.com/p/82590/whyte-mackay-21-year-old-bot1980s,https://img.thewhiskyexchange.com/380/blend_why63.jpg?v=202407241
2025-12-29 22:15:13,Blended,82484,Ballantine's 17 Year Old / Bot.1980s,Ballantine's,75cl / 43%,208.33,(£333.33 per litre),Blended Scotch Whisky,,In Stock,https://www.thewhiskyexchange.com/p/82484/ballantines-17-year-old-bot1980s,https://img.thewhiskyexchange.com/380/blend_bal127.jpg?v=202407241
2025-12-29 22:15:13,Blended,82281,Whyte & Mackay 21 Year Old / Special Reserve / Bot.1980s,Whyte & Mackay,75cl / 43%,165.83,(£265.33 per litre),Blended Scotch Whisky,,In Stock,https://www.thewhiskyexchange.com/p/82281/whyte-mackay-21-year-old-special-reserve-bot1980s,https://img.thewhiskyexchange.com/380/blend_why62.jpg?v=202407241
2025-12-29 22:15:13,Blended,82466,Buchanan's Deluxe 12 Year Old / Litre,Buchanan's,100cl / 40%,48.96,,Blended Scotch Whisky,,In Stock,https://www.thewhiskyexchange.com/p/82466/buchanans-deluxe-12-year-old-litre,https://img.thewhiskyexchange.com/380/blend_buc12yo.jpg?v=202407241
2025-12-29 22:15:13,Blended,82252,William Lawson's 8 Year Old / Bot.1970s,William Lawson's,75cl / 43%,125.0,(£200 per litre),Blended Scotch Whisky,,In Stock,https://www.thewhiskyexchange.com/p/82252/william-lawsons-8-year-old-bot1970s,https://img.thewhiskyexchange.com/380/blend_law5.jpg?v=202407241
2025-12-29 22:15:13,Blended,82226,Big T 5 Year Old / Bot.1980s,Big T ,100cl / 40%,70.79,,Blended Scotch Whisky,,In Stock,https://www.thewhiskyexchange.com/p/82226/big-t-5-year-old-bot1980s,https://img.thewhiskyexchange.com/380/blend_big4.jpg?v=202407241
2025-12-29 22:15:13,Blended,82285,Ballantine's 19 Year Old Signature / Bot.1980s,Ballantine's,75cl / 43%,165.83,(£265.33 per litre),Blended Scotch Whisky,,In Stock,https://www.thewhiskyexchange.com/p/82285/ballantines-19-year-old-signature-bot1980s,https://img.thewhiskyexchange.com/380/blend_bal125.jpg?v=202407241
2025-12-29 22:15:13,Blended,82118,Johnnie Walker Blue Label Ice Chalet,Johnnie Walker,70cl / 43%,270.83,(£464.29 per litre),Blended Scotch Whisky,,In Stock,https://www.thewhiskyexchange.com/p/82118/johnnie-walker-blue-label-ice-chalet,https://img.thewhiskyexchange.com/380/blend_joh289.jpg?v=202407241
2025-12-29 22:15:13,Blended,82067,Dewar's Double Double 32 Year Old,Dewar's,50cl / 46%,341.67,(£820 per litre),Blended Scotch Whisky,,In Stock,https://www.thewhiskyexchange.com/p/82067/dewars-double-double-32-year-old,https://img.thewhiskyexchange.com/380/blend_dew32yo.jpg?v=202407241
2025-12-29 22:15:13,Blended,82066,Dewar's Double Double 27 Year Old,Dewar's,50cl / 46%,240.0,(£576 per litre),Blended Scotch Whisky,,In Stock,https://www.thewhiskyexchange.com/p/82066/dewars-double-double-27-year-old,https://img.thewhiskyexchange.com/380/blend_dew27yo.jpg?v=202407241
2025-12-29 22:15:17,Blended,81874,White Heather 8 Year Old / Bot.1980s,White Heather,75cl / 40%,145.83,(£233.33 per litre),Blended Scotch Whisky,,In Stock,https://www.thewhiskyexchange.com/p/81874/white-heather-8-year-old-bot1980s,https://img.thewhiskyexchange.com/380/blend_whi99.jpg?v=202407241
2025-12-29 22:15:17,Blended,81809,White Heather De Luxe / Bot.1970s,White Heather,75cl / 40%,145.83,(£233.33 per litre),Blended Scotch Whisky,,In Stock,https://www.thewhiskyexchange.com/p/81809/white-heather-de-luxe-bot1970s,https://img.thewhiskyexchange.com/380/blend_whi98.jpg?v=202407241
2025-12-29 22:15:17,Blended,81808,Big T / 5 Year Old / Bot.1970s,Big T ,75cl / 40%,83.29,(£133.27 per litre),Blended Scotch Whisky,,In Stock,https://www.thewhiskyexchange.com/p/81808/big-t-5-year-old-bot1970s,https://img.thewhiskyexchange.com/380/blend_big3.jpg?v=202407241
2025-12-29 22:15:17,Blended,81779,Royal Salute 21 Year Old Harris Reed Edition / Gold Flagon,Royal Salute,70cl / 40%,208.33,(£357.14 per litre),Blended Scotch Whisky,,In Stock,https://www.thewhiskyexchange.com/p/81779/royal-salute-21-year-old-harris-reed-edition-gold-flagon,https://img.thewhiskyexchange.com/380/blend_roy21yov7.jpg?v=202407241
2025-12-29 22:15:17,Blended,81767,Whyte & Mackay 18 Year Old / Founders Reserve / Bot.1980s,Whyte & Mackay,75cl / 43%,125.0,(£200 per litre),Blended Scotch Whisky,,In Stock,https://www.thewhiskyexchange.com/p/81767/whyte-mackay-18-year-old-founders-reserve-bot1980s,https://img.thewhiskyexchange.com/380/blend_why58.jpg?v=202407241
2025-12-29 22:15:17,Blended,81509,Ballantine's 12 Year Old / Litre / Bot.1980s,Ballantine's,100cl / 43%,145.83,,Blended Scotch Whisky,,In Stock,https://www.thewhiskyexchange.com/p/81509/ballantines-12-year-old-litre-bot1980s,https://img.thewhiskyexchange.com/380/blend_bal124.jpg?v=202407241
2025-12-29 22:15:17,Blended,81328,Johnnie Walker 15 Year Old / Gold Label / Bot.1990s,Johnnie Walker,75cl / 43%,416.67,(£666.67 per litre),Blended Scotch Whisky,,In Stock,https://www.thewhiskyexchange.com/p/81328/johnnie-walker-15-year-old-gold-label-bot1990s,https://img.thewhiskyexchange.com/380/blend_joh288.jpg?v=202407241
2025-12-29 22:15:17,Blended,81209,Antiquary 30 Year Old / Sherry Cask Finish,Antiquary,70cl / 40%,220.83,(£378.57 per litre),Blended Scotch Whisky,,In Stock,https://www.thewhiskyexchange.com/p/81209/antiquary-30-year-old-sherry-cask-finish,https://img.thewhiskyexchange.com/380/blend_ant30yo.jpg?v=202407241
2025-12-29 22:15:17,Blended,81274,Chivas Regal 25 Year Old,Chivas Regal,70cl / 40%,298.33,(£511.43 per litre),Blended Scotch Whisky,Special Offer: Free Pair of Chivas Cufflinks,In Stock,https://www.thewhiskyexchange.com/p/81274/chivas-regal-25-year-old,https://img.thewhiskyexchange.com/380/blend_chi25yo.jpg?v=202407241
2025-12-29 22:15:17,Blended,80812,Chivas Imperial 18 Year Old / Bot.1990s,Chivas,70cl / 43%,165.83,(£284.29 per litre),Blended Scotch Whisky,,In Stock,https://www.thewhiskyexchange.com/p/80812/chivas-imperial-18-year-old-bot1990s,https://img.thewhiskyexchange.com/380/blend_chi112.jpg?v=202407241
2025-12-29 22:15:17,Blended,80752,White Horse / Bot.1960s,White Horse,75.7cl / 43%,332.5,(£527.08 per litre),Blended Scotch Whisky,,In Stock,https://www.thewhiskyexchange.com/p/80752/white-horse-bot1960s,https://img.thewhiskyexchange.com/380/blend_whi97.jpg?v=202407241
2025-12-29 22:15:17,Blended,80701,House of Commons 12 Year Old / Bot.1980s,House of Commons,75cl / 40%,125.0,(£200 per litre),Blended Scotch Whisky,,In Stock,https://www.thewhiskyexchange.com/p/80701/house-of-commons-12-year-old-bot1980s,https://img.thewhiskyexchange.com/380/blend_hou12.jpg?v=202407241
2025-12-29 22:15:17,Blended,80658,Compass Box Celestial,Compass Box,70cl / 50%,237.5,(£407.14 per litre),Blended Scotch Whisky,,In Stock,https://www.thewhiskyexchange.com/p/80658/compass-box-celestial,https://img.thewhiskyexchange.com/380/blend_com18.jpg?v=202407241
2025-12-29 22:15:17,Blended,80624,Wildmoor 30 Year Old Rugged Coast,Wildmoor ,70cl / 42%,308.33,(£528.57 per litre),Blended Scotch Whisky,,In Stock,https://www.thewhiskyexchange.com/p/80624/wildmoor-30-year-old-rugged-coast,https://img.thewhiskyexchange.com/380/blend_wil30yo.jpg?v=202407241
2025-12-29 22:15:17,Blended,80396,Royal Salute 21 Year Old Peated Blend,Royal Salute,70cl / 40%,137.5,(£235.71 per litre),Blended Scotch Whisky,,In Stock,https://www.thewhiskyexchange.com/p/80396/royal-salute-21-year-old-peated-blend,https://img.thewhiskyexchange.com/380/blend_roy21yov6.jpg?v=202407241
2025-12-29 22:15:17,Blended,80218,Black & White / Bot.1970s,Black & White,75cl / 40%,100.0,(£160 per litre),Blended Scotch Whisky,,In Stock,https://www.thewhiskyexchange.com/p/80218/black-white-bot1970s,https://img.thewhiskyexchange.com/380/blend_bla98.jpg?v=202407241
2025-12-29 22:15:17,Blended,80141,Bell's 12 Year Old / Bot.1990s,Bell's,100cl / 43%,112.5,,Blended Scotch Whisky,,In Stock,https://www.thewhiskyexchange.com/p/80141/bells-12-year-old-bot1990s,https://img.thewhiskyexchange.com/380/blend_bel76.jpg?v=202407241
2025-12-29 22:15:17,Blended,80104,Isle of Skye 21 Year Old Blended Whisky,Isle of Skye,70cl / 40%,98.33,(£168.57 per litre),Blended Scotch Whisky,,In Stock,https://www.thewhiskyexchange.com/p/80104/isle-of-skye-21-year-old-blended-whisky,https://img.thewhiskyexchange.com/380/blend_isl21yo.jpg?v=202407241
2025-12-29 22:15:17,Blended,79936,The Scotsman 8 Year Old / Bot.1970s,The Scotsman,75cl / 40%,145.83,(£233.33 per litre),Blended Scotch Whisky,,In Stock,https://www.thewhiskyexchange.com/p/79936/the-scotsman-8-year-old-bot1970s,https://img.thewhiskyexchange.com/380/blend_sco14.jpg?v=202407241
2025-12-29 22:15:17,Blended,79788,Whyte & Mackay 18 Year Old / Founders Reserve,Whyte & Mackay,70cl / 40%,125.0,(£214.29 per litre),Blended Scotch Whisky,,In Stock,https://www.thewhiskyexchange.com/p/79788/whyte-mackay-18-year-old-founders-reserve,https://img.thewhiskyexchange.com/380/blend_why56.jpg?v=202407241
2025-12-29 22:15:17,Blended,79600,Buchanan's Deluxe / Bot.1950s / Spring Cap,Buchanan's,75cl / 43%,270.83,(£433.33 per litre),Blended Scotch Whisky,,In Stock,https://www.thewhiskyexchange.com/p/79600/buchanans-deluxe-bot1950s-spring-cap,https://img.thewhiskyexchange.com/380/blend_buc27.jpg?v=202407241
2025-12-29 22:15:17,Blended,79555,Compass Box Art & Decadence,Compass Box,70cl / 49%,120.83,(£207.14 per litre),Blended Scotch Whisky,,In Stock,https://www.thewhiskyexchange.com/p/79555/compass-box-art-decadence,https://img.thewhiskyexchange.com/380/blend_com17.jpg?v=202407241
2025-12-29 22:15:17,Blended,73565,Cutty Sark Centenary Edition 23 Year Old,Cutty Sark,70cl / 52.2%,715.83,"(£1,227.14 per litre)",Blended Scotch Whisky,,In Stock,https://www.thewhiskyexchange.com/p/73565/cutty-sark-centenary-edition-23-year-old,https://img.thewhiskyexchange.com/380/blend_cut23yo.jpg?v=202407241
2025-12-29 22:15:17,Blended,73549,Dimple / Bot.1950s / Spring Cap,Dimple,75cl / 40%,208.33,(£333.33 per litre),Blended Scotch Whisky,,In Stock,https://www.thewhiskyexchange.com/p/73549/dimple-bot1950s-spring-cap,https://img.thewhiskyexchange.com/380/blend_dim67.jpg?v=202407241
2025-12-29 22:15:23,Blended,73599,Johnnie Walker 18 Year Old Gold Label / Bot.1990s,Johnnie Walker,100cl / 43%,165.83,,Blended Scotch Whisky,,In Stock,https://www.thewhiskyexchange.com/p/73599/johnnie-walker-18-year-old-gold-label-bot1990s,https://img.thewhiskyexchange.com/380/blend_joh284.jpg?v=202407241
2025-12-29 22:15:23,Blended,73336,Ballantine's 12 Year Old / Bot.1980s,Ballantine's,75cl / 43%,112.5,(£180 per litre),Blended Scotch Whisky,,In Stock,https://www.thewhiskyexchange.com/p/73336/ballantines-12-year-old-bot1980s,https://img.thewhiskyexchange.com/380/blend_bal120.jpg?v=202407241
2025-12-29 22:15:23,Blended,73206,Haig Gold Label / NAAFI Stores / Bot.1950s,Haig,75cl / 40%,208.33,(£333.33 per litre),Blended Scotch Whisky,,In Stock,https://www.thewhiskyexchange.com/p/73206/haig-gold-label-naafi-stores-bot1950s,https://img.thewhiskyexchange.com/380/blend_hai61.jpg?v=202407241
2025-12-29 22:15:23,Blended,73110,Black Bull 30 Year Old / Faldo Special Edition,Black Bull,70cl / 50%,244.17,(£418.57 per litre),Blended Scotch Whisky,,In Stock,https://www.thewhiskyexchange.com/p/73110/black-bull-30-year-old-faldo-special-edition,https://img.thewhiskyexchange.com/380/blend_bla30yo.jpg?v=202407241
2025-12-29 22:15:23,Blended,73109,Black Bull 18 Year Old / Faldo Special Editio,Black Bull,70cl / 50%,101.67,(£174.29 per litre),Blended Scotch Whisky,,In Stock,https://www.thewhiskyexchange.com/p/73109/black-bull-18-year-old-faldo-special-editio,https://img.thewhiskyexchange.com/380/blend_bla18yo.jpg?v=202407241
2025-12-29 22:15:23,Blended,72863,Woven Whisky Experience N.17,Woven,50cl / 46.1%,58.54,(£140.50 per litre),Blended Scotch Whisky,,In Stock,https://www.thewhiskyexchange.com/p/72863/woven-whisky-experience-n17,https://img.thewhiskyexchange.com/380/blend_wov17.jpg?v=202407241
2025-12-29 22:15:23,Blended,72861,Woven Whisky Experience N.15,Woven,50cl / 45.8%,43.29,(£103.90 per litre),Blended Scotch Whisky,,In Stock,https://www.thewhiskyexchange.com/p/72861/woven-whisky-experience-n15,https://img.thewhiskyexchange.com/380/blend_wov15.jpg?v=202407241
2025-12-29 22:15:23,Blended,72646,Compass Box Metropolis,Compass Box,70cl / 46%,212.5,(£364.29 per litre),Blended Scotch Whisky,,In Stock,https://www.thewhiskyexchange.com/p/72646/compass-box-metropolis,https://img.thewhiskyexchange.com/380/blend_com16.jpg?v=202407241
2025-12-29 22:15:23,Blended,72217,Storyman Blended Whisky,Storyman,70cl / 46%,46.04,(£78.93 per litre),Blended Scotch Whisky,,In Stock,https://www.thewhiskyexchange.com/p/72217/storyman-blended-whisky,https://img.thewhiskyexchange.com/380/blend_sto1.jpg?v=202407241
2025-12-29 22:15:23,Blended,72087,Blended Scotch Whisky 1989 / 34 Year Old / Gleann Mor Rare Find,Various,70cl / 54.9%,197.5,(£338.57 per litre),Blended Scotch Whisky,,In Stock,https://www.thewhiskyexchange.com/p/72087/blended-scotch-whisky-1989-34-year-old-gleann-mor-rare-find,https://img.thewhiskyexchange.com/380/blend_glm1989.jpg?v=202407241
2025-12-29 22:15:23,Blended,71665,Cutty Sark 33 Year Old,Cutty Sark,70cl / 41.7%,538.33,(£922.86 per litre),Blended Scotch Whisky,,In Stock,https://www.thewhiskyexchange.com/p/71665/cutty-sark-33-year-old,https://img.thewhiskyexchange.com/380/blend_cut33yo.jpg?v=202407241
2025-12-29 22:15:23,Blended,71246,Gilbey's Spey Royal / Bot.1970s,Gilbey's,75cl / 40%,125.0,(£200 per litre),Blended Scotch Whisky,,In Stock,https://www.thewhiskyexchange.com/p/71246/gilbeys-spey-royal-bot1970s,https://img.thewhiskyexchange.com/380/blend_gil15.jpg?v=202407241
2025-12-29 22:15:23,Blended,71095,Woven Whisky Experience N.13 Catalyst,Woven,50cl / 47.1%,53.29,(£127.90 per litre),Blended Scotch Whisky,,In Stock,https://www.thewhiskyexchange.com/p/71095/woven-whisky-experience-n13-catalyst,https://img.thewhiskyexchange.com/380/blend_wov13.jpg?v=202407241
2025-12-29 22:15:23,Blended,71096,Woven Whisky Experience N.14 Kaleidoscopic,Woven,50cl / 51.7%,70.79,(£169.90 per litre),Blended Scotch Whisky,,In Stock,https://www.thewhiskyexchange.com/p/71096/woven-whisky-experience-n14-kaleidoscopic,https://img.thewhiskyexchange.com/380/blend_wov14.jpg?v=202407241
2025-12-29 22:15:23,Blended,71094,Woven Whisky Experience N.12 Echoes,Woven,50cl / 47.3%,42.46,(£101.90 per litre),Blended Scotch Whisky,,In Stock,https://www.thewhiskyexchange.com/p/71094/woven-whisky-experience-n12-echoes,https://img.thewhiskyexchange.com/380/blend_wov12.jpg?v=202407241
2025-12-29 22:15:23,Blended,70503,Compass Box Delos,Compass Box,70cl / 49%,208.33,(£357.14 per litre),Blended Scotch Whisky,,In Stock,https://www.thewhiskyexchange.com/p/70503/compass-box-delos,https://img.thewhiskyexchange.com/380/blend_com15.jpg?v=202407241
2025-12-29 22:15:23,Blended,70365,Royal Salute House of Quinn by Richard Quinn,Royal Salute,70cl / 49.8%,7916.67,"(£13,571.43 per litre)",Blended Scotch Whisky,,In Stock,https://www.thewhiskyexchange.com/p/70365/royal-salute-house-of-quinn-by-richard-quinn,https://img.thewhiskyexchange.com/380/blend_roy82.jpg?v=202407241
2025-12-29 22:15:23,Blended,69911,Something Special De Luxe Whisky / Bot.1980s,Something Special,75cl / 40%,125.0,(£200 per litre),Blended Scotch Whisky,,In Stock,https://www.thewhiskyexchange.com/p/69911/something-special-de-luxe-whisky-bot1980s,https://img.thewhiskyexchange.com/380/blend_som11.jpg?v=202407241
2025-12-29 22:15:23,Blended,69453,Johnnie Walker Swing / Bot.1960s,Johnnie Walker,76cl / 43%,332.5,(£525 per litre),Blended Scotch Whisky,,In Stock,https://www.thewhiskyexchange.com/p/69453/johnnie-walker-swing-bot1960s,https://img.thewhiskyexchange.com/380/blend_joh277.jpg?v=202407241
2025-12-29 22:15:23,Blended,68755,Whyte & Mackay 21 Year Old,Whyte & Mackay,70cl / 43%,165.83,(£284.29 per litre),Blended Scotch Whisky,,In Stock,https://www.thewhiskyexchange.com/p/68755/whyte-mackay-21-year-old,https://img.thewhiskyexchange.com/380/blend_why52.jpg?v=202407241
2025-12-29 22:15:23,Blended,68705,Johnnie Walker Premier,Johnnie Walker,75cl / 43%,208.33,(£333.33 per litre),Blended Scotch Whisky,,In Stock,https://www.thewhiskyexchange.com/p/68705/johnnie-walker-premier,https://img.thewhiskyexchange.com/380/blend_joh274.jpg?v=202407241
2025-12-29 22:15:23,Blended,68633,Johnnie Walker Red Label / Bot.1980s / Large Bottle,Johnnie Walker,200cl / 43%,229.17,(£137.50 per litre),Blended Scotch Whisky,,In Stock,https://www.thewhiskyexchange.com/p/68633/johnnie-walker-red-label-bot1980s-large-bottle,https://img.thewhiskyexchange.com/380/blend_joh404.jpg?v=202407241
2025-12-29 22:15:23,Blended,68614,Golden Heather / Bot.1970s,Golden Heather ,75cl / 40%,125.0,(£200 per litre),Blended Scotch Whisky,,In Stock,https://www.thewhiskyexchange.com/p/68614/golden-heather-bot1970s,https://img.thewhiskyexchange.com/380/blend_gol6.jpg?v=202407241
2025-12-29 22:15:23,Blended,68180,Dewar's White Label / Bot.1980s,Dewar's,75cl / 40%,91.67,(£146.67 per litre),Blended Scotch Whisky,,In Stock,https://www.thewhiskyexchange.com/p/68180/dewars-white-label-bot1980s,https://img.thewhiskyexchange.com/380/blend_dew77.jpg?v=202407241
2025-12-29 22:15:26,Blended,68163,Ballantine's 17 Year Old / Bot.1980s,Ballantine's,75cl / 43%,208.33,(£333.33 per litre),Blended Scotch Whisky,,In Stock,https://www.thewhiskyexchange.com/p/68163/ballantines-17-year-old-bot1980s,https://img.thewhiskyexchange.com/380/blend_bal116.jpg?v=202407241
2025-12-29 22:15:26,Blended,68050,Johnnie Walker Swing / Bot.1980s,Johnnie Walker,75cl / 43%,208.33,(£333.33 per litre),Blended Scotch Whisky,,In Stock,https://www.thewhiskyexchange.com/p/68050/johnnie-walker-swing-bot1980s,https://img.thewhiskyexchange.com/380/blend_joh402.jpg?v=202407241
2025-12-29 22:15:26,Blended,67723,Chivas Regal 12 Year Old / Bot.1980s,Chivas Regal,378cl / 43%,375.0,(£119.05 per litre),Blended Scotch Whisky,,In Stock,https://www.thewhiskyexchange.com/p/67723/chivas-regal-12-year-old-bot1980s,https://img.thewhiskyexchange.com/380/blend_chi101.jpg?v=202407241
2025-12-29 22:15:26,Blended,67659,Pure Scot Virgin Oak,Pure Scot ,70cl / 43%,36.88,(£63.21 per litre),Blended Scotch Whisky,,In Stock,https://www.thewhiskyexchange.com/p/67659/pure-scot-virgin-oak,https://img.thewhiskyexchange.com/380/blend_pur3.jpg?v=202407241
2025-12-29 22:15:26,Blended,67543,Dewar's White Label Centennial Flagon / 1886-1986 / Bot.1980s,Dewar's,75cl / 40%,208.33,(£333.33 per litre),Blended Scotch Whisky,,In Stock,https://www.thewhiskyexchange.com/p/67543/dewars-white-label-centennial-flagon-1886-1986-bot1980s,https://img.thewhiskyexchange.com/380/blend_dew80.jpg?v=202407241
2025-12-29 22:15:26,Blended,67529,Ballantine's 17 Year Old / Bot.1960s,Ballantine's,75cl / 40%,500.0,(£800 per litre),Blended Scotch Whisky,,In Stock,https://www.thewhiskyexchange.com/p/67529/ballantines-17-year-old-bot1960s,https://img.thewhiskyexchange.com/380/blend_bal113.jpg?v=202407241
2025-12-29 22:15:26,Blended,67511,Bell's Extra Special / Bot.1970s,Bell's,75cl / 40%,83.29,(£133.27 per litre),Blended Scotch Whisky,,In Stock,https://www.thewhiskyexchange.com/p/67511/bells-extra-special-bot1970s,https://img.thewhiskyexchange.com/380/blend_bel69.jpg?v=202407241
2025-12-29 22:15:26,Blended,67474,Golden Age Blended Whisky / Bot.1970s,Golden Age,75.7cl / 40%,125.0,(£198.15 per litre),Blended Scotch Whisky,,In Stock,https://www.thewhiskyexchange.com/p/67474/golden-age-blended-whisky-bot1970s,https://img.thewhiskyexchange.com/380/blend_gol5.jpg?v=202407241
2025-12-29 22:15:26,Blended,67660,Pure Scot Signature 106,Pure Scot ,70cl / 53%,45.62,(£78.21 per litre),Blended Scotch Whisky,,In Stock,https://www.thewhiskyexchange.com/p/67660/pure-scot-signature-106,https://img.thewhiskyexchange.com/380/blend_pur4.jpg?v=202407241
2025-12-29 22:15:26,Blended,67086,Dewar's Ancestor / Bot.1970s,Dewar's,75cl / 40%,165.83,(£265.33 per litre),Blended Scotch Whisky,,In Stock,https://www.thewhiskyexchange.com/p/67086/dewars-ancestor-bot1970s,https://img.thewhiskyexchange.com/380/blend_dew79.jpg?v=202407241
2025-12-29 22:15:26,Blended,67031,Knightrider / Bot.1960s,Knightrider ,70cl / 40%,125.0,(£214.29 per litre),Blended Scotch Whisky,,In Stock,https://www.thewhiskyexchange.com/p/67031/knightrider-bot1960s,https://img.thewhiskyexchange.com/380/blend_kni.jpg?v=202407241
2025-12-29 22:15:26,Blended,67030,Glendrostan / Bot.1960s,Glendrostan,70cl / 40%,165.83,(£284.29 per litre),Blended Scotch Whisky,,In Stock,https://www.thewhiskyexchange.com/p/67030/glendrostan-bot1960s,https://img.thewhiskyexchange.com/380/blend_gle24.jpg?v=202407241
2025-12-29 22:15:26,Blended,66994,Royal Salute Platinum Jubilee / Richmond Brooch (Yellow),Royal Salute,70cl / 50.8%,12312.5,"(£21,107.14 per litre)",Blended Scotch Whisky,,In Stock,https://www.thewhiskyexchange.com/p/66994/royal-salute-platinum-jubilee-richmond-brooch-yellow,https://img.thewhiskyexchange.com/380/blend_roy79.jpg?v=202407241
2025-12-29 22:15:26,Blended,66992,Royal Salute Platinum Jubilee / Pearl & Diamond Brooch (Pink),Royal Salute,70cl / 50.8%,12312.5,"(£21,107.14 per litre)",Blended Scotch Whisky,,In Stock,https://www.thewhiskyexchange.com/p/66992/royal-salute-platinum-jubilee-pearl-diamond-brooch-pink,https://img.thewhiskyexchange.com/380/blend_roy77.jpg?v=202407241
2025-12-29 22:15:26,Blended,66991,Royal Salute Platinum Jubilee / Teck Corsage Brooch (Blue),Royal Salute,70cl / 50.8%,12312.5,"(£21,107.14 per litre)",Blended Scotch Whisky,,In Stock,https://www.thewhiskyexchange.com/p/66991/royal-salute-platinum-jubilee-teck-corsage-brooch-blue,https://img.thewhiskyexchange.com/380/blend_roy76.jpg?v=202407241
2025-12-29 22:15:26,Blended,66990,Royal Salute Platinum Jubilee / Queen Adelaide's Brooch (Green),Royal Salute,70cl / 50.8%,12312.5,"(£21,107.14 per litre)",Blended Scotch Whisky,,In Stock,https://www.thewhiskyexchange.com/p/66990/royal-salute-platinum-jubilee-queen-adelaides-brooch-green,https://img.thewhiskyexchange.com/380/blend_roy75.jpg?v=202407241
2025-12-29 22:15:26,Blended,66989,Royal Salute Platinum Jubilee / Kent Amethyst Brooch (Purple),Royal Salute,70cl / 50.8%,12312.5,"(£21,107.14 per litre)",Blended Scotch Whisky,,In Stock,https://www.thewhiskyexchange.com/p/66989/royal-salute-platinum-jubilee-kent-amethyst-brooch-purple,https://img.thewhiskyexchange.com/380/blend_roy74.jpg?v=202407241
2025-12-29 22:15:26,Blended,66436,Ballantine's 12 Year Old / Bot.1980s,Ballantine's,100cl / 43%,145.83,,Blended Scotch Whisky,,In Stock,https://www.thewhiskyexchange.com/p/66436/ballantines-12-year-old-bot1980s,https://img.thewhiskyexchange.com/380/blend_bal111.jpg?v=202407241
2025-12-29 22:15:26,Blended,66279,White Heather / De Luxe / Bot.1970s,White Heather,75cl / 43.4%,145.83,(£233.33 per litre),Blended Scotch Whisky,,In Stock,https://www.thewhiskyexchange.com/p/66279/white-heather-de-luxe-bot1970s,https://img.thewhiskyexchange.com/380/blend_whi90.jpg?v=202407241
2025-12-29 22:15:26,Blended,66253,James Haddow Special Liqueur / 10 Year Old /  Bot.1960s,James Haddow,75cl / 40%,104.17,(£166.67 per litre),Blended Scotch Whisky,,In Stock,https://www.thewhiskyexchange.com/p/66253/james-haddow-special-liqueur-10-year-old-bot1960s,https://img.thewhiskyexchange.com/380/blend_had.jpg?v=202407241
2025-12-29 22:15:26,Blended,66164,White Horse / Bot.1970s,White Horse,75cl / 40%,125.0,(£200 per litre),Blended Scotch Whisky,,In Stock,https://www.thewhiskyexchange.com/p/66164/white-horse-bot1970s,https://img.thewhiskyexchange.com/380/blend_whi89.jpg?v=202407241
2025-12-29 22:15:26,Blended,66113,Wm. Maxwell / Rigby & Evens / Bot.1940s,Wm. Maxwell,75cl / 40%,249.17,(£398.67 per litre),Blended Scotch Whisky,,In Stock,https://www.thewhiskyexchange.com/p/66113/wm-maxwell-rigby-evens-bot1940s,https://img.thewhiskyexchange.com/380/blend_max3.jpg?v=202407241
2025-12-29 22:15:26,Blended,66112,Barker's Old Highland / Bot.1960s,Barker's,75cl / 40%,208.33,(£333.33 per litre),Blended Scotch Whisky,,In Stock,https://www.thewhiskyexchange.com/p/66112/barkers-old-highland-bot1960s,https://img.thewhiskyexchange.com/380/blend_bar3.jpg?v=202407241
2025-12-29 22:15:26,Blended,65871,Ballantine's 12 Year Old /  Bot.1980s,Ballantine's,75cl / 43%,112.5,(£180 per litre),Blended Scotch Whisky,,In Stock,https://www.thewhiskyexchange.com/p/65871/ballantines-12-year-old-bot1980s,https://img.thewhiskyexchange.com/380/blend_bal108.jpg?v=202407241
2025-12-29 22:15:31,Blended,65861,White Horse / Bot.1960s,White Horse,75cl / 40%,332.5,(£532 per litre),Blended Scotch Whisky,,In Stock,https://www.thewhiskyexchange.com/p/65861/white-horse-bot1960s,https://img.thewhiskyexchange.com/380/blend_whi88.jpg?v=202407241
2025-12-29 22:15:31,Blended,65708,Johnnie Walker Black Label / Bot.1970s,Johnnie Walker,75cl / 40%,187.5,(£300 per litre),Blended Scotch Whisky,,In Stock,https://www.thewhiskyexchange.com/p/65708/johnnie-walker-black-label-bot1970s,https://img.thewhiskyexchange.com/380/blend_joh335.jpg?v=202407241
2025-12-29 22:15:31,Blended,65626,Laird O' Logan De Luxe / 12 Year Old / Bot.1980s,Laird O' Logan,75cl / 43%,100.0,(£160 per litre),Blended Scotch Whisky,,In Stock,https://www.thewhiskyexchange.com/p/65626/laird-o-logan-de-luxe-12-year-old-bot1980s,https://img.thewhiskyexchange.com/380/blend_log15.jpg?v=202407241
2025-12-29 22:15:31,Blended,65170,Ben Nevis 40 Year Old / Single Blend / Bot.2002,Ben Nevis,70cl / 40%,1125.0,"(£1,928.57 per litre)",Blended Scotch Whisky,,In Stock,https://www.thewhiskyexchange.com/p/65170/ben-nevis-40-year-old-single-blend-bot2002,https://img.thewhiskyexchange.com/380/blend_dew78.jpg?v=202407241
2025-12-29 22:15:31,Blended,65077,Ballantine's 21 Year Old / Blue Ceramic,Ballantine's,70cl / 43%,208.33,(£357.14 per litre),Blended Scotch Whisky,,In Stock,https://www.thewhiskyexchange.com/p/65077/ballantines-21-year-old-blue-ceramic,https://img.thewhiskyexchange.com/380/blend_bal107.jpg?v=202407241
2025-12-29 22:15:31,Blended,65076,Bell's Extra Special / Bot.1980s,Bell's,75cl / 40%,79.12,(£126.60 per litre),Blended Scotch Whisky,,In Stock,https://www.thewhiskyexchange.com/p/65076/bells-extra-special-bot1980s,https://img.thewhiskyexchange.com/380/blend_bel68.jpg?v=202407241
2025-12-29 22:15:31,Blended,64963,Dunhill Old Master,Dunhill,75cl / 43%,125.0,(£200 per litre),Blended Scotch Whisky,,In Stock,https://www.thewhiskyexchange.com/p/64963/dunhill-old-master,https://img.thewhiskyexchange.com/380/blend_dun17.jpg?v=202407241
2025-12-29 22:15:31,Blended,64422,Bell's 12 Year Old / Bot.1990s,Bell's,100cl / 43%,125.0,,Blended Scotch Whisky,,In Stock,https://www.thewhiskyexchange.com/p/64422/bells-12-year-old-bot1990s,https://img.thewhiskyexchange.com/380/blend_bel67.jpg?v=202407241
2025-12-29 22:15:31,Blended,64270,Compass Box Vellichor,Compass Box,70cl / 46%,315.83,(£541.43 per litre),Blended Scotch Whisky,,In Stock,https://www.thewhiskyexchange.com/p/64270/compass-box-vellichor,https://img.thewhiskyexchange.com/380/blend_com9.jpg?v=202407241
2025-12-29 22:15:31,Blended,64138,Sandy Macdonald / Bot.1960s / Spring Cap,Sandy Macdonald,75cl / 43%,187.5,(£300 per litre),Blended Scotch Whisky,,In Stock,https://www.thewhiskyexchange.com/p/64138/sandy-macdonald-bot1960s-spring-cap,https://img.thewhiskyexchange.com/380/blend_san13.jpg?v=202407241
2025-12-29 22:15:31,Blended,64057,Johnnie Walker Kilmarnock 400 / 15 Year Old / Bot.1990s,Johnnie Walker,75cl / 43%,666.67,"(£1,066.67 per litre)",Blended Scotch Whisky,,In Stock,https://www.thewhiskyexchange.com/p/64057/johnnie-walker-kilmarnock-400-15-year-old-bot1990s,https://img.thewhiskyexchange.com/380/blend_joh327.jpg?v=202407241
2025-12-29 22:15:31,Blended,64023,Bell's Extra Special / Bot.1970s,Bell's,113cl / 40%,125.0,(£132.74 per litre),Blended Scotch Whisky,,In Stock,https://www.thewhiskyexchange.com/p/64023/bells-extra-special-bot1970s,https://img.thewhiskyexchange.com/380/blend_bel65.jpg?v=202407241
2025-12-29 22:15:31,Blended,63989,Johnnie Walker Swing / Bot.1980s,Johnnie Walker,75cl / 43%,208.33,(£333.33 per litre),Blended Scotch Whisky,,In Stock,https://www.thewhiskyexchange.com/p/63989/johnnie-walker-swing-bot1980s,https://img.thewhiskyexchange.com/380/blend_joh324.jpg?v=202407241
2025-12-29 22:15:31,Blended,63703,Johnnie Walker Swing / Bot.1980s,Johnnie Walker,75cl / 43.4%,208.33,(£333.33 per litre),Blended Scotch Whisky,,In Stock,https://www.thewhiskyexchange.com/p/63703/johnnie-walker-swing-bot1980s,https://img.thewhiskyexchange.com/380/blend_joh321.jpg?v=202407241
2025-12-29 22:15:31,Blended,63689,J&B 15 Year Old / Reserve / Bot.1990s,J&B,75cl / 40%,83.29,(£133.27 per litre),Blended Scotch Whisky,,In Stock,https://www.thewhiskyexchange.com/p/63689/jb-15-year-old-reserve-bot1990s,https://img.thewhiskyexchange.com/380/blend_j!b41.jpg?v=202407241
2025-12-29 22:15:31,Blended,63684,King's Choice / Bot.1960s,King's Choice,75cl / 43%,208.33,(£333.33 per litre),Blended Scotch Whisky,,In Stock,https://www.thewhiskyexchange.com/p/63684/kings-choice-bot1960s,https://img.thewhiskyexchange.com/380/blend_kin56.jpg?v=202407241
2025-12-29 22:15:31,Blended,63604,Something Special De Luxe Whisky / 1970s,Something Special,75cl / 40%,145.83,(£233.33 per litre),Blended Scotch Whisky,,In Stock,https://www.thewhiskyexchange.com/p/63604/something-special-de-luxe-whisky-1970s,https://img.thewhiskyexchange.com/380/blend_som8.jpg?v=202407241
2025-12-29 22:15:31,Blended,63593,Old Parr Seasons Collection,Old Parr,50cl / 43%,458.33,"(£1,100 per litre)",Blended Scotch Whisky,,In Stock,https://www.thewhiskyexchange.com/p/63593/old-parr-seasons-collection,https://img.thewhiskyexchange.com/380/blend_par47.jpg?v=202407241
2025-12-29 22:15:31,Blended,62980,Johnnie Walker Red Label / Bot.1980s,Johnnie Walker,113cl / 40%,145.83,(£154.87 per litre),Blended Scotch Whisky,,In Stock,https://www.thewhiskyexchange.com/p/62980/johnnie-walker-red-label-bot1980s,https://img.thewhiskyexchange.com/380/blend_joh314.jpg?v=202407241
2025-12-29 22:15:31,Blended,62979,Johnnie Walker Premier,Johnnie Walker,75cl / 43%,208.33,(£333.33 per litre),Blended Scotch Whisky,,In Stock,https://www.thewhiskyexchange.com/p/62979/johnnie-walker-premier,https://img.thewhiskyexchange.com/380/blend_joh313.jpg?v=202407241
2025-12-29 22:15:31,Blended,62947,Ainslie's Royal Edinburgh / Bot.1960s,Ainslie's,225cl / 43%,833.33,(£444.44 per litre),Blended Scotch Whisky,,In Stock,https://www.thewhiskyexchange.com/p/62947/ainslies-royal-edinburgh-bot1960s,https://img.thewhiskyexchange.com/380/blend_ain4.jpg?v=202407241
2025-12-29 22:15:31,Blended,62922,Chivas Legend - Special Reserve,Chivas,100cl / 43%,187.5,,Blended Scotch Whisky,,In Stock,https://www.thewhiskyexchange.com/p/62922/chivas-legend-special-reserve,https://img.thewhiskyexchange.com/380/blend_chi95.jpg?v=202407241
2025-12-29 22:15:31,Blended,62445,Berry Brothers & Co. Choicest Liqueur Scotch / Bot.1950s,Berry Bros & Rudd,75cl / 40%,666.67,"(£1,066.67 per litre)",Blended Scotch Whisky,,In Stock,https://www.thewhiskyexchange.com/p/62445/berry-brothers-co-choicest-liqueur-scotch-bot1950s,https://img.thewhiskyexchange.com/380/blend_ber6.jpg?v=202407241
2025-12-29 22:15:31,Blended,62390,Chivas Regal / Bot.1910s,Chivas Regal,75cl / 40%,2083.33,"(£3,333.33 per litre)",Blended Scotch Whisky,,In Stock,https://www.thewhiskyexchange.com/p/62390/chivas-regal-bot1910s,https://img.thewhiskyexchange.com/380/blend_chi93.jpg?v=202407241
2025-12-29 22:15:35,Blended,62308,Johnnie Walker Red Label / Bot.1970s,Johnnie Walker,75cl / 40%,125.0,(£200 per litre),Blended Scotch Whisky,,In Stock,https://www.thewhiskyexchange.com/p/62308/johnnie-walker-red-label-bot1970s,https://img.thewhiskyexchange.com/380/blend_joh311.jpg?v=202407241
2025-12-29 22:15:35,Blended,61931,Johnnie Walker Blue Label Ghost and Rare / Pittyvaich,Johnnie Walker,70cl / 43.8%,243.33,(£417.14 per litre),Blended Scotch Whisky,,In Stock,https://www.thewhiskyexchange.com/p/61931/johnnie-walker-blue-label-ghost-and-rare-pittyvaich,https://img.thewhiskyexchange.com/380/blend_joh263.jpg?v=202407241
2025-12-29 22:15:35,Blended,61858,Johnnie Walker Swing / Bot.1970s,Johnnie Walker,75cl / 40%,229.17,(£366.67 per litre),Blended Scotch Whisky,,In Stock,https://www.thewhiskyexchange.com/p/61858/johnnie-walker-swing-bot1970s,https://img.thewhiskyexchange.com/380/blend_joh256.jpg?v=202407241
2025-12-29 22:15:35,Blended,60597,Chivas Regal 12 Year Old / Bot.1970s,Chivas Regal,75cl / 43%,125.0,(£200 per litre),Blended Scotch Whisky,,In Stock,https://www.thewhiskyexchange.com/p/60597/chivas-regal-12-year-old-bot1970s,https://img.thewhiskyexchange.com/380/blend_chi89.jpg?v=202407241
2025-12-29 22:15:35,Blended,60555,Old Court De Luxe / Bot.1960s,Old Court,70cl / 40%,375.0,(£642.86 per litre),Blended Scotch Whisky,,In Stock,https://www.thewhiskyexchange.com/p/60555/old-court-de-luxe-bot1960s,https://img.thewhiskyexchange.com/380/blend_cou3.jpg?v=202407241
2025-12-29 22:15:35,Blended,60433,Johnnie Walker Black Label / Extra Special / Bot.1980s,Johnnie Walker,75cl / 40%,187.5,(£300 per litre),Blended Scotch Whisky,,In Stock,https://www.thewhiskyexchange.com/p/60433/johnnie-walker-black-label-extra-special-bot1980s,https://img.thewhiskyexchange.com/380/blend_joh306.jpg?v=202407241
2025-12-29 22:15:35,Blended,59745,Gilmour Thomson's Royal Whisky / Bot.1960s,Gilmour Thomson's ,75cl / 40%,416.67,(£666.67 per litre),Blended Scotch Whisky,,In Stock,https://www.thewhiskyexchange.com/p/59745/gilmour-thomsons-royal-whisky-bot1960s,https://img.thewhiskyexchange.com/380/blend_gil14.jpg?v=202407241
2025-12-29 22:15:35,Blended,59744,Findlater's 12 Year Old / Bot.1940s,Findlater's,75cl / 43%,375.0,(£600 per litre),Blended Scotch Whisky,,In Stock,https://www.thewhiskyexchange.com/p/59744/findlaters-12-year-old-bot1940s,https://img.thewhiskyexchange.com/380/blend_fin12.jpg?v=202407241
2025-12-29 22:15:35,Blended,59740,Gilbey's Spey Royal / Bot.1950s,Gilbey's,75cl / 40%,332.5,(£532 per litre),Blended Scotch Whisky,,In Stock,https://www.thewhiskyexchange.com/p/59740/gilbeys-spey-royal-bot1950s,https://img.thewhiskyexchange.com/380/blend_gil13.jpg?v=202407241
2025-12-29 22:15:35,Blended,59375,White Horse Cellar / Bot.1950s,White Horse,75cl / 43.4%,833.33,"(£1,333.33 per litre)",Blended Scotch Whisky,,In Stock,https://www.thewhiskyexchange.com/p/59375/white-horse-cellar-bot1950s,https://img.thewhiskyexchange.com/380/blend_whi81.jpg?v=202407241
2025-12-29 22:15:35,Blended,59289,Johnnie Walker Premier,Johnnie Walker,75cl / 43%,208.33,(£333.33 per litre),Blended Scotch Whisky,,In Stock,https://www.thewhiskyexchange.com/p/59289/johnnie-walker-premier,https://img.thewhiskyexchange.com/380/blend_joh303.jpg?v=202407241
2025-12-29 22:15:35,Blended,58798,Chivas Regal 12 Year Old / Bot.1980s,Chivas Regal,75cl / 43%,125.0,(£200 per litre),Blended Scotch Whisky,,In Stock,https://www.thewhiskyexchange.com/p/58798/chivas-regal-12-year-old-bot1980s,https://img.thewhiskyexchange.com/380/blend_chi86.jpg?v=202407241
2025-12-29 22:15:35,Blended,58759,Compass Box Glasgow Blend,Compass Box,70cl / 43%,33.29,(£57.07 per litre),Blended Scotch Whisky,,In Stock,https://www.thewhiskyexchange.com/p/58759/compass-box-glasgow-blend,https://img.thewhiskyexchange.com/380/blend_com6.jpg?v=202407241
2025-12-29 22:15:35,Blended,58204,Long John Special Reserve / Bot.1970s,Long John,75.7cl / 40%,91.67,(£145.31 per litre),Blended Scotch Whisky,,In Stock,https://www.thewhiskyexchange.com/p/58204/long-john-special-reserve-bot1970s,https://img.thewhiskyexchange.com/380/blend_lon19.jpg?v=202407241
2025-12-29 22:15:35,Blended,58262,Bell's Royal Reserve 20 Year Old / Bot.1970s,Bell's,75cl / 40%,187.5,(£300 per litre),Blended Scotch Whisky,,In Stock,https://www.thewhiskyexchange.com/p/58262/bells-royal-reserve-20-year-old-bot1970s,https://img.thewhiskyexchange.com/380/blend_bel63.jpg?v=202407241
2025-12-29 22:15:35,Blended,57552,Savoy Hotel London Blended Scotch Whisky / Bot.1960s,Savoy,75cl / 43%,150.0,(£240 per litre),Blended Scotch Whisky,,In Stock,https://www.thewhiskyexchange.com/p/57552/savoy-hotel-london-blended-scotch-whisky-bot1960s,https://img.thewhiskyexchange.com/380/blend_sav2.jpg?v=202407241
2025-12-29 22:15:35,Blended,56776,The Last Drop 56 Year Old Blended Whisky / Release No.16,The Last Drop,75cl / 47.2%,3125.0,"(£5,000 per litre)",Blended Scotch Whisky,,In Stock,https://www.thewhiskyexchange.com/p/56776/the-last-drop-56-year-old-blended-whisky-release-no16,https://img.thewhiskyexchange.com/380/blend_las56yo.jpg?v=202407241
2025-12-29 22:15:35,Blended,56243,Spey Cast 1937 / Bot.1970s / Sherry Cask,Spey Cast,75cl / 40%,1875.0,"(£3,000 per litre)",Blended Scotch Whisky,,In Stock,https://www.thewhiskyexchange.com/p/56243/spey-cast-1937-bot1970s-sherry-cask,https://img.thewhiskyexchange.com/380/blend_spe6.jpg?v=202407241
2025-12-29 22:15:35,Blended,53025,Royal Household / Bot.1980s,Royal Household,75cl / 43%,291.67,(£466.67 per litre),Blended Scotch Whisky,,In Stock,https://www.thewhiskyexchange.com/p/53025/royal-household-bot1980s,https://img.thewhiskyexchange.com/380/blend_roy73.jpg?v=202407241
2025-12-29 22:15:35,Blended,51555,Quartermaster 11 Year Old / Whisky Works,Whisky Works,70cl / 46.4%,63.75,(£109.29 per litre),Blended Scotch Whisky,,In Stock,https://www.thewhiskyexchange.com/p/51555/quartermaster-11-year-old-whisky-works,https://img.thewhiskyexchange.com/380/blend_wwo1.jpg?v=202407241
2025-12-29 22:15:35,Blended,51322,Black & White De Luxe / Bot.1950s / Spring Cap,Black & White,75.7cl / 43.4%,833.33,"(£1,321 per litre)",Blended Scotch Whisky,,In Stock,https://www.thewhiskyexchange.com/p/51322/black-white-de-luxe-bot1950s-spring-cap,https://img.thewhiskyexchange.com/380/blend_bla78.jpg?v=202407241
2025-12-29 22:15:35,Blended,51061,Monarch Of The Highlands / Bot.1950s,Monarch Of The Highlands,75cl / 40%,291.67,(£466.67 per litre),Blended Scotch Whisky,,In Stock,https://www.thewhiskyexchange.com/p/51061/monarch-of-the-highlands-bot1950s,https://img.thewhiskyexchange.com/380/blend_old11.jpg?v=202407241
2025-12-29 22:15:35,Blended,50605,J&B Rare / Bot.1980s,J&B,75cl / 40%,62.46,(£99.93 per litre),Blended Scotch Whisky,,In Stock,https://www.thewhiskyexchange.com/p/50605/jb-rare-bot1980s,https://img.thewhiskyexchange.com/380/blend_j!b36.jpg?v=202407241
2025-12-29 22:15:35,Blended,49349,Neal's Royal Extra Special / Bot.1960s,Neal's,75cl / 43%,208.33,(£333.33 per litre),Blended Scotch Whisky,,In Stock,https://www.thewhiskyexchange.com/p/49349/neals-royal-extra-special-bot1960s,https://img.thewhiskyexchange.com/380/blend_nea1.jpg?v=202407241
2025-12-29 22:15:39,Blended,49206,Royal Salute 52 Year Old / Time Series,Royal Salute,70cl / 44.8%,20000.0,"(£34,285.71 per litre)",Blended Scotch Whisky,,In Stock,https://www.thewhiskyexchange.com/p/49206/royal-salute-52-year-old-time-series,https://img.thewhiskyexchange.com/380/blend_roy52yo.jpg?v=202407241
2025-12-29 22:15:39,Blended,49203,Black & White 12 bottles with Wooden Case / Bot.1950,Black & White,900cl / 43.4%,3750.0,(£500 per litre),Blended Scotch Whisky,,In Stock,https://www.thewhiskyexchange.com/p/49203/black-white-12-bottles-with-wooden-case-bot1950,https://img.thewhiskyexchange.com/380/blend_bla77.jpg?v=202407241
2025-12-29 22:15:39,Blended,48476,White Heather 8 Year Old / De Luxe / Bot.1970s,White Heather,75cl / 43.4%,165.83,(£265.33 per litre),Blended Scotch Whisky,,In Stock,https://www.thewhiskyexchange.com/p/48476/white-heather-8-year-old-de-luxe-bot1970s,https://img.thewhiskyexchange.com/380/blend_whi73.jpg?v=202407241
2025-12-29 22:15:39,Blended,48468,Baxter's Barley Bree / Extra Special / Bot.1950s,Baxter's,75cl / 40%,229.17,(£366.67 per litre),Blended Scotch Whisky,,In Stock,https://www.thewhiskyexchange.com/p/48468/baxters-barley-bree-extra-special-bot1950s,https://img.thewhiskyexchange.com/380/blend_bax1.jpg?v=202407241
2025-12-29 22:15:39,Blended,48425,Grand Coronation 15 Year Old / Bot.1950s,Grand Coronation,75cl / 43%,291.67,(£466.67 per litre),Blended Scotch Whisky,,In Stock,https://www.thewhiskyexchange.com/p/48425/grand-coronation-15-year-old-bot1950s,https://img.thewhiskyexchange.com/380/blend_gra49.jpg?v=202407241
2025-12-29 22:15:39,Blended,48422,Ballantine's 12 Year Old /  Bot.1980s,Ballantine's,75cl / 43%,112.5,(£180 per litre),Blended Scotch Whisky,,In Stock,https://www.thewhiskyexchange.com/p/48422/ballantines-12-year-old-bot1980s,https://img.thewhiskyexchange.com/380/blend_bal96.jpg?v=202407241
2025-12-29 22:15:39,Blended,48089,J & G Stewart / Bot.1930s,J & G Stewart,70cl / 40%,458.33,(£785.71 per litre),Blended Scotch Whisky,,In Stock,https://www.thewhiskyexchange.com/p/48089/j-g-stewart-bot1930s,https://img.thewhiskyexchange.com/380/blend_ste8.jpg?v=202407241
2025-12-29 22:15:39,Blended,47959,Dewar's 12 Year Old / Bot.1970s,Dewar's,75cl / 43.5%,165.83,(£265.33 per litre),Blended Scotch Whisky,,In Stock,https://www.thewhiskyexchange.com/p/47959/dewars-12-year-old-bot1970s,https://img.thewhiskyexchange.com/380/blend_dew68.jpg?v=202407241
2025-12-29 22:15:39,Blended,47731,Fine Old Mountain Dew / Bot.1950s,Samuel Webster & Sons.,75.5cl / 40%,332.5,(£528.48 per litre),Blended Scotch Whisky,,In Stock,https://www.thewhiskyexchange.com/p/47731/fine-old-mountain-dew-bot1950s,https://img.thewhiskyexchange.com/380/blend_mou1.jpg?v=202407241
2025-12-29 22:15:39,Blended,46655,Dewar's White Label / Bot.1950s,Dewar's,75cl / 43%,249.17,(£398.67 per litre),Blended Scotch Whisky,,In Stock,https://www.thewhiskyexchange.com/p/46655/dewars-white-label-bot1950s,https://img.thewhiskyexchange.com/380/blend_dew66.jpg?v=202407241
2025-12-29 22:15:39,Blended,46647,Bell's De Luxe 12 Year Old / Bot.1960s,Bell's,75cl / 43%,412.5,(£660 per litre),Blended Scotch Whisky,,In Stock,https://www.thewhiskyexchange.com/p/46647/bells-de-luxe-12-year-old-bot1960s,https://img.thewhiskyexchange.com/380/blend_bel57.jpg?v=202407241
2025-12-29 22:15:39,Blended,46244,Bulloch Lade's Old Rarity / Bot.1960s,Old Rarity,75cl / 43%,291.67,(£466.67 per litre),Blended Scotch Whisky,,In Stock,https://www.thewhiskyexchange.com/p/46244/bulloch-lades-old-rarity-bot1960s,https://img.thewhiskyexchange.com/380/blend_rar7.jpg?v=202407241
2025-12-29 22:15:39,Blended,45334,Auld Alliance Whisky Armagnac Blend,Auld Alliance,70cl / 40%,187.5,(£321.43 per litre),Blended Scotch Whisky,,In Stock,https://www.thewhiskyexchange.com/p/45334/auld-alliance-whisky-armagnac-blend,https://img.thewhiskyexchange.com/380/blend_aul2.jpg?v=202407241
2025-12-29 22:15:39,Blended,45329,Chivas Brothers Oldest / Litre,Chivas,100cl / 43%,208.33,,Blended Scotch Whisky,,In Stock,https://www.thewhiskyexchange.com/p/45329/chivas-brothers-oldest-litre,https://img.thewhiskyexchange.com/380/blend_chi76.jpg?v=202407241
2025-12-29 22:15:39,Blended,45099,Famous Grouse / Bot.1950s,Famous Grouse,75.7cl / 43%,208.33,(£330.25 per litre),Blended Scotch Whisky,,In Stock,https://www.thewhiskyexchange.com/p/45099/famous-grouse-bot1950s,https://img.thewhiskyexchange.com/380/blend_fam43.jpg?v=202407241
2025-12-29 22:15:39,Blended,44941,Famous Grouse / Bot.1950s,Famous Grouse,75.7cl / 43%,458.33,(£726.55 per litre),Blended Scotch Whisky,,In Stock,https://www.thewhiskyexchange.com/p/44941/famous-grouse-bot1950s,https://img.thewhiskyexchange.com/380/blend_fam42.jpg?v=202407241
2025-12-29 22:15:39,Blended,44863,Gilbey's Spey Royal / Bot.1950s,Gilbey's,75cl / 40%,375.0,(£600 per litre),Blended Scotch Whisky,,In Stock,https://www.thewhiskyexchange.com/p/44863/gilbeys-spey-royal-bot1950s,https://img.thewhiskyexchange.com/380/blend_gil10.jpg?v=202407241
2025-12-29 22:15:39,Blended,44474,Royal Salute 21 Year Old / Bot.1970s / Brown Spode Decanter,Royal Salute,75.7cl / 40%,291.67,(£462.35 per litre),Blended Scotch Whisky,,In Stock,https://www.thewhiskyexchange.com/p/44474/royal-salute-21-year-old-bot1970s-brown-spode-decanter,https://img.thewhiskyexchange.com/380/blend_roy62.jpg?v=202407241
2025-12-29 22:15:39,Blended,44296,Ballantine's 12 Year Old / Bot.1980s,Ballantine's,100cl / 43%,145.83,,Blended Scotch Whisky,,In Stock,https://www.thewhiskyexchange.com/p/44296/ballantines-12-year-old-bot1980s,https://img.thewhiskyexchange.com/380/blend_bal86.jpg?v=202407241
2025-12-29 22:15:39,Blended,44161,Scotland's Ripe Old Age 27 Year Old / Bot.1950s,Scotland's Ripe Old Age,75cl / 43.4%,708.33,"(£1,133.33 per litre)",Blended Scotch Whisky,,In Stock,https://www.thewhiskyexchange.com/p/44161/scotlands-ripe-old-age-27-year-old-bot1950s,https://img.thewhiskyexchange.com/380/blend_sco11.jpg?v=202407241
2025-12-29 22:15:39,Blended,44160,Scotland's Ripe Old Age 27 Year Old / Bot.1950s,Scotland's Ripe Old Age,75cl / 43.4%,708.33,"(£1,133.33 per litre)",Blended Scotch Whisky,,In Stock,https://www.thewhiskyexchange.com/p/44160/scotlands-ripe-old-age-27-year-old-bot1950s,https://img.thewhiskyexchange.com/380/blend_sco10.jpg?v=202407241
2025-12-29 22:15:39,Blended,44108,White Horse / Bot.1950s / Spring Cap,White Horse,75cl / 43.4%,833.33,"(£1,333.33 per litre)",Blended Scotch Whisky,,In Stock,https://www.thewhiskyexchange.com/p/44108/white-horse-bot1950s-spring-cap,https://img.thewhiskyexchange.com/380/blend_whi67.jpg?v=202407241
2025-12-29 22:15:39,Blended,44106,Heather Dew / Bot.1940s,Heather Dew,75cl / 43.4%,500.0,(£800 per litre),Blended Scotch Whisky,,In Stock,https://www.thewhiskyexchange.com/p/44106/heather-dew-bot1940s,https://img.thewhiskyexchange.com/380/blend_hea3.jpg?v=202407241
2025-12-29 22:15:39,Blended,44104,Harvey's Special / Bot.1940s / Spring Cap,Harvey's,75cl / 43.4%,625.0,"(£1,000 per litre)",Blended Scotch Whisky,,In Stock,https://www.thewhiskyexchange.com/p/44104/harveys-special-bot1940s-spring-cap,https://img.thewhiskyexchange.com/380/blend_har12.jpg?v=202407241
2025-12-29 22:15:43,Blended,44080,Glen Garry / Bot.1950s,Glen Garry,75cl / 43.4%,291.67,(£466.67 per litre),Blended Scotch Whisky,,In Stock,https://www.thewhiskyexchange.com/p/44080/glen-garry-bot1950s,https://img.thewhiskyexchange.com/380/blend_gle16.jpg?v=202407241
2025-12-29 22:15:43,Blended,43809,Long John Special Reserve / Bot.1970s / 226cl (2 Quarts),Long John,226cl / 40%,291.67,(£154.87 per litre),Blended Scotch Whisky,,In Stock,https://www.thewhiskyexchange.com/p/43809/long-john-special-reserve-bot1970s-226cl-2-quarts,https://img.thewhiskyexchange.com/380/blend_lon14.jpg?v=202407241
2025-12-29 22:15:43,Blended,43248,White Heather 5 Year Old / Bot.1970s,White Heather,75cl / 43.4%,145.83,(£233.33 per litre),Blended Scotch Whisky,,In Stock,https://www.thewhiskyexchange.com/p/43248/white-heather-5-year-old-bot1970s,https://img.thewhiskyexchange.com/380/blend_whi66.jpg?v=202407241
2025-12-29 22:15:43,Blended,43180,Grand Old Parr Elizabethan / Edition 11,Old Parr,82cl / 43%,1458.33,"(£2,134.15 per litre)",Blended Scotch Whisky,,In Stock,https://www.thewhiskyexchange.com/p/43180/grand-old-parr-elizabethan-edition-11,https://img.thewhiskyexchange.com/380/blend_par40.jpg?v=202407241
2025-12-29 22:15:43,Blended,43152,Ballantine's 30 Year Old / Bot.1980s,Ballantine's,75cl / 43%,541.67,(£866.67 per litre),Blended Scotch Whisky,,In Stock,https://www.thewhiskyexchange.com/p/43152/ballantines-30-year-old-bot1980s,https://img.thewhiskyexchange.com/380/blend_bal83.jpg?v=202407241
2025-12-29 22:15:43,Blended,43134,Uam Var Famous Scotch Whisky / Bot.1960s,Uam Var ,75.7cl / 40%,332.5,(£527.08 per litre),Blended Scotch Whisky,,In Stock,https://www.thewhiskyexchange.com/p/43134/uam-var-famous-scotch-whisky-bot1960s,https://img.thewhiskyexchange.com/380/blend_uam1.jpg?v=202407241
2025-12-29 22:15:43,Blended,42929,Dewar's Half Gallon / Spring Cap / Bot.1950s,Dewar's,227cl / 40%,625.0,(£330.40 per litre),Blended Scotch Whisky,,In Stock,https://www.thewhiskyexchange.com/p/42929/dewars-half-gallon-spring-cap-bot1950s,https://img.thewhiskyexchange.com/380/blend_dew61.jpg?v=202407241
2025-12-29 22:15:43,Blended,42904,Long John Special Reserve / Bot.1940s,Long John,75cl / 43%,1000.0,"(£1,600 per litre)",Blended Scotch Whisky,,In Stock,https://www.thewhiskyexchange.com/p/42904/long-john-special-reserve-bot1940s,https://img.thewhiskyexchange.com/380/blend_lon13.jpg?v=202407241
2025-12-29 22:15:43,Blended,42839,Chivas Regal 12 Year Old / Bot.1970s,Chivas Regal,75.7cl / 43%,125.0,(£198.15 per litre),Blended Scotch Whisky,,In Stock,https://www.thewhiskyexchange.com/p/42839/chivas-regal-12-year-old-bot1970s,https://img.thewhiskyexchange.com/380/blend_chi71.jpg?v=202407241
2025-12-29 22:15:43,Blended,41994,Teacher's 1 Imperial Gallon,Teacher's,454cl / 40%,375.0,(£99.12 per litre),Blended Scotch Whisky,,In Stock,https://www.thewhiskyexchange.com/p/41994/teachers-1-imperial-gallon,https://img.thewhiskyexchange.com/380/blend_tea22.jpg?v=202407241
2025-12-29 22:15:43,Blended,41716,Dewar's Signature 25 Year Old,Dewar's,70cl / 40%,162.5,(£278.57 per litre),Blended Scotch Whisky,,In Stock,https://www.thewhiskyexchange.com/p/41716/dewars-signature-25-year-old,https://img.thewhiskyexchange.com/380/blend_dew60.jpg?v=202407241
2025-12-29 22:15:43,Blended,41413,Johnnie Walker 18 Year Old / Gold Label / Bot.1990s,Johnnie Walker,75cl / 43%,145.83,(£233.33 per litre),Blended Scotch Whisky,,In Stock,https://www.thewhiskyexchange.com/p/41413/johnnie-walker-18-year-old-gold-label-bot1990s,https://img.thewhiskyexchange.com/380/blend_joh211.jpg?v=202407241
2025-12-29 22:15:43,Blended,41408,Chivas 1990 Jubilee Reserve / Queen's Award,Chivas,75cl / 40%,249.17,(£398.67 per litre),Blended Scotch Whisky,,In Stock,https://www.thewhiskyexchange.com/p/41408/chivas-1990-jubilee-reserve-queens-award,https://img.thewhiskyexchange.com/380/blend_chi68.jpg?v=202407241
2025-12-29 22:15:43,Blended,41404,Ballantine's Gold Seal / 12 Year Old / Bot.1980s,Ballantine's,100cl / 43%,104.17,,Blended Scotch Whisky,,In Stock,https://www.thewhiskyexchange.com/p/41404/ballantines-gold-seal-12-year-old-bot1980s,https://img.thewhiskyexchange.com/380/blend_bal81.jpg?v=202407241
2025-12-29 22:15:43,Blended,40999,Chivas The Queen's Award for Export 1995,Chivas,75cl / 43%,249.17,(£398.67 per litre),Blended Scotch Whisky,,In Stock,https://www.thewhiskyexchange.com/p/40999/chivas-the-queens-award-for-export-1995,https://img.thewhiskyexchange.com/380/blend_chi66.jpg?v=202407241
2025-12-29 22:15:43,Blended,40804,Seagram 25 Year Old Club,Seagram,70cl / 40%,187.5,(£321.43 per litre),Blended Scotch Whisky,,In Stock,https://www.thewhiskyexchange.com/p/40804/seagram-25-year-old-club,https://img.thewhiskyexchange.com/380/blend_sea1.jpg?v=202407241
2025-12-29 22:15:43,Blended,40793,Putachieside Liquer Whisky / Bot.1970s,Putachieside,75cl / 43%,332.5,(£532 per litre),Blended Scotch Whisky,,In Stock,https://www.thewhiskyexchange.com/p/40793/putachieside-liquer-whisky-bot1970s,https://img.thewhiskyexchange.com/380/blend_put2.jpg?v=202407241
2025-12-29 22:15:43,Blended,40417,Bell's De Luxe 12 Year Old / Bot.1980s,Bell's,75cl / 40%,91.67,(£146.67 per litre),Blended Scotch Whisky,,In Stock,https://www.thewhiskyexchange.com/p/40417/bells-de-luxe-12-year-old-bot1980s,https://img.thewhiskyexchange.com/380/blend_bel51.jpg?v=202407241
2025-12-29 22:15:43,Blended,39769,Ballantines 17 Year Old / Bot.1970s,Ballantine's,75cl / 43%,312.5,(£500 per litre),Blended Scotch Whisky,,In Stock,https://www.thewhiskyexchange.com/p/39769/ballantines-17-year-old-bot1970s,https://img.thewhiskyexchange.com/380/blend_bal77.jpg?v=202407241
2025-12-29 22:15:43,Blended,39768,Ballantine's 12 Year Old / Bot.1980s,Ballantine's,75cl / 43%,112.5,(£180 per litre),Blended Scotch Whisky,,In Stock,https://www.thewhiskyexchange.com/p/39768/ballantines-12-year-old-bot1980s,https://img.thewhiskyexchange.com/380/blend_bal76.jpg?v=202407241
2025-12-29 22:15:43,Blended,39726,Islay Mist 8 Year Old / Bot.1970s,Islay Mist,75cl / 43%,375.0,(£600 per litre),Blended Scotch Whisky,,In Stock,https://www.thewhiskyexchange.com/p/39726/islay-mist-8-year-old-bot1970s,https://img.thewhiskyexchange.com/380/blend_isl23.jpg?v=202407241
2025-12-29 22:15:43,Blended,39243,Lauder's / Royal Northern Cream Whisky / Bot.1960s,Lauder's ,75cl / 43%,145.83,(£233.33 per litre),Blended Scotch Whisky,,In Stock,https://www.thewhiskyexchange.com/p/39243/lauders-royal-northern-cream-whisky-bot1960s,https://img.thewhiskyexchange.com/380/blend_lau1.jpg?v=202407241
2025-12-29 22:15:43,Blended,39227,Inver House / Red Plaid / Bot.1980s,Inver House,75cl / 40%,125.0,(£200 per litre),Blended Scotch Whisky,,In Stock,https://www.thewhiskyexchange.com/p/39227/inver-house-red-plaid-bot1980s,https://img.thewhiskyexchange.com/380/blend_inv9.jpg?v=202407241
2025-12-29 22:15:43,Blended,38639,Mitchells & Butlers Very Old / Bot.1950s,Mitchells & Butlers,75cl / 46%,291.67,(£466.67 per litre),Blended Scotch Whisky,,In Stock,https://www.thewhiskyexchange.com/p/38639/mitchells-butlers-very-old-bot1950s,https://img.thewhiskyexchange.com/380/blend_mit3.jpg?v=202407241
2025-12-29 22:15:48,Blended,37111,Ballantine's 30 Year Old / Bot.1970s,Ballantine's,75cl / 43%,625.0,"(£1,000 per litre)",Blended Scotch Whisky,,In Stock,https://www.thewhiskyexchange.com/p/37111/ballantines-30-year-old-bot1970s,https://img.thewhiskyexchange.com/380/blend_bal71.jpg?v=202407241
2025-12-29 22:15:48,Blended,35959,Johnnie Walker Red Label / Bot.1950s,Johnnie Walker,75cl / 40%,291.67,(£466.67 per litre),Blended Scotch Whisky,,In Stock,https://www.thewhiskyexchange.com/p/35959/johnnie-walker-red-label-bot1950s,https://img.thewhiskyexchange.com/380/blend_joh194.jpg?v=202407241
2025-12-29 22:15:48,Blended,34751,Whyte & Mackay Triple Matured,Whyte & Mackay,70cl / 40%,17.92,(£30.71 per litre),Blended Scotch Whisky,,In Stock,https://www.thewhiskyexchange.com/p/34751/whyte-mackay-triple-matured,https://img.thewhiskyexchange.com/380/blend_why43.jpg?v=202407241
2025-12-29 22:15:48,Blended,34036,Glenrosa / Bot.1940s,Glenrosa,75cl / 40%,375.0,(£600 per litre),Blended Scotch Whisky,,In Stock,https://www.thewhiskyexchange.com/p/34036/glenrosa-bot1940s,https://img.thewhiskyexchange.com/380/blend_gle12.jpg?v=202407241
2025-12-29 22:15:48,Blended,32609,Dewar's Victoria Vat / Bot.1930s / Spring Cap,Dewar's,75cl / 43%,1250.0,"(£2,000 per litre)",Blended Scotch Whisky,,In Stock,https://www.thewhiskyexchange.com/p/32609/dewars-victoria-vat-bot1930s-spring-cap,https://img.thewhiskyexchange.com/380/blend_dew55.jpg?v=202407241
2025-12-29 22:15:48,Blended,32253,Dewar's Signature / Bot.2010s,Dewar's,70cl / 40%,208.33,(£357.14 per litre),Blended Scotch Whisky,,In Stock,https://www.thewhiskyexchange.com/p/32253/dewars-signature-bot2010s,https://img.thewhiskyexchange.com/380/blend_dew53.jpg?v=202407241
2025-12-29 22:15:48,Blended,32192,Johnnie Walker White Label / Bot.~1900,Johnnie Walker,75cl / 40%,15000.0,"(£24,000 per litre)",Blended Scotch Whisky,,In Stock,https://www.thewhiskyexchange.com/p/32192/johnnie-walker-white-label-bot1900,https://img.thewhiskyexchange.com/380/blend_joh183.jpg?v=202407241
2025-12-29 22:15:48,Blended,32033,Johnnie Walker Swing / Bot.1960s,Johnnie Walker,75cl / 43%,332.5,(£532 per litre),Blended Scotch Whisky,,In Stock,https://www.thewhiskyexchange.com/p/32033/johnnie-walker-swing-bot1960s,https://img.thewhiskyexchange.com/380/blend_joh182.jpg?v=202407241
2025-12-29 22:15:48,Blended,31408,Ballantine's 17 Year Old,Ballantine's,70cl / 40%,61.25,(£105 per litre),Blended Scotch Whisky,,In Stock,https://www.thewhiskyexchange.com/p/31408/ballantines-17-year-old,https://img.thewhiskyexchange.com/380/blend_bal66.jpg?v=202407241
2025-12-29 22:15:48,Blended,31379,Ballantine's 17 Year Old / Bot.1970s,Ballantine's,75cl / 43%,291.67,(£466.67 per litre),Blended Scotch Whisky,,In Stock,https://www.thewhiskyexchange.com/p/31379/ballantines-17-year-old-bot1970s,https://img.thewhiskyexchange.com/380/blend_bal65.jpg?v=202407241
2025-12-29 22:15:48,Blended,31377,Ballantine's 17 Year Old / Bot.1980s,Ballantine's,75cl / 43%,208.33,(£333.33 per litre),Blended Scotch Whisky,,In Stock,https://www.thewhiskyexchange.com/p/31377/ballantines-17-year-old-bot1980s,https://img.thewhiskyexchange.com/380/blend_bal64.jpg?v=202407241
2025-12-29 22:15:48,Blended,30971,Gilbey's Spey Royal / Bot.1950s,Gilbey's,75cl / 40%,332.5,(£532 per litre),Blended Scotch Whisky,,In Stock,https://www.thewhiskyexchange.com/p/30971/gilbeys-spey-royal-bot1950s,https://img.thewhiskyexchange.com/380/blend_gil7.jpg?v=202407241
2025-12-29 22:15:48,Blended,30756,Grand Old Parr Elizabethan,Old Parr,78cl / 43%,1458.33,"(£2,243.59 per litre)",Blended Scotch Whisky,,In Stock,https://www.thewhiskyexchange.com/p/30756/grand-old-parr-elizabethan,https://img.thewhiskyexchange.com/380/blend_par32.jpg?v=202407241
2025-12-29 22:15:48,Blended,30241,Bell's Prince Charles Visit to Cherrybank Garden / Small,Bell's,18.75cl / 43%,249.17,(£159.47 per 10cl),Blended Scotch Whisky,,In Stock,https://www.thewhiskyexchange.com/p/30241/bells-prince-charles-visit-to-cherrybank-garden-small,https://img.thewhiskyexchange.com/380/bells_pri2.jpg?v=202407241
2025-12-29 22:15:48,Blended,29926,Bell's Hawaii / 12 Year Old,Bell's,75cl / 43%,208.33,(£333.33 per litre),Blended Scotch Whisky,,In Stock,https://www.thewhiskyexchange.com/p/29926/bells-hawaii-12-year-old,https://img.thewhiskyexchange.com/380/bells_haw2.jpg?v=202407241
2025-12-29 22:15:48,Blended,29339,Johnnie Walker Old Harmony / Bot.1970s,Johnnie Walker,75cl / 43%,249.17,(£398.67 per litre),Blended Scotch Whisky,,In Stock,https://www.thewhiskyexchange.com/p/29339/johnnie-walker-old-harmony-bot1970s,https://img.thewhiskyexchange.com/380/blend_joh176.jpg?v=202407241
2025-12-29 22:15:48,Blended,29292,Bulloch Lade's Gold Label / Bot.1950s / Spring Cap,Bulloch Lade,75cl / 40%,375.0,(£600 per litre),Blended Scotch Whisky,,In Stock,https://www.thewhiskyexchange.com/p/29292/bulloch-lades-gold-label-bot1950s-spring-cap,https://img.thewhiskyexchange.com/380/blend_bul7.jpg?v=202407241
2025-12-29 22:15:48,Blended,28429,Black Bull Kyloe,Black Bull,70cl / 50%,25.21,(£43.21 per litre),Blended Scotch Whisky,,In Stock,https://www.thewhiskyexchange.com/p/28429/black-bull-kyloe,https://img.thewhiskyexchange.com/380/blend_bla57.jpg?v=202407241
2025-12-29 22:15:48,Blended,28390,House of Commons 12 Year Old / Bot.1970s,House of Commons,75cl / 40%,145.83,(£233.33 per litre),Blended Scotch Whisky,,In Stock,https://www.thewhiskyexchange.com/p/28390/house-of-commons-12-year-old-bot1970s,https://img.thewhiskyexchange.com/380/blend_hou7.jpg?v=202407241
2025-12-29 22:15:48,Blended,26487,Black & White / Bot.1930s,Black & White,75cl / 43.4%,625.0,"(£1,000 per litre)",Blended Scotch Whisky,,In Stock,https://www.thewhiskyexchange.com/p/26487/black-white-bot1930s,https://img.thewhiskyexchange.com/380/blend_bla56.jpg?v=202407241
2025-12-29 22:15:48,Blended,25990,Dewar's Victoria Vat / Bot.1950s / Spring Cap,Dewar's,75cl / 43%,833.33,"(£1,333.33 per litre)",Blended Scotch Whisky,,In Stock,https://www.thewhiskyexchange.com/p/25990/dewars-victoria-vat-bot1950s-spring-cap,https://img.thewhiskyexchange.com/380/blend_dew50.jpg?v=202407241
2025-12-29 22:15:48,Blended,25919,Bell's Extra Special / Bot.1970s,Bell's,75cl / 40%,83.29,(£133.27 per litre),Blended Scotch Whisky,,In Stock,https://www.thewhiskyexchange.com/p/25919/bells-extra-special-bot1970s,https://img.thewhiskyexchange.com/380/blend_bel46.jpg?v=202407241
2025-12-29 22:15:48,Blended,25393,Ballantine's 17 Year Old / Bot.1980s,Ballantine's,75cl / 43%,208.33,(£333.33 per litre),Blended Scotch Whisky,,In Stock,https://www.thewhiskyexchange.com/p/25393/ballantines-17-year-old-bot1980s,https://img.thewhiskyexchange.com/380/blend_bal55.jpg?v=202407241
2025-12-29 22:15:48,Blended,25394,Buchanan's Deluxe / Bot.1950s / Spring Cap,Buchanan's,75cl / 43%,291.67,(£466.67 per litre),Blended Scotch Whisky,,In Stock,https://www.thewhiskyexchange.com/p/25394/buchanans-deluxe-bot1950s-spring-cap,https://img.thewhiskyexchange.com/380/blend_buc20.jpg?v=202407241
2025-12-29 22:15:53,Blended,25369,Royal Salute LXX 21 Year Old,Royal Salute,70cl / 40%,375.0,(£642.86 per litre),Blended Scotch Whisky,,In Stock,https://www.thewhiskyexchange.com/p/25369/royal-salute-lxx-21-year-old,https://img.thewhiskyexchange.com/380/blend_roy41.jpg?v=202407241
2025-12-29 22:15:53,Blended,24226,Bell's Extra Special / Bot.1980s,Bell's,75cl / 40%,79.12,(£126.60 per litre),Blended Scotch Whisky,,In Stock,https://www.thewhiskyexchange.com/p/24226/bells-extra-special-bot1980s,https://img.thewhiskyexchange.com/380/blend_bel45.jpg?v=202407241
2025-12-29 22:15:53,Blended,24219,Johnnie Walker Swing / Bot.1980s,Johnnie Walker,75cl / 40%,208.33,(£333.33 per litre),Blended Scotch Whisky,,In Stock,https://www.thewhiskyexchange.com/p/24219/johnnie-walker-swing-bot1980s,https://img.thewhiskyexchange.com/380/blend_joh154.jpg?v=202407241
2025-12-29 22:15:53,Blended,24112,Lord Elcho Blended Whisky,Lord Elcho,70cl / 40%,22.08,(£37.86 per litre),Blended Scotch Whisky,,In Stock,https://www.thewhiskyexchange.com/p/24112/lord-elcho-blended-whisky,https://img.thewhiskyexchange.com/380/blend_lor2.jpg?v=202407241
2025-12-29 22:15:53,Blended,24096,Johnnie Walker Red Label / Bot.1960s,Johnnie Walker,75cl / 40%,229.17,(£366.67 per litre),Blended Scotch Whisky,,In Stock,https://www.thewhiskyexchange.com/p/24096/johnnie-walker-red-label-bot1960s,https://img.thewhiskyexchange.com/380/blend_joh148.jpg?v=202407241
2025-12-29 22:15:53,Blended,23817,Ballantine's 40 Year Old / 2018 Release,Ballantine's,70cl / 43%,6000.0,"(£10,285.71 per litre)",Blended Scotch Whisky,,In Stock,https://www.thewhiskyexchange.com/p/23817/ballantines-40-year-old-2018-release,https://img.thewhiskyexchange.com/380/blend_bal52.jpg?v=202407241
2025-12-29 22:15:53,Blended,23852,Hazelwood Reserve / 90th Birthday Edition,Hazelwood,75cl / 51.4%,2083.33,"(£3,333.33 per litre)",Blended Scotch Whisky,,In Stock,https://www.thewhiskyexchange.com/p/23852/hazelwood-reserve-90th-birthday-edition,https://img.thewhiskyexchange.com/380/blend_haz3.jpg?v=202407241
2025-12-29 22:15:53,Blended,23200,Black Bottle / Bot.1960s,Black Bottle,75cl / 40%,165.83,(£265.33 per litre),Blended Scotch Whisky,,In Stock,https://www.thewhiskyexchange.com/p/23200/black-bottle-bot1960s,https://img.thewhiskyexchange.com/380/blend_bla50.jpg?v=202407241
2025-12-29 22:15:53,Blended,22607,Royal Salute 21 Year Old / Bot.1980s / Brown Wade Decanter,Royal Salute,75cl / 40%,291.67,(£466.67 per litre),Blended Scotch Whisky,,In Stock,https://www.thewhiskyexchange.com/p/22607/royal-salute-21-year-old-bot1980s-brown-wade-decanter,https://img.thewhiskyexchange.com/380/blend_roy37.jpg?v=202407241
2025-12-29 22:15:53,Blended,22127,Chivas Regal 12 Year Old / Bot.1970s,Chivas Regal,75cl / 43%,125.0,(£200 per litre),Blended Scotch Whisky,,In Stock,https://www.thewhiskyexchange.com/p/22127/chivas-regal-12-year-old-bot1970s,https://img.thewhiskyexchange.com/380/blend_chi41.jpg?v=202407241
2025-12-29 22:15:53,Blended,21586,Lord Elcho 15 Year Old / Wemyss Malts,Lord Elcho,70cl / 40%,42.46,(£72.79 per litre),Blended Scotch Whisky,,In Stock,https://www.thewhiskyexchange.com/p/21586/lord-elcho-15-year-old-wemyss-malts,https://img.thewhiskyexchange.com/380/blend_lor1.jpg?v=202407241
2025-12-29 22:15:53,Blended,21337,Johnnie Walker Swing / Bot.1980s,Johnnie Walker,75cl / 40%,208.33,(£333.33 per litre),Blended Scotch Whisky,,In Stock,https://www.thewhiskyexchange.com/p/21337/johnnie-walker-swing-bot1980s,https://img.thewhiskyexchange.com/380/blend_joh136.jpg?v=202407241
2025-12-29 22:15:53,Blended,21333,Alex Ferguson / Bot.1930s,Alex Ferguson,75cl / 40%,412.5,(£660 per litre),Blended Scotch Whisky,,In Stock,https://www.thewhiskyexchange.com/p/21333/alex-ferguson-bot1930s,https://img.thewhiskyexchange.com/380/blend_ale2.jpg?v=202407241
2025-12-29 22:15:53,Blended,20676,Gilbey's Spey Royal / Bot.1940s,Gilbey's,75cl / 40%,625.0,"(£1,000 per litre)",Blended Scotch Whisky,,In Stock,https://www.thewhiskyexchange.com/p/20676/gilbeys-spey-royal-bot1940s,https://img.thewhiskyexchange.com/380/blend_gil4.jpg?v=202407241
2025-12-29 22:15:53,Blended,20661,White Horse / Bot.1950s / Spring Cap,White Horse,75cl / 43.4%,833.33,"(£1,333.33 per litre)",Blended Scotch Whisky,,In Stock,https://www.thewhiskyexchange.com/p/20661/white-horse-bot1950s-spring-cap,https://img.thewhiskyexchange.com/380/blend_whi53.jpg?v=202407241
2025-12-29 22:15:53,Blended,20655,Stewart's Cream of the Barley 21 Year Old / Bot.1940s,Stewart's,75cl / 40%,1000.0,"(£1,600 per litre)",Blended Scotch Whisky,,In Stock,https://www.thewhiskyexchange.com/p/20655/stewarts-cream-of-the-barley-21-year-old-bot1940s,https://img.thewhiskyexchange.com/380/blend_ste7.jpg?v=202407241
2025-12-29 22:15:53,Blended,20438,Logan's De Luxe / Bot.1970s,Logan's,75cl / 40%,195.83,(£313.33 per litre),Blended Scotch Whisky,,In Stock,https://www.thewhiskyexchange.com/p/20438/logans-de-luxe-bot1970s,https://img.thewhiskyexchange.com/380/blend_log7.jpg?v=202407241
2025-12-29 22:15:53,Blended,20118,Findlater's  V.O. / 10 Years Old / Bot.1940s,Findlater's,75cl / 43%,332.5,(£532 per litre),Blended Scotch Whisky,,In Stock,https://www.thewhiskyexchange.com/p/20118/findlaters-vo-10-years-old-bot1940s,https://img.thewhiskyexchange.com/380/blend_fin9.jpg?v=202407241
2025-12-29 22:15:53,Blended,19881,Haig's Gold Label / Cork Stopper / Bot.1940s (GEORGE VI),Haig,75cl / 40%,458.33,(£733.33 per litre),Blended Scotch Whisky,,In Stock,https://www.thewhiskyexchange.com/p/19881/haigs-gold-label-cork-stopper-bot1940s-george-vi,https://img.thewhiskyexchange.com/380/blend_hai30.jpg?v=202407241
2025-12-29 22:15:53,Blended,19012,Bell's Royal Reserve 20 Year Old / Bot.1970s,Bell's,75cl / 43%,187.5,(£300 per litre),Blended Scotch Whisky,,In Stock,https://www.thewhiskyexchange.com/p/19012/bells-royal-reserve-20-year-old-bot1970s,https://img.thewhiskyexchange.com/380/blend_bel37.jpg?v=202407241
2025-12-29 22:15:53,Blended,18975,Chivas Regal 12 Year Old / Bot.1980s / US Gallon,Chivas Regal,378cl / 43%,375.0,(£119.05 per litre),Blended Scotch Whisky,,In Stock,https://www.thewhiskyexchange.com/p/18975/chivas-regal-12-year-old-bot1980s-us-gallon,https://img.thewhiskyexchange.com/380/blend_chi35.jpg?v=202407241
2025-12-29 22:15:53,Blended,18295,Sandy Macdonald / Bot.1950s,Sandy Macdonald,75cl / 43%,312.5,(£500 per litre),Blended Scotch Whisky,,In Stock,https://www.thewhiskyexchange.com/p/18295/sandy-macdonald-bot1950s,https://img.thewhiskyexchange.com/380/blend_san4.jpg?v=202407241
2025-12-29 22:15:53,Blended,18293,Gilbey's 8 Year Old / Bot.1950s,Gilbey's,75cl / 43%,208.33,(£333.33 per litre),Blended Scotch Whisky,,In Stock,https://www.thewhiskyexchange.com/p/18293/gilbeys-8-year-old-bot1950s,https://img.thewhiskyexchange.com/380/blend_gil3.jpg?v=202407241
2025-12-29 22:15:53,Blended,18229,Award 76 Special Reserve / Chivas,Chivas,75cl / 40%,249.17,(£398.67 per litre),Blended Scotch Whisky,,In Stock,https://www.thewhiskyexchange.com/p/18229/award-76-special-reserve-chivas,https://img.thewhiskyexchange.com/380/blend_chi34.jpg?v=202407241
2025-12-29 22:15:56,Blended,18135,MacNaMara Gaelic,MacNaMara,70cl / 40%,24.79,(£42.50 per litre),Blended Scotch Whisky,,In Stock,https://www.thewhiskyexchange.com/p/18135/macnamara-gaelic,https://img.thewhiskyexchange.com/380/blend_mac13.jpg?v=202407241
2025-12-29 22:15:56,Blended,17980,Ballantine's 17 Year Old / Bot.1970s,Ballantine's,75cl / 43%,291.67,(£466.67 per litre),Blended Scotch Whisky,,In Stock,https://www.thewhiskyexchange.com/p/17980/ballantines-17-year-old-bot1970s,https://img.thewhiskyexchange.com/380/blend_bal37.jpg?v=202407241
2025-12-29 22:15:56,Blended,17562,Wright & Greigs Blended Whisky / Bot.1980s / Large Bottle,Wright & Greigs,114cl / 40%,41.04,(£43.20 per litre),Blended Scotch Whisky,,In Stock,https://www.thewhiskyexchange.com/p/17562/wright-greigs-blended-whisky-bot1980s-large-bottle,https://img.thewhiskyexchange.com/380/blend_wri1.jpg?v=202407241
2025-12-29 22:15:56,Blended,16209,Bulloch Lade's / Bot.1950s / Spring Cap,Bulloch Lade,75cl / 43.4%,412.5,(£660 per litre),Blended Scotch Whisky,,In Stock,https://www.thewhiskyexchange.com/p/16209/bulloch-lades-bot1950s-spring-cap,https://img.thewhiskyexchange.com/380/blend_bul3.jpg?v=202407241
2025-12-29 22:15:56,Blended,16105,Johnnie Walker Black Label / Extra Special / Bot.1970s,Johnnie Walker,75cl / 40%,187.5,(£300 per litre),Blended Scotch Whisky,,In Stock,https://www.thewhiskyexchange.com/p/16105/johnnie-walker-black-label-extra-special-bot1970s,https://img.thewhiskyexchange.com/380/blend_joh98.jpg?v=202407241
2025-12-29 22:15:56,Blended,15943,Haig Gold Label / Bot.1960s / Spring Cap,Haig,75cl / 40%,249.17,(£398.67 per litre),Blended Scotch Whisky,,In Stock,https://www.thewhiskyexchange.com/p/15943/haig-gold-label-bot1960s-spring-cap,https://img.thewhiskyexchange.com/380/blend_hai22.jpg?v=202407241
2025-12-29 22:15:56,Blended,15918,Chivas Regal 12 Year Old / Bot.1970s,Chivas Regal,75cl / 43%,125.0,(£200 per litre),Blended Scotch Whisky,,In Stock,https://www.thewhiskyexchange.com/p/15918/chivas-regal-12-year-old-bot1970s,https://img.thewhiskyexchange.com/380/blend_chi32.jpg?v=202407241
2025-12-29 22:15:56,Blended,15917,Bell's Extra Special / Bot.1970s,Bell's,75.7cl / 40%,83.29,(£132.03 per litre),Blended Scotch Whisky,,In Stock,https://www.thewhiskyexchange.com/p/15917/bells-extra-special-bot1970s,https://img.thewhiskyexchange.com/380/blend_bel29.jpg?v=202407241
2025-12-29 22:15:56,Blended,15894,Hazelwood Janet Sheed Roberts / 110th Birthday Edition,Hazelwood,70cl / 55%,375.0,(£642.86 per litre),Blended Scotch Whisky,,In Stock,https://www.thewhiskyexchange.com/p/15894/hazelwood-janet-sheed-roberts-110th-birthday-edition,https://img.thewhiskyexchange.com/380/blend_haz2.jpg?v=202407241
2025-12-29 22:15:56,Blended,15321,Black & White / Bot.1939 / Late King George V,Black & White,75cl / 40%,625.0,"(£1,000 per litre)",Blended Scotch Whisky,,In Stock,https://www.thewhiskyexchange.com/p/15321/black-white-bot1939-late-king-george-v,https://img.thewhiskyexchange.com/380/blend_bla32.jpg?v=202407241
2025-12-29 22:15:56,Blended,14170,Chivas Silver Jubilee (1952-1977),Chivas,75cl / 40%,375.0,(£600 per litre),Blended Scotch Whisky,,In Stock,https://www.thewhiskyexchange.com/p/14170/chivas-silver-jubilee-1952-1977,https://img.thewhiskyexchange.com/380/blend_chi29.jpg?v=202407241
2025-12-29 22:15:56,Blended,14007,Ballantine's Celebration,Ballantine's,70cl / 47%,100.0,(£171.43 per litre),Blended Scotch Whisky,,In Stock,https://www.thewhiskyexchange.com/p/14007/ballantines-celebration,https://img.thewhiskyexchange.com/380/blend_bal29.jpg?v=202407241
2025-12-29 22:15:56,Blended,13960,Ballantine's 12 Year Old / Bot.1980s,Ballantine's,75cl / 40%,112.5,(£180 per litre),Blended Scotch Whisky,,In Stock,https://www.thewhiskyexchange.com/p/13960/ballantines-12-year-old-bot1980s,https://img.thewhiskyexchange.com/380/blend_bal28.jpg?v=202407241
2025-12-29 22:15:56,Blended,13647,Bulloch Lade's Gold Label / Bot.1950s / Spring Cap,Bulloch Lade,75cl / 40%,375.0,(£600 per litre),Blended Scotch Whisky,,In Stock,https://www.thewhiskyexchange.com/p/13647/bulloch-lades-gold-label-bot1950s-spring-cap,https://img.thewhiskyexchange.com/380/blend_bul2.jpg?v=202407241
2025-12-29 22:15:56,Blended,13527,The John Walker / Baccarat Crystal Decanter,Johnnie Walker,70cl / 40%,2916.67,"(£5,000 per litre)",Blended Scotch Whisky,,In Stock,https://www.thewhiskyexchange.com/p/13527/the-john-walker-baccarat-crystal-decanter,https://img.thewhiskyexchange.com/380/blend_joh77.jpg?v=202407241
2025-12-29 22:15:56,Blended,13454,Johnnie Walker Swing / Bot.1980s,Johnnie Walker,75cl / 43%,208.33,(£333.33 per litre),Blended Scotch Whisky,,In Stock,https://www.thewhiskyexchange.com/p/13454/johnnie-walker-swing-bot1980s,https://img.thewhiskyexchange.com/380/blend_joh76.jpg?v=202407241
2025-12-29 22:15:56,Blended,13126,Teacher's Highland Cream / Bot.1980s,Teacher's,75cl / 40%,66.62,(£106.60 per litre),Blended Scotch Whisky,,In Stock,https://www.thewhiskyexchange.com/p/13126/teachers-highland-cream-bot1980s,https://img.thewhiskyexchange.com/380/blend_tea8.jpg?v=202407241
2025-12-29 22:15:56,Blended,13109,Chivas Regal 12 Year Old / Bot.1980s,Chivas Regal,70cl / 40%,91.67,(£157.14 per litre),Blended Scotch Whisky,,In Stock,https://www.thewhiskyexchange.com/p/13109/chivas-regal-12-year-old-bot1980s,https://img.thewhiskyexchange.com/380/blend_chi24.jpg?v=202407241
2025-12-29 22:15:56,Blended,12687,Sandy Macdonald / Bot.1960s / Spring Cap,Sandy Macdonald,75cl / 43%,187.5,(£300 per litre),Blended Scotch Whisky,,In Stock,https://www.thewhiskyexchange.com/p/12687/sandy-macdonald-bot1960s-spring-cap,https://img.thewhiskyexchange.com/380/blend_san2.jpg?v=202407241
2025-12-29 22:15:56,Blended,11609,King William IV VOP / Bot.1950s,King William,75cl / 43%,312.5,(£500 per litre),Blended Scotch Whisky,,In Stock,https://www.thewhiskyexchange.com/p/11609/king-william-iv-vop-bot1950s,https://img.thewhiskyexchange.com/380/blend_kin23.jpg?v=202407241
2025-12-29 22:15:56,Blended,11537,Whyte & Mackay 30 Year Old / Rare Reserve,Whyte & Mackay,70cl / 43%,332.5,(£570 per litre),Blended Scotch Whisky,,In Stock,https://www.thewhiskyexchange.com/p/11537/whyte-mackay-30-year-old-rare-reserve,https://img.thewhiskyexchange.com/380/blend_why30.jpg?v=202407241
2025-12-29 22:15:56,Blended,11144,Hazelwood Centennial Reserve / 20 Year Old,Hazelwood,70cl / 40%,395.83,(£678.57 per litre),Blended Scotch Whisky,,In Stock,https://www.thewhiskyexchange.com/p/11144/hazelwood-centennial-reserve-20-year-old,https://img.thewhiskyexchange.com/380/blend_haz1.jpg?v=202407241
2025-12-29 22:15:56,Blended,10362,Chivas Imperial 18 Year Old,Chivas,70cl / 43%,165.83,(£284.29 per litre),Blended Scotch Whisky,,In Stock,https://www.thewhiskyexchange.com/p/10362/chivas-imperial-18-year-old,https://img.thewhiskyexchange.com/380/blend_chi14.jpg?v=202407241
2025-12-29 22:15:56,Blended,10050,Haig's Gold Label / 1940s / Spring Cap,Haig,75cl / 40%,375.0,(£600 per litre),Blended Scotch Whisky,,In Stock,https://www.thewhiskyexchange.com/p/10050/haigs-gold-label-1940s-spring-cap,https://img.thewhiskyexchange.com/380/blend_hai17.jpg?v=202407241
