scraped_at,category,product_id,name,brand,variant,price_ex_vat_gbp,unit_price_raw,region,promo_label,status,product_url,image_url,rating_stars,review_count,price_inc_vat_gbp,price_before_discount_gbp,style_body,style_richness,style_smoke,style_sweetness,character_notes,fact_bottler,fact_country,fact_region,fact_cask_type,fact_colouring
2026-01-15 09:15:51,Single Malt,3121,Lagavulin 16 Year Old,Lagavulin,70cl / 43%,65.79,(£112.79 per litre),Islay,,In Stock,https://www.thewhiskyexchange.com/p/3121/lagavulin-16-year-old,https://img.thewhiskyexchange.com/380/lgvob.16yo.jpg?v=202407241,4.5,372,78.95,,4,3,4,3,Orange|Kippers|Smoke|Brine|Pineapple,Distillery Bottling,Scotland,Islay,,Yes
2026-01-15 09:15:51,Single Malt,86756,Thompson Bros Mystery Malt Series No.5,Various Distilleries,70cl / 46.3%,54.12,(£92.79 per litre),Single Malt Scotch Whisky,,In Stock,https://www.thewhiskyexchange.com/p/86756/thompson-bros-mystery-malt-series-no5,https://img.thewhiskyexchange.com/380/malts_tho4.jpg?v=202407241,,,64.95,,,,,,,Thompson Bros,Scotland,,,
2026-01-15 09:15:51,Single Malt,83347,Aberlour A'Bunadh,Aberlour,70cl / 60%,78.12,(£91.07 per litre),Speyside,Special Offer: £30 Off!,In Stock,https://www.thewhiskyexchange.com/p/83347/aberlour-abunadh,https://img.thewhiskyexchange.com/380/ablob.non65.jpg?v=202407241,,,63.75,93.75,4,4,0,3,Walnut|Nougat|Orange|Cinnamon,Distillery Bottling,Scotland,Speyside,Oloroso Sherry Butt,
2026-01-15 09:15:51,Single Malt,284,Balvenie 12 Year Old DoubleWood,Balvenie,70cl / 40%,44.58,(£66.43 per litre),Speyside,Special Offer: £7 Off!,In Stock,https://www.thewhiskyexchange.com/p/284/balvenie-12-year-old-doublewood,https://img.thewhiskyexchange.com/380/balob.12yo.jpg?v=202407241,4.5,150,46.50,53.50,3,4,0,4,Cinnamon|Raspberry|Milk Chocolate|Black Pepper|Stewed Fruit|Apple,Distillery Bottling,Scotland,Speyside,Sherry  Finish,Yes
2026-01-15 09:15:51,Single Malt,43741,Glenallachie 12 Year Old,Glenallachie,70cl / 46%,40.42,(£69.29 per litre),Speyside,,In Stock,https://www.thewhiskyexchange.com/p/43741/glenallachie-12-year-old,https://img.thewhiskyexchange.com/380/gleob.12yov4.jpg?v=202407241,4.5,17,48.50,,3,3,0,3,Butterscotch|Honey|Raisins|Marzipan|Banana|Milk Chocolate,Distillery Bottling,Scotland,Speyside,,No
2026-01-15 09:15:51,Single Malt,232,Arran 10 Year Old,Arran,70cl / 46%,38.96,(£66.79 per litre),Island,,In Stock,https://www.thewhiskyexchange.com/p/232/arran-10-year-old,https://img.thewhiskyexchange.com/380/arrob.10yov1.jpg?v=202407241,4.5,43,46.75,,2,2,0,2,Lemon|Vanilla|Orange|Cinnamon,Distillery Bottling,Scotland,Island,,No
2026-01-15 09:15:51,Single Malt,51008,Glenallachie 15 Year Old / Sherry Cask,Glenallachie,70cl / 46%,57.08,(£97.86 per litre),Speyside,,In Stock,https://www.thewhiskyexchange.com/p/51008/glenallachie-15-year-old-sherry-cask,https://img.thewhiskyexchange.com/380/gleob.15yo.jpg?v=202407241,5,26,68.50,,4,3,0,4,Toffee|Hazelnut|Honey|Orange|Ginger|Cherry,Distillery Bottling,Scotland,Speyside,Sherry,No
2026-01-15 09:15:51,Single Malt,3512,Macallan 12 Year Old Sherry Oak,Macallan,70cl / 40%,72.46,(£124.21 per litre),Speyside,,In Stock,https://www.thewhiskyexchange.com/p/3512/macallan-12-year-old-sherry-oak,https://img.thewhiskyexchange.com/380/macob.12yo.jpg?v=202407241,4.5,100,86.95,,3,3,1,2,Dried Fruit|Sherry|Smoke|Plums|Prunes|Oak,Distillery Bottling,Scotland,Speyside,Sherry,No
2026-01-15 09:15:51,Single Malt,34537,Macallan 12 Year Old Double Cask,Macallan,70cl / 40%,64.96,(£111.36 per litre),Speyside,,In Stock,https://www.thewhiskyexchange.com/p/34537/macallan-12-year-old-double-cask,https://img.thewhiskyexchange.com/380/macob.12yov26.jpg?v=202407241,4,39,77.95,,3,3,0,2,Vanilla|Custard|Orange|Raisins|Ginger|Nutmeg,Distillery Bottling,Scotland,Speyside,Oloroso Sherry,No
2026-01-15 09:15:51,Single Malt,17985,Balvenie 14 Year Old Caribbean Cask,Balvenie,70cl / 43%,59.79,(£102.50 per litre),Speyside,,In Stock,https://www.thewhiskyexchange.com/p/17985/balvenie-14-year-old-caribbean-cask,https://img.thewhiskyexchange.com/380/balob.14yov4.jpg?v=202407241,4.5,73,71.75,,3,3,0,4,Rum|Honey|Raisins|Toffee|Nutmeg|Cream,Distillery Bottling,Scotland,Speyside,Rum,Yes
2026-01-15 09:15:51,Single Malt,64213,Cragganmore 2009 Distillers Edition / Bot.2021,Cragganmore,70cl / 40%,58.29,(£64.21 per litre),Speyside,Special Offer: £25 Off!,In Stock,https://www.thewhiskyexchange.com/p/64213/cragganmore-2009-distillers-edition-bot2021,https://img.thewhiskyexchange.com/380/cgmob.2009.jpg?v=202407241,5,2,44.95,69.95,2,2,1,3,Malt|Vanilla|Oak|Dark Chocolate|Smoke|Banana,Distillery Bottling,Scotland,Speyside,Port  Finish,
2026-01-15 09:15:51,Single Malt,73311,Laphroaig 10 Year Old Cask Strength / Batch 016,Laphroaig,70cl / 58.5%,58.29,(£71.36 per litre),Islay,Special Offer: £20 Off!,In Stock,https://www.thewhiskyexchange.com/p/73311/laphroaig-10-year-old-cask-strength-batch-016,https://img.thewhiskyexchange.com/380/lrgob.10yov92.jpg?v=202407241,,,49.95,69.95,4,4,4,2,Oil|Kippers|Apple|Peat smoke|Meat|Leather,Distillery Bottling,Scotland,Islay,,
2026-01-15 09:15:51,Single Malt,15703,Glenlivet 18 Year Old Batch Reserve,Glenlivet,70cl / 40%,83.29,(£142.79 per litre),Speyside,,In Stock,https://www.thewhiskyexchange.com/p/15703/glenlivet-18-year-old-batch-reserve,https://img.thewhiskyexchange.com/380/glvob.18yov1.jpg?v=202407241,4.5,57,99.95,,4,3,0,4,Raisins|Honey|Malt|Nutmeg|Clove|Orange,Distillery Bottling,Scotland,Speyside,,Yes
2026-01-15 09:15:51,Single Malt,47814,Clynelish Reserve / Game of Thrones House Tyrell,Clynelish,70cl / 51.2%,36.62,(£62.79 per litre),Highland,,In Stock,https://www.thewhiskyexchange.com/p/47814/clynelish-reserve-game-of-thrones-house-tyrell,https://img.thewhiskyexchange.com/380/clyob.non4.jpg?v=202407241,5,13,43.95,,3,2,1,4,Vanilla|Salt (powder)|Mango|Pineapple|Wax|Heather,Distillery Bottling,Scotland,Highland,,
2026-01-15 09:15:51,Single Malt,4132,Oban 14 Year Old,Oban,70cl / 43%,72.71,(£124.64 per litre),Highland,,In Stock,https://www.thewhiskyexchange.com/p/4132/oban-14-year-old,https://img.thewhiskyexchange.com/380/obnob.14yo.jpg?v=202407241,4.5,132,87.25,,4,4,2,2,Figs|Malt|Honey|Smoke,Distillery Bottling,Scotland,Highland,,Yes
2026-01-15 09:15:51,Single Malt,7218,Dalmore 15 Year Old,Dalmore,70cl / 40%,91.67,(£157.14 per litre),Highland,,In Stock,https://www.thewhiskyexchange.com/p/7218/dalmore-15-year-old,https://img.thewhiskyexchange.com/380/dlmob.15yo.jpg?v=202407241,4.5,79,110,,4,5,0,4,Christmas Cake|Raisins|Cinnamon|Cherry|Nutmeg|Ginger,Distillery Bottling,Scotland,Highland,,Yes
2026-01-15 09:15:51,Single Malt,43962,Port Charlotte 10 Year Old,Port Charlotte,70cl / 50%,49.38,(£84.64 per litre),Islay,,In Stock,https://www.thewhiskyexchange.com/p/43962/port-charlotte-10-year-old,https://img.thewhiskyexchange.com/380/pclob.10yov3.jpg?v=202407241,5,64,59.25,,4,4,4,1,Iodine (tcp)|Smoke|Cream|Carbolic Soap|Salt (powder)|Seaweed,Distillery Bottling,Scotland,Islay,,No
2026-01-15 09:15:51,Single Malt,72226,Mortlach Natural Cask Strength / Special Releases 2023,Mortlach,70cl / 58%,195.83,(£157.14 per litre),Speyside,Special Offer: £125 Off!,In Stock,https://www.thewhiskyexchange.com/p/72226/mortlach-natural-cask-strength-special-releases-2023,https://img.thewhiskyexchange.com/380/mtlob.non4.jpg?v=202407241,,,110,235,4,5,0,3,Blackberry|Cinnamon|Rosemary|Mushroom,Distillery Bottling,Scotland,Speyside,,
2026-01-15 09:15:51,Single Malt,82931,Scapa 10 Year Old,Scapa,70cl / 48%,44.12,(£75.64 per litre),Island,,In Stock,https://www.thewhiskyexchange.com/p/82931/scapa-10-year-old,https://img.thewhiskyexchange.com/380/scpob.10yov2.jpg?v=202407241,5,4,52.95,,3,3,0,3,Pineapple|Caramel|Banana|Cinnamon|Sponge cake,Distillery Bottling,Scotland,Island,,
2026-01-15 09:15:51,Single Malt,1665,Clynelish 14 Year Old,Clynelish,70cl / 46%,47.08,(£80.71 per litre),Highland,,In Stock,https://www.thewhiskyexchange.com/p/1665/clynelish-14-year-old,https://img.thewhiskyexchange.com/380/clyob.14yo.jpg?v=202407241,4.5,71,56.50,,3,2,1,3,Lemon|Brine|Cinnamon|Heather|Wax|Honey,Distillery Bottling,Scotland,Highland,,Yes
2026-01-15 09:15:51,Single Malt,1902,Edradour 10 Year Old,Edradour,70cl / 46%,38.75,(£60.71 per litre),Highland,Special Offer: £4 Off!,In Stock,https://www.thewhiskyexchange.com/p/1902/edradour-10-year-old,https://img.thewhiskyexchange.com/380/edrob.10yov1.jpg?v=202407241,5,90,42.50,46.50,3,2,0,3,Honey|Biscuits|Nutmeg|Vanilla|Apple,Distillery Bottling,Scotland,Highland,,No
2026-01-15 09:15:51,Single Malt,52345,Mortlach 15 Year Old / Game of Thrones Six Kingdoms,Mortlach,70cl / 46%,74.12,(£92.79 per litre),Speyside,Special Offer: £24 Off!,In Stock,https://www.thewhiskyexchange.com/p/52345/mortlach-15-year-old-game-of-thrones-six-kingdoms,https://img.thewhiskyexchange.com/380/mtlob.15yo.jpg?v=202407241,4.5,2,64.95,88.95,4,3,0,3,Clove|Raisins|Apple|Dates|Dark Chocolate|Fruit Cake,Distillery Bottling,Scotland,Speyside,Bourbon Barrel Finish,
2026-01-15 09:15:51,Single Malt,3395,Laphroaig 10 Year Old,Laphroaig,70cl / 40%,34.12,(£58.50 per litre),Islay,,In Stock,https://www.thewhiskyexchange.com/p/3395/laphroaig-10-year-old,https://img.thewhiskyexchange.com/380/lrgob.10yov1.jpg?v=202407241,4.5,314,40.95,,3,5,5,2,Iodine (tcp)|Seaweed|Salt (powder)|Lemon|Pear|Peat smoke,Distillery Bottling,Scotland,Islay,,Yes
2026-01-15 09:15:51,Single Malt,4398,Royal Lochnagar 12 Year Old,Royal Lochnagar,70cl / 40%,39.96,(£68.50 per litre),Highland,,In Stock,https://www.thewhiskyexchange.com/p/4398/royal-lochnagar-12-year-old,https://img.thewhiskyexchange.com/380/rlnob.12yo.jpg?v=202407241,4.5,44,47.95,,3,2,0,3,Oak|Toffee|Lemon|Lychee|Oil,Distillery Bottling,Scotland,,,Yes
2026-01-15 09:15:55,Single Malt,64061,Glendronach 15 Year Old / Sherry Cask Matured,Glendronach,70cl / 46%,67.71,(£101.79 per litre),Highland,Special Offer: £10 Off!,In Stock,https://www.thewhiskyexchange.com/p/64061/glendronach-15-year-old-sherry-cask-matured,https://img.thewhiskyexchange.com/380/grnob.15yov10.jpg?v=202407241,,,71.25,81.25,4,4,0,4,Mint|Dark Chocolate|Figs|Dried Fruit|Cherry|Raisins,Distillery Bottling,Scotland,Highland,Sherry,No
2026-01-15 09:15:55,Single Malt,2400,Glenlivet 15 Year Old / French Oak Reserve,Glenlivet,70cl / 40%,53.75,(£92.14 per litre),Speyside,,In Stock,https://www.thewhiskyexchange.com/p/2400/glenlivet-15-year-old-french-oak-reserve,https://img.thewhiskyexchange.com/380/glvob.15yov1.jpg?v=202407241,4.5,73,64.50,,3,3,0,2,Almond|Dried Fruit|Butter,Distillery Bottling,Scotland,Speyside,,Yes
2026-01-15 09:15:55,Single Malt,55981,Nc'nean Organic Single Malt,Nc'nean,70cl / 46%,43.12,(£73.93 per litre),Highland,,In Stock,https://www.thewhiskyexchange.com/p/55981/ncnean-organic-single-malt,https://img.thewhiskyexchange.com/380/ncnob.non1.jpg?v=202407241,4.5,15,51.75,,3,1,0,3,Vanilla|White Pepper|Lemon|Apricot|Peach,Distillery Bottling,Scotland,Highland,,
2026-01-15 09:15:55,Single Malt,42534,Jura 10 Year Old,Jura,70cl / 40%,29.38,(£50.36 per litre),Island,,In Stock,https://www.thewhiskyexchange.com/p/42534/jura-10-year-old,https://img.thewhiskyexchange.com/380/iojob.10yov9.jpg?v=202407241,3.5,27,35.25,,3,3,1,4,Raisins|Strawberry|Salt (powder)|Cinnamon|Dark Chocolate|Liquorice root,Distillery Bottling,Scotland,Island,Oloroso Sherry Butt Finish,Yes
2026-01-15 09:15:55,Single Malt,68805,Islay 1991 / 30 Year Old / Signatory for The Whisky Exchange,Undisclosed Distillery,70cl / 50.7%,395.83,(£421.43 per litre),Islay,Special Offer: £180 Off!,In Stock,https://www.thewhiskyexchange.com/p/68805/islay-1991-30-year-old-signatory-for-the-whisky-exchange,https://img.thewhiskyexchange.com/380/malts_sig1991.jpg?v=202407241,,,295,475,3,2,2,3,Dark Chocolate|Smoke|Lime|Apple|Mint|Tar,Signatory,Scotland,Islay,Bourbon Barrel,
2026-01-15 09:15:55,Single Malt,2072,Glenfarclas 25 Year Old,Glenfarclas,70cl / 43%,179.17,(£307.14 per litre),Speyside,,In Stock,https://www.thewhiskyexchange.com/p/2072/glenfarclas-25-year-old,https://img.thewhiskyexchange.com/380/gfcob.25yo.jpg?v=202407241,5,26,215,,4,5,0,4,Hazelnut|Fruit Cake|Dark Chocolate|Coffee,Distillery Bottling,Scotland,Speyside,,No
2026-01-15 09:15:55,Single Malt,1619,Caol Ila 12 Year Old,Caol Ila,70cl / 43%,45.62,(£78.21 per litre),Islay,,In Stock,https://www.thewhiskyexchange.com/p/1619/caol-ila-12-year-old,https://img.thewhiskyexchange.com/380/cilob.12yov1.jpg?v=202407241,4,104,54.75,,3,3,3,2,Smoke|Apple|Lemon|Brine|Oysters|Vanilla,Distillery Bottling,Scotland,Islay,,Yes
2026-01-15 09:15:55,Single Malt,86607,Torabhaig 2018 Scottish Oak Single Cask / Exclusive to The Whisky Exchange,Torabhaig ,70cl / 58.7%,83.29,(£142.79 per litre),Island,,In Stock,https://www.thewhiskyexchange.com/p/86607/torabhaig-2018-scottish-oak-single-cask-exclusive-to-the-whisky-exchange,https://img.thewhiskyexchange.com/380/trbob.2018.jpg?v=202407241,,,99.95,,4,3,3,2,Apple|Smoke|Oak|Pine|Black Pepper|Dark Chocolate,Distillery Bottling,Scotland,Island,,
2026-01-15 09:15:55,Single Malt,86493,Arran 10 Year Old Arran Barley,Arran,70cl / 50%,48.12,(£82.50 per litre),Island,,In Stock,https://www.thewhiskyexchange.com/p/86493/arran-10-year-old-arran-barley,https://img.thewhiskyexchange.com/380/arrob.10yov8.jpg?v=202407241,5,2,57.75,,3,4,0,3,Vanilla|Custard|Shortbread|Mixed Herb|Aniseed,Distillery Bottling,Scotland,Island,,No
2026-01-15 09:15:55,Single Malt,48763,Balblair 18 Year Old,Balblair,70cl / 46%,118.33,(£202.86 per litre),Highland,,In Stock,https://www.thewhiskyexchange.com/p/48763/balblair-18-year-old,https://img.thewhiskyexchange.com/380/blbob.18yo.jpg?v=202407241,5,2,142,,3,4,0,3,Cinnamon|Apricot|Pear|Nutmeg|Vanilla|Oak,Distillery Bottling,Scotland,Highland,First-fill  Sherry Butt Finish,No
2026-01-15 09:15:55,Single Malt,48761,Balblair 12 Year Old,Balblair,70cl / 46%,44.79,(£76.79 per litre),Highland,,In Stock,https://www.thewhiskyexchange.com/p/48761/balblair-12-year-old,https://img.thewhiskyexchange.com/380/blbob.12yo.jpg?v=202407241,5,8,53.75,,2,3,0,3,Cinnamon|Orange|Vanilla|Leather|Honey,Distillery Bottling,Scotland,Highland,,No
2026-01-15 09:15:55,Single Malt,12827,Bunnahabhain 12 Year Old,Bunnahabhain,70cl / 46.3%,38.12,(£65.36 per litre),Islay,,In Stock,https://www.thewhiskyexchange.com/p/12827/bunnahabhain-12-year-old,https://img.thewhiskyexchange.com/380/bunob.12yov3.jpg?v=202407241,4.5,166,45.75,,3,3,1,3,Vanilla|Smoke|Cream|Oak|Cherry|Dried Fruit,Distillery Bottling,Scotland,Islay,,No
2026-01-15 09:15:55,Single Malt,81812,Glendronach 12 Year Old / Sherry Cask Matured,Glendronach,70cl / 43%,44.38,(£76.07 per litre),Highland,,In Stock,https://www.thewhiskyexchange.com/p/81812/glendronach-12-year-old-sherry-cask-matured,https://img.thewhiskyexchange.com/380/grnob.12yov38.jpg?v=202407241,,,53.25,,4,3,0,4,Stewed Fruit|Leaves|Ginger|Sultana|Toffee|Coffee,Distillery Bottling,Scotland,Highland,Sherry,No
2026-01-15 09:15:55,Single Malt,4837,Talisker 10 Year Old,Talisker,70cl / 45.8%,40.21,(£68.93 per litre),Island,,In Stock,https://www.thewhiskyexchange.com/p/4837/talisker-10-year-old,https://img.thewhiskyexchange.com/380/talob.10yo.jpg?v=202407241,4.5,168,48.25,,4,4,3,3,White Pepper|Brine|Smoke|Malt|Heather,Distillery Bottling,Scotland,Island,,Yes
2026-01-15 09:15:55,Single Malt,51252,Arran 18 Year Old,Arran,70cl / 46%,96.67,(£165.71 per litre),Island,,In Stock,https://www.thewhiskyexchange.com/p/51252/arran-18-year-old,https://img.thewhiskyexchange.com/380/arrob.18yov2.jpg?v=202407241,5,4,116,,3,2,0,3,Apple|Melon|Lemon|Brioche|Dark Chocolate,Distillery Bottling,Scotland,Island,,No
2026-01-15 09:15:55,Single Malt,29813,Dalwhinnie Winter's Gold,Dalwhinnie,70cl / 43%,43.12,(£63.93 per litre),Speyside,Special Offer: £7 Off!,In Stock,https://www.thewhiskyexchange.com/p/29813/dalwhinnie-winters-gold,https://img.thewhiskyexchange.com/380/dalob.non1.jpg?v=202407241,4.5,56,44.75,51.75,2,3,1,3,Heather|Nutmeg|Honey|Smoke|Malt,Distillery Bottling,Scotland,Highland,,Yes
2026-01-15 09:15:55,Single Malt,5861,Bowmore 15 Year Old,Bowmore,70cl / 43%,62.08,(£85 per litre),Islay,Special Offer: £15 Off!,In Stock,https://www.thewhiskyexchange.com/p/5861/bowmore-15-year-old,https://img.thewhiskyexchange.com/380/bowob.15yov3.jpg?v=202407241,,,,,,,,,,,,,,
2026-01-15 09:15:55,Single Malt,55314,Macallan 15 Year Old Double Cask,Macallan,70cl / 43%,122.5,(£210 per litre),Speyside,,In Stock,https://www.thewhiskyexchange.com/p/55314/macallan-15-year-old-double-cask,https://img.thewhiskyexchange.com/380/macob.15yov3.jpg?v=202407241,,,,,,,,,,,,,,
2026-01-15 09:15:55,Single Malt,57908,Lagavulin Distillers Edition,Lagavulin,70cl / 43%,89.17,(£124.21 per litre),Islay,Special Offer: £20.05 Off!,In Stock,https://www.thewhiskyexchange.com/p/57908/lagavulin-distillers-edition,https://img.thewhiskyexchange.com/380/lgvob.non7.jpg?v=202407241,,,,,,,,,,,,,,
2026-01-15 09:15:55,Single Malt,2093,Glenfiddich 18 Year Old,Glenfiddich,70cl / 40%,81.04,(£117.50 per litre),Speyside,Special Offer: £15 Off!,In Stock,https://www.thewhiskyexchange.com/p/2093/glenfiddich-18-year-old,https://img.thewhiskyexchange.com/380/gfdob.18yo.jpg?v=202407241,,,,,,,,,,,,,,
2026-01-15 09:15:55,Single Malt,73225,Blair Athol 12 Year Old / Flora & Fauna,Blair Athol,70cl / 43%,49.79,(£85.36 per litre),Highland,,In Stock,https://www.thewhiskyexchange.com/p/73225/blair-athol-12-year-old-flora-fauna,https://img.thewhiskyexchange.com/380/blaob.12yov2.jpg?v=202407241,5,10,59.75,,4,3,0,3,Apricot|Apple|Mint|Toffee|Black Pepper|Vanilla,Distillery Bottling,Scotland,Highland,,Yes
2026-01-15 09:15:55,Single Malt,73481,Glenmorangie A Tale of Tokyo,Glenmorangie,70cl / 46%,61.62,(£105.64 per litre),Highland,,In Stock,https://www.thewhiskyexchange.com/p/73481/glenmorangie-a-tale-of-tokyo,https://img.thewhiskyexchange.com/380/gmgob.non64.jpg?v=202407241,,,,,,,,,,,,,,
2026-01-15 09:15:55,Single Malt,85676,Glenfiddich 16 Year Old / Aston Martin F1,Glenfiddich,70cl / 43%,61.62,(£105.64 per litre),Speyside,,In Stock,https://www.thewhiskyexchange.com/p/85676/glenfiddich-16-year-old-aston-martin-f1,https://img.thewhiskyexchange.com/380/gfdob.16yo.jpg?v=202407241,,,,,,,,,,,,,,
2026-01-15 09:15:55,Single Malt,2038,Glenfarclas 15 Year Old,Glenfarclas,70cl / 46%,66.62,(£114.21 per litre),Speyside,,In Stock,https://www.thewhiskyexchange.com/p/2038/glenfarclas-15-year-old,https://img.thewhiskyexchange.com/380/gfcob.15yo.jpg?v=202407241,4.5,62,79.95,,4,4,2,3,Sherry|Smoke|Malt|Grape|Cinnamon|Butter,Distillery Bottling,Scotland,Speyside,,No
2026-01-15 09:16:00,Single Malt,86390,Kilkerran Heavily Peated Batch 13,Kilkerran,70cl / 58.6%,41.62,(£71.36 per litre),Campbeltown,,In Stock,https://www.thewhiskyexchange.com/p/86390/kilkerran-heavily-peated-batch-13,https://img.thewhiskyexchange.com/380/klkob.non24.jpg?v=202407241,,,49.95,,3,3,4,2,Honeysuckle|Bacon|Melon|Butterscotch|Banana,Distillery Bottling,Scotland,Campbeltown,,No
2026-01-15 09:16:00,Single Malt,86410,Macallan A Night on Earth The First Light / 2025 Release,Macallan,70cl / 43%,83.29,(£142.79 per litre),Speyside,,In Stock,https://www.thewhiskyexchange.com/p/86410/macallan-a-night-on-earth-the-first-light-2025-release,https://img.thewhiskyexchange.com/380/macob.non195.jpg?v=202407241,,,,,,,,,,,,,,
2026-01-15 09:16:00,Single Malt,47811,Oban Bay Reserve / Game of Thrones Night's Watch,Oban,70cl / 43%,57.46,(£98.50 per litre),Highland,,In Stock,https://www.thewhiskyexchange.com/p/47811/oban-bay-reserve-game-of-thrones-nights-watch,https://img.thewhiskyexchange.com/380/obnob.non3.jpg?v=202407241,,,,,,,,,,,,,,
2026-01-15 09:16:00,Single Malt,70740,Dalmunach 6 Year Old / Wulver / Exclusive to The Whisky Exchange,Dalmunach,70cl / 60%,49.96,(£85.64 per litre),Speyside,,In Stock,https://www.thewhiskyexchange.com/p/70740/dalmunach-6-year-old-wulver-exclusive-to-the-whisky-exchange,https://img.thewhiskyexchange.com/380/dmnob.06yo.jpg?v=202407241,,,,,,,,,,,,,,
2026-01-15 09:16:00,Single Malt,72248,Bruichladdich Classic Laddie,Bruichladdich,70cl / 50%,43.96,(£75.36 per litre),Islay,,In Stock,https://www.thewhiskyexchange.com/p/72248/bruichladdich-classic-laddie,https://img.thewhiskyexchange.com/380/bruob.non35.jpg?v=202407241,,,,,,,,,,,,,,
2026-01-15 09:16:00,Single Malt,66,Ardbeg 10 Year Old,Ardbeg,70cl / 46%,37.71,(£64.64 per litre),Islay,,In Stock,https://www.thewhiskyexchange.com/p/66/ardbeg-10-year-old,https://img.thewhiskyexchange.com/380/abgob.10yov1.jpg?v=202407241,4.5,261,45.25,,3,3,4,1,Smoke|Coffee|Meat|Liquorice root|Tobacco|Earth,Distillery Bottling,Scotland,Islay,,No
2026-01-15 09:16:00,Single Malt,40351,Glen Scotia 18 Year Old,Glen Scotia,70cl / 46%,106.67,(£182.86 per litre),Campbeltown,,In Stock,https://www.thewhiskyexchange.com/p/40351/glen-scotia-18-year-old,https://img.thewhiskyexchange.com/380/gstob.18yov1.jpg?v=202407241,,,,,,,,,,,,,,
2026-01-15 09:16:00,Single Malt,1483,Cragganmore 12 Year Old,Cragganmore,70cl / 40%,38.75,(£66.43 per litre),Speyside,,In Stock,https://www.thewhiskyexchange.com/p/1483/cragganmore-12-year-old,https://img.thewhiskyexchange.com/380/cgmob.12yo.jpg?v=202407241,,,,,,,,,,,,,,
2026-01-15 09:16:00,Single Malt,72702,Macallan Classic Cut 2023 Release,Macallan,70cl / 50.3%,79.12,(£135.64 per litre),Speyside,,In Stock,https://www.thewhiskyexchange.com/p/72702/macallan-classic-cut-2023-release,https://img.thewhiskyexchange.com/380/macob.non183.jpg?v=202407241,,,,,,,,,,,,,,
2026-01-15 09:16:00,Single Malt,48885,Tobermory 12 Year Old,Tobermory,70cl / 46.3%,34.96,(£55.64 per litre),Island,Special Offer: £3 Off!,In Stock,https://www.thewhiskyexchange.com/p/48885/tobermory-12-year-old,https://img.thewhiskyexchange.com/380/tobob.12yo.jpg?v=202407241,4.5,18,38.95,41.95,2,1,0,3,Vanilla|Orange|Apple|Salt (powder)|Honey|Toffee,Distillery Bottling,Scotland,Island,,No
2026-01-15 09:16:00,Single Malt,40227,Kilchoman Machir Bay,Kilchoman,70cl / 46%,39.12,(£58.50 per litre),Islay,Special Offer: £6 Off!,In Stock,https://www.thewhiskyexchange.com/p/40227/kilchoman-machir-bay,https://img.thewhiskyexchange.com/380/kilob.non26.jpg?v=202407241,5,21,40.95,46.95,3,2,3,2,Vanilla|Black Pepper|Lemon|Apple|Smoke|Toffee,Distillery Bottling,Scotland,Islay,,
2026-01-15 09:16:00,Single Malt,1814,Dalwhinnie 15 Year Old,Dalwhinnie,70cl / 43%,46.25,(£79.29 per litre),Speyside,,In Stock,https://www.thewhiskyexchange.com/p/1814/dalwhinnie-15-year-old,https://img.thewhiskyexchange.com/380/dalob.15yov1.jpg?v=202407241,4.5,146,55.50,,2,3,0,3,Honey|Toffee|Cinnamon|Heather|Pear|Almond,Distillery Bottling,Scotland,Speyside,,Yes
2026-01-15 09:16:00,Single Malt,51202,Arran Sherry Cask,Arran,70cl / 55.8%,53.12,(£91.07 per litre),Island,,In Stock,https://www.thewhiskyexchange.com/p/51202/arran-sherry-cask,https://img.thewhiskyexchange.com/380/arrob.non71.jpg?v=202407241,4,16,63.75,,4,3,0,2,Raisins|Dates|Nutmeg|Cinnamon|Cherry|Ginger,Distillery Bottling,Scotland,Island,Sherry Hogshead,No
2026-01-15 09:16:00,Single Malt,7635,Glenfiddich 21 Year Old / Gran Reserva Rum Cask Finish,Glenfiddich,70cl / 40%,154.17,(£207.14 per litre),Speyside,Special Offer: £40 Off!,In Stock,https://www.thewhiskyexchange.com/p/7635/glenfiddich-21-year-old-gran-reserva-rum-cask-finish,https://img.thewhiskyexchange.com/380/gfdob.21yo.jpg?v=202407241,,,,,,,,,,,,,,
2026-01-15 09:16:00,Single Malt,13626,Bunnahabhain 18 Year Old,Bunnahabhain,70cl / 46.3%,110.83,(£161.43 per litre),Islay,Special Offer: £20 Off!,In Stock,https://www.thewhiskyexchange.com/p/13626/bunnahabhain-18-year-old,https://img.thewhiskyexchange.com/380/bunob.18yov2.jpg?v=202407241,4.5,24,113,133,4,4,0,3,Dried Fruit|Toffee|Honey|Nutmeg|Walnut|Salt (powder),Distillery Bottling,Scotland,Islay,Sherry,No
2026-01-15 09:16:00,Single Malt,49748,Balvenie 12 Year Old / Sweet Toast Of American Oak,Balvenie,70cl / 43%,47.29,(£75.36 per litre),Speyside,Special Offer: £4 Off!,In Stock,https://www.thewhiskyexchange.com/p/49748/balvenie-12-year-old-sweet-toast-of-american-oak,https://img.thewhiskyexchange.com/380/balob.12yov13.jpg?v=202407241,4.5,15,52.75,56.75,3,2,0,4,Vanilla|Honey|Lemon|Cinnamon|Orange|Toffee,Distillery Bottling,Scotland,Speyside,,
2026-01-15 09:16:00,Single Malt,85815,Glenturret 12 Year Old / 2025 Release,Glenturret,70cl / 46.2%,62.46,(£107.07 per litre),Highland,,In Stock,https://www.thewhiskyexchange.com/p/85815/glenturret-12-year-old-2025-release,https://img.thewhiskyexchange.com/380/gtuob.12yov15.jpg?v=202407241,,,74.95,,4,4,0,4,Ginger|Cinnamon|Milk Chocolate,Distillery Bottling,Scotland,Highland,,
2026-01-15 09:16:00,Single Malt,12983,Ledaig 10 Year Old,Ledaig,70cl / 46.3%,33.96,(£58.21 per litre),Island,,In Stock,https://www.thewhiskyexchange.com/p/12983/ledaig-10-year-old,https://img.thewhiskyexchange.com/380/ldgob.10yov1.jpg?v=202407241,,,,,,,,,,,,,,
2026-01-15 09:16:00,Single Malt,83211,Glendronach Ode to the Dark,Glendronach,70cl / 50.8%,59.58,(£102.14 per litre),Highland,,In Stock,https://www.thewhiskyexchange.com/p/83211/glendronach-ode-to-the-dark,https://img.thewhiskyexchange.com/380/grnob.non22.jpg?v=202407241,,,71.50,,4,4,0,4,Coffee|Dates|Raisins|Dark Chocolate,Distillery Bottling,Scotland,Highland,Pedro Ximenez  Sherry,
2026-01-15 09:16:00,Single Malt,81610,Blair Athol 2007 / 16 Year Old / The Seasons: Winter / The Whisky Exchange,Blair Athol,70cl / 55.1%,91.67,(£121.36 per litre),Highland,Special Offer: £25.05 Off!,In Stock,https://www.thewhiskyexchange.com/p/81610/blair-athol-2007-16-year-old-the-seasons-winter-the-whisky-exchange,https://img.thewhiskyexchange.com/380/blatwe2007.jpg?v=202407241,,,84.95,110,4,5,0,4,Toffee|Tobacco|Ginger|Dried Fruit|Sherry|Oak,The Whisky Exchange,Scotland,Highland,Oloroso Sherry Butt,
2026-01-15 09:16:00,Single Malt,7934,Ardbeg 1998 Renaissance,Ardbeg,70cl / 55.9%,375.0,(£285.71 per litre),Islay,Special Offer: £250 Off!,In Stock,https://www.thewhiskyexchange.com/p/7934/ardbeg-1998-renaissance,https://img.thewhiskyexchange.com/380/abgob.1998v3.jpg?v=202407241,,,,,,,,,,,,,,
2026-01-15 09:16:00,Single Malt,53747,Highland Park Cask Strength Heather,Highland Park,70cl / 63.6%,49.58,(£85 per litre),Island,,In Stock,https://www.thewhiskyexchange.com/p/53747/highland-park-cask-strength-heather,https://img.thewhiskyexchange.com/380/hlpob.non16.jpg?v=202407241,,,,,,,,,,,,,,
2026-01-15 09:16:00,Single Malt,85677,Balvenie 2012 / 12 Year Old / Montilla Casks / A Collection of Curious Casks,Balvenie,70cl / 47.3%,53.96,(£92.50 per litre),Speyside,,In Stock,https://www.thewhiskyexchange.com/p/85677/balvenie-2012-12-year-old-montilla-casks-a-collection-of-curious-casks,https://img.thewhiskyexchange.com/380/balob.2012.jpg?v=202407241,,,,,,,,,,,,,,
2026-01-15 09:16:00,Single Malt,82970,Ardnahoe Infinite Loch,Ardnahoe,70cl / 50%,47.92,(£82.14 per litre),Islay,,In Stock,https://www.thewhiskyexchange.com/p/82970/ardnahoe-infinite-loch,https://img.thewhiskyexchange.com/380/anhob.non1.jpg?v=202407241,,,57.50,,3,4,4,3,Peat smoke|Mint|Apple|Ash|Lemon|Honey,Distillery Bottling,Scotland,Islay,,No
2026-01-15 09:16:05,Single Malt,82898,Highland Park 12 Year Old,Highland Park,70cl / 40%,33.96,(£58.21 per litre),Island,,In Stock,https://www.thewhiskyexchange.com/p/82898/highland-park-12-year-old,https://img.thewhiskyexchange.com/380/hlpob.12yov54.jpg?v=202407241,,,40.75,,3,3,3,3,Heather|Honeycomb|Stewed Fruit|Praline|Cacao,Distillery Bottling,Scotland,Island,,
2026-01-15 09:16:05,Single Malt,81665,Glenmorangie 12 Year Old The Original / Gift Box,Glenmorangie,70cl / 40%,33.75,(£57.86 per litre),Highland,,In Stock,https://www.thewhiskyexchange.com/p/81665/glenmorangie-12-year-old-the-original-gift-box,https://img.thewhiskyexchange.com/380/gmgob.12yov22.jpg?v=202407241,,,40.50,,3,3,0,3,Lemon|Peach|Vanilla|Almond|Coconut|Maple syrup,Distillery Bottling,Scotland,Highland,Bourbon,
2026-01-15 09:16:05,Single Malt,72917,Port Askaig 8 Year Old,Port Askaig,70cl / 45.8%,41.88,(£71.79 per litre),Islay,,In Stock,https://www.thewhiskyexchange.com/p/72917/port-askaig-8-year-old,https://img.thewhiskyexchange.com/380/malts_por08yo.jpg?v=202407241,4.5,2,50.25,,4,4,4,3,Grass|Stones|Rubber|Liquorice root|Peat smoke,Elixir Distillers,Scotland,Islay,,No
2026-01-15 09:16:05,Single Malt,718,Ben Nevis 10 Year Old,Ben Nevis,70cl / 46%,46.25,(£79.29 per litre),Highland,,In Stock,https://www.thewhiskyexchange.com/p/718/ben-nevis-10-year-old,https://img.thewhiskyexchange.com/380/bnvob.10yo.jpg?v=202407241,4.5,41,55.50,,4,4,2,4,Orange|Coffee|Dark Chocolate|Tar|Peach|Peat smoke,Distillery Bottling,Scotland,Highland,,Yes
2026-01-15 09:16:05,Single Malt,19712,Aberlour 12 Year Old Non Chill-Filtered,Aberlour,70cl / 48%,48.96,(£83.93 per litre),Speyside,,In Stock,https://www.thewhiskyexchange.com/p/19712/aberlour-12-year-old-non-chill-filtered,https://img.thewhiskyexchange.com/380/ablob.12yov10.jpg?v=202407241,4.5,10,58.75,,4,4,0,3,Plums|Dark Chocolate|Toffee|Cinnamon|Raisins,Distillery Bottling,Scotland,Speyside,,Yes
2026-01-15 09:16:05,Single Malt,178,AnCnoc 12 Year Old,AnCnoc,70cl / 40%,31.88,(£54.64 per litre),Highland,,In Stock,https://www.thewhiskyexchange.com/p/178/ancnoc-12-year-old,https://img.thewhiskyexchange.com/380/ancob.12yo.jpg?v=202407241,4.5,41,38.25,,3,3,0,3,Malt|Honey|Cinnamon|Apple|Vanilla|Raisins,Distillery Bottling,Scotland,Highland,,Yes
2026-01-15 09:16:05,Single Malt,10894,Benromach 10 Year Old,Benromach,70cl / 43%,34.96,(£59.93 per litre),Speyside,,In Stock,https://www.thewhiskyexchange.com/p/10894/benromach-10-year-old,https://img.thewhiskyexchange.com/380/brmob.10yo.jpg?v=202407241,5,26,41.95,,3,3,2,2,Liquorice root|Apple|White Pepper|Malt|Smoke,Distillery Bottling,Scotland,Speyside,First-fill,No
2026-01-15 09:16:05,Single Malt,60097,Royal Brackla 12 Year Old / Sherry Finish,Royal Brackla,70cl / 46%,57.71,(£72.79 per litre),Highland,Special Offer: £18.30 Off!,In Stock,https://www.thewhiskyexchange.com/p/60097/royal-brackla-12-year-old-sherry-finish,https://img.thewhiskyexchange.com/380/rblob.12yov3.jpg?v=202407241,4,10,50.95,69.25,,,,,,Distillery Bottling,Scotland,Highland,Oloroso Sherry  Finish,No
2026-01-15 09:16:05,Single Malt,29719,Benromach 15 Year Old,Benromach,70cl / 43%,61.25,(£97.86 per litre),Speyside,Special Offer: £5 Off!,In Stock,https://www.thewhiskyexchange.com/p/29719/benromach-15-year-old,https://img.thewhiskyexchange.com/380/brmob.15yov1.jpg?v=202407241,4.5,32,68.50,73.50,3,4,2,2,Milk Chocolate|Fruit Cake|Ginger|Apple|Mint|Honey,Distillery Bottling,Scotland,Speyside,First-fill,No
2026-01-15 09:16:05,Single Malt,71229,Aberlour 12 Year Old Double Cask / Gift Box,Aberlour,70cl / 40%,35.79,(£61.36 per litre),Speyside,,In Stock,https://www.thewhiskyexchange.com/p/71229/aberlour-12-year-old-double-cask-gift-box,https://img.thewhiskyexchange.com/380/ablob.12yov16.jpg?v=202407241,4,2,42.95,,3,3,0,3,Dried Fruit|Custard|Apricot|Apple|Dark Chocolate|Honeycomb,Distillery Bottling,Scotland,Speyside,,
2026-01-15 09:16:05,Single Malt,5300,Balvenie 12 Year Old / Double Wood / Small Bottle,Balvenie,20cl / 40%,17.46,(£10.47 per 10cl),Speyside,,In Stock,https://www.thewhiskyexchange.com/p/5300/balvenie-12-year-old-double-wood-small-bottle,https://img.thewhiskyexchange.com/380/balob.12yov1.jpg?v=202407241,5,7,20.95,,3,3,0,4,Honey|Vanilla|Sherry|Raisins|Hazelnut|Cinnamon,Distillery Bottling,Scotland,Speyside,Sherry  Finish,Yes
2026-01-15 09:16:05,Single Malt,114,Ardbeg Uigeadail,Ardbeg,70cl / 54.2%,58.54,(£100.36 per litre),Islay,,In Stock,https://www.thewhiskyexchange.com/p/114/ardbeg-uigeadail,https://img.thewhiskyexchange.com/380/abgob.non2.jpg?v=202407241,,,,,,,,,,,,,,
2026-01-15 09:16:05,Single Malt,38715,Bunnahabhain Stiuireadair,Bunnahabhain,70cl / 46.3%,28.96,(£49.64 per litre),Islay,,In Stock,https://www.thewhiskyexchange.com/p/38715/bunnahabhain-stiuireadair,https://img.thewhiskyexchange.com/380/bunob.non10.jpg?v=202407241,4.5,32,34.75,,2,3,0,3,Cinnamon|Salt (powder)|Caramel|Dried Fruit|Hazelnut,Distillery Bottling,Scotland,Islay,,No
2026-01-15 09:16:05,Single Malt,71872,Glenglassaugh Sandend,Glenglassaugh,70cl / 50.5%,45.42,(£77.86 per litre),Highland,,In Stock,https://www.thewhiskyexchange.com/p/71872/glenglassaugh-sandend,https://img.thewhiskyexchange.com/380/ggsob.non21.jpg?v=202407241,,,,,,,,,,,,,,
2026-01-15 09:16:05,Single Malt,7317,Dalmore King Alexander III,Dalmore,70cl / 40%,241.67,(£414.29 per litre),Highland,,In Stock,https://www.thewhiskyexchange.com/p/7317/dalmore-king-alexander-iii,https://img.thewhiskyexchange.com/380/dlmob.non3.jpg?v=202407241,4.5,49,290,,4,4,0,3,Cinnamon|Raspberry|Lemon|Almond|Vanilla|Toffee,Distillery Bottling,Scotland,Highland,,Yes
2026-01-15 09:16:05,Single Malt,48762,Balblair 15 Year Old,Balblair,70cl / 46%,71.62,(£92.79 per litre),Highland,Special Offer: £21 Off!,In Stock,https://www.thewhiskyexchange.com/p/48762/balblair-15-year-old,https://img.thewhiskyexchange.com/380/blbob.15yo.jpg?v=202407241,5,7,64.95,85.95,4,4,0,3,Cinnamon|Ginger|Butter|Prunes|Dark Chocolate|Mango,Distillery Bottling,Scotland,Highland,First-fill  Sherry Butt,No
2026-01-15 09:16:05,Single Malt,73328,Dailuaine 16 Year Old / Flora & Fauna,Dailuaine,70cl / 43%,56.46,(£85.36 per litre),Speyside,Special Offer: £8 Off!,In Stock,https://www.thewhiskyexchange.com/p/73328/dailuaine-16-year-old-flora-fauna,https://img.thewhiskyexchange.com/380/dlnob.16yo.jpg?v=202407241,,,59.75,67.75,3,3,0,3,Walnut|Honeycomb|Butterscotch|Hay|Apple,Distillery Bottling,Scotland,Speyside,,
2026-01-15 09:16:05,Single Malt,72244,Orkney (HP) 2000 / 22 Year Old / Whisky Show 2023,Highland Park,70cl / 52.7%,208.33,(£214.29 per litre),Island,Special Offer: £100 Off!,In Stock,https://www.thewhiskyexchange.com/p/72244/orkney-hp-2000-22-year-old-whisky-show-2023,https://img.thewhiskyexchange.com/380/hlptwe2000.jpg?v=202407241,,,150,250,3,4,2,3,Lemon|Ginger|Barbecue sauce|Peat smoke|Heather|Honey,The Whisky Exchange,Scotland,Island,Refill   Hogshead,
2026-01-15 09:16:05,Single Malt,302,Balvenie 21 Year Old Port Wood,Balvenie,70cl / 40%,203.33,(£284.29 per litre),Speyside,Special Offer: £45 Off!,In Stock,https://www.thewhiskyexchange.com/p/302/balvenie-21-year-old-port-wood,https://img.thewhiskyexchange.com/380/balob.21yo.jpg?v=202407241,5,57,199,244,3,4,0,4,Cream|Cherry|Stewed Fruit|Honey|Raisins|Peach,Distillery Bottling,Scotland,Speyside,Port Pipe Finish,Yes
2026-01-15 09:16:05,Single Malt,56014,Loch Lomond 18 Year Old,Loch Lomond,70cl / 46%,74.96,(£114.21 per litre),Highland,Special Offer: £10 Off!,In Stock,https://www.thewhiskyexchange.com/p/56014/loch-lomond-18-year-old,https://img.thewhiskyexchange.com/380/llmob.18yov2.jpg?v=202407241,,,,,,,,,,,,,,
2026-01-15 09:16:05,Single Malt,42532,Jura 18 Year Old / Red Wine Finish,Jura,70cl / 44%,65.62,(£112.50 per litre),Island,,In Stock,https://www.thewhiskyexchange.com/p/42532/jura-18-year-old-red-wine-finish,https://img.thewhiskyexchange.com/380/iojob.18yov2.jpg?v=202407241,3.5,13,78.75,,2,2,2,4,Toffee|Cinnamon|Blackcurrant|Dark Chocolate|Coffee,Distillery Bottling,Scotland,Island,Red Wine  Finish,Yes
2026-01-15 09:16:05,Single Malt,10992,Edradour 12 Year Old / Caledonia Selection / Sherry Cask,Edradour,70cl / 46%,52.29,(£89.64 per litre),Highland,,In Stock,https://www.thewhiskyexchange.com/p/10992/edradour-12-year-old-caledonia-selection-sherry-cask,https://img.thewhiskyexchange.com/380/edrob.12yo.jpg?v=202407241,5,25,62.75,,3,4,0,3,Cinnamon|Dried Fruit|Pecan|Caramel,Distillery Bottling,Scotland,Highland,Sherry,No
2026-01-15 09:16:05,Single Malt,7032,Glenkinchie 12 Year Old,Glenkinchie,70cl / 43%,38.75,(£66.43 per litre),Lowland,,In Stock,https://www.thewhiskyexchange.com/p/7032/glenkinchie-12-year-old,https://img.thewhiskyexchange.com/380/gkcob.12yov1.jpg?v=202407241,4.5,43,46.50,,3,2,0,3,Orange|Honey|Fruit Cake|Malt|Vanilla,Distillery Bottling,Scotland,Lowland,,Yes
2026-01-15 09:16:05,Single Malt,53636,Aberlour Casg Annamh,Aberlour,70cl / 48%,47.29,(£81.07 per litre),Speyside,,In Stock,https://www.thewhiskyexchange.com/p/53636/aberlour-casg-annamh,https://img.thewhiskyexchange.com/380/ablob.non47.jpg?v=202407241,5,4,56.75,,3,3,0,3,Cinnamon|Nutmeg|Ginger|Dried Fruit|Raisins|Toffee,Distillery Bottling,Scotland,Speyside,Sherry,
2026-01-15 09:16:10,Single Malt,85603,Mortlach 2013 / 12 Year Old / 100 Proof Edition #60 / Signatory,Mortlach,70cl / 57.1%,40.21,(£68.93 per litre),Speyside,,In Stock,https://www.thewhiskyexchange.com/p/85603/mortlach-2013-12-year-old-100-proof-edition-60-signatory,https://img.thewhiskyexchange.com/380/mtlsig2013v1.jpg?v=202407241,,,,,,,,,,,,,,
2026-01-15 09:16:10,Single Malt,85260,Ardbeg 10 Year Old Glass Pack,Ardbeg,70cl / 46%,38.29,(£65.64 per litre),Islay,,In Stock,https://www.thewhiskyexchange.com/p/85260/ardbeg-10-year-old-glass-pack,https://img.thewhiskyexchange.com/380/abgob.10yov26.jpg?v=202407241,,,45.95,,3,4,4,3,Lemon|Coffee|Tar|Liquorice root|Smoke|Cream,Distillery Bottling,Scotland,Islay,,
2026-01-15 09:16:10,Single Malt,45301,Mortlach 20 Year Old / Cowie's Blue Seal,Mortlach,70cl / 43.4%,207.5,(£284.29 per litre),Speyside,Clearance Offer: £50 Off!,In Stock,https://www.thewhiskyexchange.com/p/45301/mortlach-20-year-old-cowies-blue-seal,https://img.thewhiskyexchange.com/380/mtlob.20yo.jpg?v=202407241,4.5,4,199,249,4,3,0,3,Clove|Raisins|Apple|Dates|Milk Chocolate|Dried Fruit,Distillery Bottling,Scotland,Speyside,,
2026-01-15 09:16:10,Single Malt,12340,Aberlour A'Bunadh Sherry Cask Collection Edition I,Aberlour,70cl / 56.2%,79.12,(£135.64 per litre),Speyside,,In Stock,https://www.thewhiskyexchange.com/p/12340/aberlour-abunadh-sherry-cask-collection-edition-i,https://img.thewhiskyexchange.com/380/ablob.non8.jpg?v=202407241,,,94.95,,3,4,0,3,Apple|Dates|Raisins|Caramel|Ginger|Oak,Distillery Bottling,Scotland,Speyside,First-fill  Sherry  Finish,
2026-01-15 09:16:10,Single Malt,6722,Singleton of Dufftown 12 Year Old,Dufftown,70cl / 40%,31.62,(£54.21 per litre),Speyside,,In Stock,https://www.thewhiskyexchange.com/p/6722/singleton-of-dufftown-12-year-old,https://img.thewhiskyexchange.com/380/dufob.12yov1.jpg?v=202407241,4.5,144,37.95,,3,3,0,2,Blackberry|Coffee|Hazelnut,Distillery Bottling,Scotland,,,Yes
2026-01-15 09:16:10,Single Malt,42463,Bunnahabhain Toiteach A Dha,Bunnahabhain,70cl / 46.3%,33.96,(£58.21 per litre),Islay,,In Stock,https://www.thewhiskyexchange.com/p/42463/bunnahabhain-toiteach-a-dha,https://img.thewhiskyexchange.com/380/bunob.non11.jpg?v=202407241,5,9,40.75,,4,3,3,3,Sherry|Smoke|Oak|Raisins|Walnut|Blackberry,Distillery Bottling,Scotland,Islay,,No
2026-01-15 09:16:10,Single Malt,2089,Glenfiddich 12 Year Old,Glenfiddich,70cl / 40%,33.29,(£57.07 per litre),Speyside,,In Stock,https://www.thewhiskyexchange.com/p/2089/glenfiddich-12-year-old,https://img.thewhiskyexchange.com/380/gfdob.12yo.jpg?v=202407241,4,158,39.95,,3,2,0,4,Vanilla|Apple|Pear|Cream|Butterscotch|Malt,Distillery Bottling,Scotland,Speyside,,Yes
2026-01-15 09:16:10,Single Malt,34496,Glenfiddich Project XX / Experimental Series,Glenfiddich,70cl / 47%,46.88,(£73.93 per litre),Speyside,Special Offer: £4.50 Off!,In Stock,https://www.thewhiskyexchange.com/p/34496/glenfiddich-project-xx-experimental-series,https://img.thewhiskyexchange.com/380/gfdob.non42.jpg?v=202407241,4.5,21,51.75,56.25,4,3,0,3,Cinnamon|Nutmeg|Apple|Orange|Hazelnut|Biscuits,Distillery Bottling,Scotland,Speyside,,
2026-01-15 09:16:10,Single Malt,86548,Ben Nevis 2014 / 10 Year Old / Signatory 100 Proof Edition 63,Ben Nevis,70cl / 57.1%,39.12,(£67.07 per litre),Highland,,In Stock,https://www.thewhiskyexchange.com/p/86548/ben-nevis-2014-10-year-old-signatory-100-proof-edition-63,https://img.thewhiskyexchange.com/380/bnvsig2014v3.jpg?v=202407241,,,46.95,,3,3,0,2,Apricot|Hazelnut|Pecan|Earth,Signatory,Scotland,Highland,,No
2026-01-15 09:16:10,Single Malt,85794,Bunnahabhain 12 Year Old Cask Strength / 2025 Release,Bunnahabhain,70cl / 56.4%,70.79,(£121.36 per litre),Islay,,In Stock,https://www.thewhiskyexchange.com/p/85794/bunnahabhain-12-year-old-cask-strength-2025-release,https://img.thewhiskyexchange.com/380/bunob.12yov27.jpg?v=202407241,5,2,84.95,,3,3,0,4,Honeysuckle|Apricot|Raisins|Hazelnut|Cinnamon|Dark Chocolate,Distillery Bottling,Scotland,Islay,,
2026-01-15 09:16:10,Single Malt,82932,Scapa 16 Year Old,Scapa,70cl / 48%,79.12,(£135.64 per litre),Island,,In Stock,https://www.thewhiskyexchange.com/p/82932/scapa-16-year-old,https://img.thewhiskyexchange.com/380/scpob.16yov2.jpg?v=202407241,,,,,,,,,,,,,,
2026-01-15 09:16:10,Single Malt,19988,Talisker Port Ruighe / Port Finish,Talisker,70cl / 45.8%,52.46,(£89.93 per litre),Island,,In Stock,https://www.thewhiskyexchange.com/p/19988/talisker-port-ruighe-port-finish,https://img.thewhiskyexchange.com/380/talob.non8.jpg?v=202407241,4.5,30,62.95,,3,3,3,2,Smoke|Raisins|Earth|Ginger|Biscuits|Milk Chocolate,Distillery Bottling,Scotland,Island,Port  Finish,Yes
2026-01-15 09:16:10,Single Malt,32560,Kilchoman Sanaig,Kilchoman,70cl / 46%,47.08,(£80.71 per litre),Islay,,In Stock,https://www.thewhiskyexchange.com/p/32560/kilchoman-sanaig,https://img.thewhiskyexchange.com/380/kilob.non3.jpg?v=202407241,4.5,16,56.50,,3,4,3,2,Plums|Smoke|Dried Fruit|Toffee,Distillery Bottling,Scotland,Islay,,
2026-01-15 09:16:10,Single Malt,86759,Bruichladdich x4+18 Edition 1 / 18 Year Old,Bruichladdich,70cl / 63.5%,183.33,(£314.29 per litre),Islay,,In Stock,https://www.thewhiskyexchange.com/p/86759/bruichladdich-x418-edition-1-18-year-old,https://img.thewhiskyexchange.com/380/bruob.18yov5.jpg?v=202407241,,,220,,2,3,0,2,Pear|Dried Fruit|Candied peel|Oak,Distillery Bottling,Scotland,Islay,,No
2026-01-15 09:16:10,Single Malt,85994,Ben Nevis 2019 / 6 Year Old / Caoineag The Weeping Spirit / The Whisky Exchange,Ben Nevis,70cl / 55%,49.96,(£85.64 per litre),Highland,,In Stock,https://www.thewhiskyexchange.com/p/85994/ben-nevis-2019-6-year-old-caoineag-the-weeping-spirit-the-whisky-exchange,https://img.thewhiskyexchange.com/380/bnvtwe2019.jpg?v=202407241,,,59.95,,4,3,3,2,Smoke|Apple|Earth|Cinnamon|Dark Chocolate|Orange,The Whisky Exchange,Scotland,Highland,Sherry Butt,No
2026-01-15 09:16:10,Single Malt,2091,Glenfiddich 15 Year Old Solera,Glenfiddich,70cl / 40%,49.96,(£85.64 per litre),Speyside,,In Stock,https://www.thewhiskyexchange.com/p/2091/glenfiddich-15-year-old-solera,https://img.thewhiskyexchange.com/380/gfdob.15yo.jpg?v=202407241,4.5,112,59.95,,3,2,0,2,Sherry|Oak|Marzipan|Cinnamon|Ginger|Apple,Distillery Bottling,Scotland,Speyside,,Yes
2026-01-15 09:16:10,Single Malt,12105,Caol Ila 25 Year Old,Caol Ila,70cl / 43%,187.5,(£321.43 per litre),Islay,,In Stock,https://www.thewhiskyexchange.com/p/12105/caol-ila-25-year-old,https://img.thewhiskyexchange.com/380/cilob.25yov2.jpg?v=202407241,,,,,,,,,,,,,,
2026-01-15 09:16:10,Single Malt,68596,Glengoyne 15 Year Old,Glengoyne,70cl / 43%,58.29,(£85.64 per litre),Highland,Special Offer: £10 Off!,In Stock,https://www.thewhiskyexchange.com/p/68596/glengoyne-15-year-old,https://img.thewhiskyexchange.com/380/ggoob.15yov7.jpg?v=202407241,,,,,,,,,,,,,,
2026-01-15 09:16:10,Single Malt,53988,Glenmorangie A Tale of Spices,Glenmorangie,70cl / 46%,60.62,(£103.93 per litre),Highland,Special Offer: Free Glenmorangie Beanie Hat,In Stock,https://www.thewhiskyexchange.com/p/53988/glenmorangie-a-tale-of-spices,https://img.thewhiskyexchange.com/380/gmgob.non52.jpg?v=202407241,,,72.75,,4,4,,3,Rose|Ginger|Anise (star)|Toffee|Almond|Nutmeg,Distillery Bottling,Scotland,Highland,,
2026-01-15 09:16:10,Single Malt,10302,Caol Ila Distillers Edition,Caol Ila,70cl / 43%,71.46,(£122.50 per litre),Islay,,In Stock,https://www.thewhiskyexchange.com/p/10302/caol-ila-distillers-edition,https://img.thewhiskyexchange.com/380/cilob.non4.jpg?v=202407241,,,85.75,,3,3,3,4,Toffee|Smoke|Salt (powder)|Lemon|Plums|Dried Fruit,Distillery Bottling,,Islay,Moscatel Wine  Finish,Yes
2026-01-15 09:16:10,Single Malt,44886,Fettercairn 12 Year Old,Fettercairn,70cl / 40%,43.75,(£75 per litre),Highland,,In Stock,https://www.thewhiskyexchange.com/p/44886/fettercairn-12-year-old,https://img.thewhiskyexchange.com/380/ofcob.12yov1.jpg?v=202407241,4.5,27,52.50,,2,3,0,3,Raisins|Orange|Oak|Ginger|Walnut|Vanilla,Distillery Bottling,Scotland,Highland,,Yes
2026-01-15 09:16:10,Single Malt,49356,Glenmorangie Quinta Ruban 14 Year Old / Port Finish,Glenmorangie,70cl / 46%,39.79,(£68.21 per litre),Highland,,In Stock,https://www.thewhiskyexchange.com/p/49356/glenmorangie-quinta-ruban-14-year-old-port-finish,https://img.thewhiskyexchange.com/380/gmgob.14yo.jpg?v=202407241,4.5,21,47.75,,4,4,0,3,Honeysuckle|Walnut|Mint|Dark Chocolate|Orange,Distillery Bottling,Scotland,Highland,Ruby Port  Finish,
2026-01-15 09:16:10,Single Malt,33703,Tomatin 14 Year Old / Tawny Port Finish,Tomatin,70cl / 46%,57.46,(£98.50 per litre),Highland,,In Stock,https://www.thewhiskyexchange.com/p/33703/tomatin-14-year-old-tawny-port-finish,https://img.thewhiskyexchange.com/380/tomob.14yov1.jpg?v=202407241,4,11,68.95,,2,2,0,4,Honey|Strawberry|Toffee|Raspberry|Redcurrant|Malt,Distillery Bottling,Scotland,Highland,Tawny Port Pipe Finish,No
2026-01-15 09:16:10,Single Malt,40228,Kilchoman Machir Bay / 2 Glass Set,Kilchoman,70cl / 46%,44.79,(£76.79 per litre),Islay,,In Stock,https://www.thewhiskyexchange.com/p/40228/kilchoman-machir-bay-2-glass-set,https://img.thewhiskyexchange.com/380/kilob.non27.jpg?v=202407241,4.5,11,53.75,,3,2,3,2,Vanilla|Black Pepper|Lemon|Apple|Smoke|Toffee,Distillery Bottling,Scotland,Islay,,No
2026-01-15 09:16:13,Single Malt,12603,Glenmorangie Lasanta 12 Year Old / Sherry Cask Finish,Glenmorangie,70cl / 43%,43.54,(£74.64 per litre),Highland,,In Stock,https://www.thewhiskyexchange.com/p/12603/glenmorangie-lasanta-12-year-old-sherry-cask-finish,https://img.thewhiskyexchange.com/380/gmgob.12yov5.jpg?v=202407241,4.5,60,52.25,,3,3,0,2,Sultana|Orange|Walnut|Butterscotch,Distillery Bottling,Scotland,Highland,Sherry  Finish,Yes
2026-01-15 09:16:13,Single Malt,4838,Talisker 10 Year Old / Small Bottle,Talisker,20cl / 45.8%,16.04,(£9.63 per 10cl),Island,,In Stock,https://www.thewhiskyexchange.com/p/4838/talisker-10-year-old-small-bottle,https://img.thewhiskyexchange.com/380/talob.10yov1.jpg?v=202407241,4,19,19.25,,4,4,3,3,Heather|White Pepper|Brine|Smoke|Malt,Distillery Bottling,Scotland,,,Yes
2026-01-15 09:16:13,Single Malt,67780,Scapa 2003 / 19 Year Old / Exclusive to The Whisky Exchange,Scapa,70cl / 56.7%,154.17,(£264.29 per litre),Island,,In Stock,https://www.thewhiskyexchange.com/p/67780/scapa-2003-19-year-old-exclusive-to-the-whisky-exchange,https://img.thewhiskyexchange.com/380/scpob.2003.jpg?v=202407241,5,12,185,,3,2,0,3,Apricot|Marmalade|Orange|Toffee|Apple|Lemon,Distillery Bottling,Scotland,Island,First-fill   Barrel,
2026-01-15 09:16:13,Single Malt,73015,Meikle Toir 5 Year Old The Original,Meikle Toir,70cl / 50%,36.46,(£62.50 per litre),Speyside,,In Stock,https://www.thewhiskyexchange.com/p/73015/meikle-toir-5-year-old-the-original,https://img.thewhiskyexchange.com/380/mktob.05yo.jpg?v=202407241,5,3,43.75,,3,4,3,3,Vanilla|Honey|Peat smoke|Apple|Lemon|Black Pepper,Distillery Bottling,Scotland,,,No
2026-01-15 09:16:13,Single Malt,51201,Arran Quarter Cask,Arran,70cl / 56.2%,48.75,(£76.43 per litre),Island,Special Offer: £5 Off!,In Stock,https://www.thewhiskyexchange.com/p/51201/arran-quarter-cask,https://img.thewhiskyexchange.com/380/arrob.non70.jpg?v=202407241,4.5,7,53.50,58.50,3,3,0,3,Vanilla|Cinnamon|Honey|Coconut|Pineapple|Black Pepper,Distillery Bottling,Scotland,Island,Quarter Cask,No
2026-01-15 09:16:13,Single Malt,33706,Tomatin 18 Year Old / Oloroso Sherry Finish,Tomatin,70cl / 46%,91.67,(£129.93 per litre),Highland,Special Offer: £19.05 Off!,In Stock,https://www.thewhiskyexchange.com/p/33706/tomatin-18-year-old-oloroso-sherry-finish,https://img.thewhiskyexchange.com/380/tomob.18yov2.jpg?v=202407241,5,5,90.95,110,3,3,0,2,Lemon|Orange|Dark Chocolate|Honey|Oak,Distillery Bottling,Scotland,Highland,First-fill Oloroso Sherry Butt Finish,
2026-01-15 09:16:13,Single Malt,69951,Benriach The Sixteen / 16 Year Old,Benriach,70cl / 43%,58.96,(£83.93 per litre),Speyside,Special Offer: £12 Off!,In Stock,https://www.thewhiskyexchange.com/p/69951/benriach-the-sixteen-16-year-old,https://img.thewhiskyexchange.com/380/bnrob.16yov5.jpg?v=202407241,4,4,58.75,70.75,3,2,1,3,Honey|Apple|Apricot|Cinnamon|Oak|Hazelnut,Distillery Bottling,Scotland,Speyside,Barrel,
2026-01-15 09:16:13,Single Malt,51441,Glenfiddich 23 Year Old / Grand Cru,Glenfiddich,70cl / 40%,216.67,(£371.43 per litre),Speyside,,In Stock,https://www.thewhiskyexchange.com/p/51441/glenfiddich-23-year-old-grand-cru,https://img.thewhiskyexchange.com/380/gfdob.23yo.jpg?v=202407241,4.5,8,260,,3,3,0,3,Brioche|Apple|Peach|Biscuits,Distillery Bottling,Scotland,Speyside,Wine  Finish,
2026-01-15 09:16:13,Single Malt,17955,Longrow Peated,Longrow,70cl / 46%,41.62,(£71.36 per litre),Campbeltown,,In Stock,https://www.thewhiskyexchange.com/p/17955/longrow-peated,https://img.thewhiskyexchange.com/380/lgrob.non1.jpg?v=202407241,4.5,14,49.95,,,,,,,Distillery Bottling,Scotland,Campbeltown,,No
2026-01-15 09:16:13,Single Malt,86319,Caol Ila 2007 / 17 Year Old / Oloroso Cask 3 / Signatory,Caol Ila,70cl / 57.8%,106.67,(£182.86 per litre),Islay,,In Stock,https://www.thewhiskyexchange.com/p/86319/caol-ila-2007-17-year-old-oloroso-cask-3-signatory,https://img.thewhiskyexchange.com/380/cilsig2007v11.jpg?v=202407241,,,128,,3,4,4,3,Dates|Sultana|Toffee|Hazelnut|Nutmeg|Lemon,Signatory,Scotland,Islay,First-fill Oloroso Sherry Butt,No
2026-01-15 09:16:13,Single Malt,86610,Kilchoman Machir Bay Cask Strength / 2025 Edition,Kilchoman,70cl / 58.1%,49.96,(£85.64 per litre),Islay,,In Stock,https://www.thewhiskyexchange.com/p/86610/kilchoman-machir-bay-cask-strength-2025-edition,https://img.thewhiskyexchange.com/380/kilob.non62.jpg?v=202407241,,,59.95,,4,4,3,3,Seashell|Malt|Cream|Vanilla|Papaya,Distillery Bottling,Scotland,Islay,,No
2026-01-15 09:16:13,Single Malt,50725,Ledaig 18 Year Old,Ledaig,70cl / 46.3%,85.83,(£147.14 per litre),Island,,In Stock,https://www.thewhiskyexchange.com/p/50725/ledaig-18-year-old,https://img.thewhiskyexchange.com/380/ldgob.18yov3.jpg?v=202407241,4.5,15,103,,4,5,4,4,Smoke|Eucalyptus|Mint|Vanilla|Peach|Sherry,Distillery Bottling,Scotland,Island,Sherry  Finish,
2026-01-15 09:16:13,Single Malt,30154,Glen Scotia 15 Year Old,Glen Scotia,70cl / 46%,60.42,(£103.57 per litre),Campbeltown,,In Stock,https://www.thewhiskyexchange.com/p/30154/glen-scotia-15-year-old,https://img.thewhiskyexchange.com/380/gstob.15yov1.jpg?v=202407241,4.5,15,72.50,,,,,,Oak|Apricot|Ginger|Lemongrass|Orange|Vanilla,Distillery Bottling,Scotland,Campbeltown,Bourbon,Yes
2026-01-15 09:16:13,Single Malt,85393,Glengoyne 18 Year Old,Glengoyne,70cl / 43%,100.0,(£171.43 per litre),Highland,,In Stock,https://www.thewhiskyexchange.com/p/85393/glengoyne-18-year-old,https://img.thewhiskyexchange.com/380/ggoob.18yov2.jpg?v=202407241,,,120,,4,4,0,3,Marzipan|Walnut|Honey|Oats|Apple|Melon,Distillery Bottling,Scotland,Highland,,
2026-01-15 09:16:13,Single Malt,2078,Glenfarclas 105°,Glenfarclas,70cl / 60%,63.75,(£109.29 per litre),Speyside,,In Stock,https://www.thewhiskyexchange.com/p/2078/glenfarclas-105,https://img.thewhiskyexchange.com/380/gfcob.non1.jpg?v=202407241,4.5,37,76.50,,5,5,1,3,Christmas Cake|Liquorice root|Prunes|Dates,Distillery Bottling,Scotland,Speyside,,No
2026-01-15 09:16:13,Single Malt,72522,Glendronach Ode to the Valley,Glendronach,70cl / 46.2%,48.54,(£83.21 per litre),Highland,,In Stock,https://www.thewhiskyexchange.com/p/72522/glendronach-ode-to-the-valley,https://img.thewhiskyexchange.com/380/grnob.non19.jpg?v=202407241,,,58.25,,4,4,0,3,Pastries|Apple|Raspberry|Candied peel|Crystallised ginger|Walnut,Distillery Bottling,Scotland,Highland,,No
2026-01-15 09:16:13,Single Malt,85238,Arran 12 Year Old Duero Discovery / Signature Series Edition 3,Arran,70cl / 50%,67.71,(£116.07 per litre),Island,,In Stock,https://www.thewhiskyexchange.com/p/85238/arran-12-year-old-duero-discovery-signature-series-edition-3,https://img.thewhiskyexchange.com/380/arrob.12yov9.jpg?v=202407241,,,81.25,,,,,,Redcurrant|Hazelnut|Caramel|Orange|Nutmeg,,Scotland,Island,,No
2026-01-15 09:16:13,Single Malt,57481,Ledaig Rioja Cask Finish / Sinclair Series,Ledaig,70cl / 46.3%,31.88,(£54.64 per litre),Island,,In Stock,https://www.thewhiskyexchange.com/p/57481/ledaig-rioja-cask-finish-sinclair-series,https://img.thewhiskyexchange.com/380/ldgob.non5.jpg?v=202407241,4.5,17,38.25,,,,,,Smoke|Raspberry|Grass|Cinnamon|Almond|Leather,Distillery Bottling,Scotland,Island,Rioja Wine  Finish,
2026-01-15 09:16:13,Single Malt,84309,Ardnahoe Bholsa,Ardnahoe,70cl / 50%,50.42,(£86.43 per litre),Islay,,In Stock,https://www.thewhiskyexchange.com/p/84309/ardnahoe-bholsa,https://img.thewhiskyexchange.com/380/anhob.non2.jpg?v=202407241,,,60.50,,3,4,3,3,Orange|Plums|Peat smoke|Raisins|Sherry,Distillery Bottling,Scotland,Islay,,No
2026-01-15 09:16:13,Single Malt,7936,Auchentoshan 12 Year Old,Auchentoshan,70cl / 40%,28.75,(£49.29 per litre),Lowland,,In Stock,https://www.thewhiskyexchange.com/p/7936/auchentoshan-12-year-old,https://img.thewhiskyexchange.com/380/aucob.12yov6.jpg?v=202407241,4,47,34.50,,3,2,0,4,Cream|Hazelnut|Leaves|Lime|Ginger,Distillery Bottling,Scotland,Lowland,,Yes
2026-01-15 09:16:13,Single Malt,73326,Benrinnes 15 Year Old / Flora & Fauna,Benrinnes,70cl / 43%,52.92,(£90.71 per litre),Speyside,,In Stock,https://www.thewhiskyexchange.com/p/73326/benrinnes-15-year-old-flora-fauna,https://img.thewhiskyexchange.com/380/brnob.15yo.jpg?v=202407241,4.5,3,63.50,,,,,,,Distillery Bottling,Scotland,Speyside,,
2026-01-15 09:16:13,Single Malt,7620,Aberlour 18 Year Old,Aberlour,70cl / 43%,125.0,(£214.29 per litre),Speyside,,In Stock,https://www.thewhiskyexchange.com/p/7620/aberlour-18-year-old,https://img.thewhiskyexchange.com/380/ablob.18yo.jpg?v=202407241,4.5,12,150,,4,4,0,3,Sherry|Raisins|Cherry|Cinnamon|Christmas Cake,Distillery Bottling,Scotland,Speyside,,Yes
2026-01-15 09:16:13,Single Malt,34586,Glen Moray Sherry Cask Finish,Glen Moray,70cl / 40%,23.29,(£39.93 per litre),Speyside,,In Stock,https://www.thewhiskyexchange.com/p/34586/glen-moray-sherry-cask-finish,https://img.thewhiskyexchange.com/380/gmyob.non7.jpg?v=202407241,5,13,27.95,,2,3,0,3,Dark Chocolate|Vanilla|Dried Fruit|Cinnamon|Toffee|Orange,Distillery Bottling,Scotland,Speyside,Sherry  Finish,
2026-01-15 09:16:13,Single Malt,82608,Black Friday 2024 / Highland 16 Year Old (2008),Jura,70cl / 53.8%,62.46,(£107.07 per litre),Island,,In Stock,https://www.thewhiskyexchange.com/p/82608/black-friday-2024-highland-16-year-old-2008,https://img.thewhiskyexchange.com/380/iojtwe2008.jpg?v=202407241,,,,,,,,,,,,,,
2026-01-15 09:16:18,Single Malt,85600,Inchgower 2011 / 13 Year Old / 100 Proof Edition #53 / Signatory,Inchgower,70cl / 57.1%,38.75,(£66.43 per litre),Speyside,,In Stock,https://www.thewhiskyexchange.com/p/85600/inchgower-2011-13-year-old-100-proof-edition-53-signatory,https://img.thewhiskyexchange.com/380/ingsig2011v4.jpg?v=202407241,,,46.50,,4,3,0,4,Dried Fruit|Apple|Nutmeg|Caraway|Almond|Dark Chocolate,Signatory,Scotland,Speyside,First-fill Oloroso Sherry Butt,No
2026-01-15 09:16:18,Single Malt,86397,Kilchoman 11 Year Old 100% Islay / Sherry Cask Matured,Kilchoman,70cl / 50%,66.25,(£113.57 per litre),Islay,,In Stock,https://www.thewhiskyexchange.com/p/86397/kilchoman-11-year-old-100-islay-sherry-cask-matured,https://img.thewhiskyexchange.com/380/kilob.11yo.jpg?v=202407241,,,79.50,,4,4,4,4,Barbecue sauce|Dried Fruit|Figs|Clove|Smoke|Candied peel,Distillery Bottling,Scotland,Islay,Oloroso Sherry Butt,No
2026-01-15 09:16:18,Single Malt,39311,Macallan Classic Cut 2024 Release,Macallan,70cl / 52.4%,104.17,(£178.57 per litre),Speyside,,In Stock,https://www.thewhiskyexchange.com/p/39311/macallan-classic-cut-2024-release,https://img.thewhiskyexchange.com/380/macob.non120.jpg?v=202407241,,,125,,4,4,0,3,Lemongrass|Sponge cake|Pear|Nutmeg|Oak|Milk Chocolate,Distillery Bottling,Scotland,Speyside,,No
2026-01-15 09:16:18,Single Malt,7957,Auchentoshan Three Wood,Auchentoshan,70cl / 43%,41.04,(£70.36 per litre),Lowland,,In Stock,https://www.thewhiskyexchange.com/p/7957/auchentoshan-three-wood,https://img.thewhiskyexchange.com/380/aucob.non2.jpg?v=202407241,4.5,74,49.25,,2,3,0,2,Blackberry|Orange|Prunes|Raisins,Distillery Bottling,Scotland,Lowland,,Yes
2026-01-15 09:16:18,Single Malt,85632,Talisker 14 Year Old / Special Releases 2025,Talisker,70cl / 53.9%,116.67,(£200 per litre),Island,,In Stock,https://www.thewhiskyexchange.com/p/85632/talisker-14-year-old-special-releases-2025,https://img.thewhiskyexchange.com/380/talob.14yo.jpg?v=202407241,,,140,,4,4,4,3,Peat smoke|Cream|Brine|Grape|Earth|Ash,Distillery Bottling,Scotland,Island,,
2026-01-15 09:16:18,Single Malt,85671,Octomore Edition 16.1 / 5 Year Old / Bourbon Cask / Scottish Barley,Octomore,70cl / 59.3%,116.67,(£200 per litre),Islay,,In Stock,https://www.thewhiskyexchange.com/p/85671/octomore-edition-161-5-year-old-bourbon-cask-scottish-barley,https://img.thewhiskyexchange.com/380/octob.05yov33.jpg?v=202407241,,,140,,4,5,5,3,Meat|Smoke|Fudge|Biscuits|Coffee|Peat smoke,Distillery Bottling,Scotland,Islay,,No
2026-01-15 09:16:18,Single Malt,79557,Knockando 21 Year Old Master Reserve / Glass Pack,Knockando,70cl / 43%,100.0,(£171.43 per litre),Speyside,,In Stock,https://www.thewhiskyexchange.com/p/79557/knockando-21-year-old-master-reserve-glass-pack,https://img.thewhiskyexchange.com/380/kadob.21yov1.jpg?v=202407241,,,120,,4,4,0,3,Praline|Apple|Almond|Honeycomb,Distillery Bottling,Scotland,Speyside,,
2026-01-15 09:16:18,Single Malt,84178,Glenlossie 2012 /12 Year Old / 100 Proof Edition #35 / Signatory,Glenlossie,70cl / 57.1%,39.79,(£68.21 per litre),Speyside,,In Stock,https://www.thewhiskyexchange.com/p/84178/glenlossie-2012-12-year-old-100-proof-edition-35-signatory,https://img.thewhiskyexchange.com/380/glosig2012.jpg?v=202407241,,,47.75,,3,4,0,3,Vanilla|Apple|Lemon|Honey|Barley,Signatory,Scotland,Speyside,First Fill Oloroso  Sherry,
2026-01-15 09:16:18,Single Malt,10832,Glen Garioch Founder's Reserve,Glen Garioch,70cl / 48%,31.04,(£53.21 per litre),Highland,,In Stock,https://www.thewhiskyexchange.com/p/10832/glen-garioch-founders-reserve,https://img.thewhiskyexchange.com/380/ggrob.non1.jpg?v=202407241,3.5,20,37.25,,3,2,1,3,Malt|Honey|Oak|Biscuits,Distillery Bottling,Scotland,Highland,,Yes
2026-01-15 09:16:18,Single Malt,81581,Glenallachie 12 Year Old Sauternes Finish / UK Exclusive,Glenallachie,70cl / 48%,49.12,(£84.21 per litre),Speyside,,In Stock,https://www.thewhiskyexchange.com/p/81581/glenallachie-12-year-old-sauternes-finish-uk-exclusive,https://img.thewhiskyexchange.com/380/gleob.12yov9.jpg?v=202407241,,,58.95,,4,3,0,3,Honey|Pineapple|Grapefruit|Peach|Nutmeg,Distillery Bottling,Scotland,Speyside,Sauternes Wine  Finish,No
2026-01-15 09:16:18,Single Malt,33585,Balvenie 15 Year Old / Madeira Cask,Balvenie,70cl / 43%,137.5,(£235.71 per litre),Speyside,,In Stock,https://www.thewhiskyexchange.com/p/33585/balvenie-15-year-old-madeira-cask,https://img.thewhiskyexchange.com/380/balob.15yov10.jpg?v=202407241,,,,,,,,,,,,,,
2026-01-15 09:16:18,Single Malt,59721,Laphroaig 10 Year Old Sherry Oak Finish,Laphroaig,70cl / 48%,46.62,(£79.93 per litre),Islay,,In Stock,https://www.thewhiskyexchange.com/p/59721/laphroaig-10-year-old-sherry-oak-finish,https://img.thewhiskyexchange.com/380/lrgob.10yov79.jpg?v=202407241,4.5,14,55.95,,3,4,3,3,Clove|Smoke|Toffee|Dark Chocolate|Honey|Iodine (tcp),Distillery Bottling,Scotland,Islay,Oloroso Sherry  Finish,
2026-01-15 09:16:18,Single Malt,32496,Laphroaig Lore,Laphroaig,70cl / 48%,53.12,(£91.07 per litre),Islay,,In Stock,https://www.thewhiskyexchange.com/p/32496/laphroaig-lore,https://img.thewhiskyexchange.com/380/lrgob.non16.jpg?v=202407241,4,24,63.75,,4,4,3,3,Smoke|Black Pepper|Toffee|Cream|Chestnut|Dark Chocolate,Distillery Bottling,Scotland,Islay,,Yes
2026-01-15 09:16:18,Single Malt,49646,Glen Scotia Victoriana,Glen Scotia,70cl / 54.2%,63.54,(£108.93 per litre),Campbeltown,,In Stock,https://www.thewhiskyexchange.com/p/49646/glen-scotia-victoriana,https://img.thewhiskyexchange.com/380/gstob.non6.jpg?v=202407241,5,12,76.25,,4,4,2,3,Vanilla|Oak|Black Pepper|Apple|Almond,Distillery Bottling,Scotland,Campbeltown,,No
2026-01-15 09:16:18,Single Malt,81026,Glenmorangie 18 Year Old The Infinita,Glenmorangie,70cl / 43%,103.33,(£177.14 per litre),Highland,,In Stock,https://www.thewhiskyexchange.com/p/81026/glenmorangie-18-year-old-the-infinita,https://img.thewhiskyexchange.com/380/gmgob.18yov21.jpg?v=202407241,3.5,5,124,,4,4,1,3,Figs|Marmalade|Green tea|Honeycomb|Lemongrass|Smoke,Distillery Bottling,Scotland,Highland,,
2026-01-15 09:16:18,Single Malt,85813,Glenturret Triple Wood / 2025 Release,Glenturret,70cl / 45%,49.12,(£84.21 per litre),Highland,,In Stock,https://www.thewhiskyexchange.com/p/85813/glenturret-triple-wood-2025-release,https://img.thewhiskyexchange.com/380/gtuob.non13.jpg?v=202407241,,,58.95,,4,3,0,3,Honey|Hazelnut|Sherry|Dried Fruit|Toffee|Ginger,,Scotland,Highland,,No
2026-01-15 09:16:18,Single Malt,2172,Glen Garioch 12 Year Old,Glen Garioch,70cl / 48%,36.88,(£63.21 per litre),Highland,,In Stock,https://www.thewhiskyexchange.com/p/2172/glen-garioch-12-year-old,https://img.thewhiskyexchange.com/380/ggrob.12yo.jpg?v=202407241,4.5,35,44.25,,3,4,0,2,Dried Fruit|Coffee|Toast|Oak,Distillery Bottling,Scotland,Highland,,Yes
2026-01-15 09:16:18,Single Malt,32572,Glen Scotia Double Cask / Rum Finish,Glen Scotia,70cl / 46%,39.96,(£54.21 per litre),Campbeltown,Special Offer: £10 Off!,In Stock,https://www.thewhiskyexchange.com/p/32572/glen-scotia-double-cask-rum-finish,https://img.thewhiskyexchange.com/380/gstob.non3.jpg?v=202407241,,,37.95,47.95,3,2,0,3,Banana|Peach|Pineapple|Salt (powder)|Coconut|Caramel,Distillery Bottling,Scotland,Campbeltown,First-fill Demerara Rum Barrel Finish,No
2026-01-15 09:16:18,Single Malt,4154,Old Pulteney 12 Year Old,Old Pulteney,70cl / 40%,32.71,(£48.93 per litre),Highland,Special Offer: £5 Off!,In Stock,https://www.thewhiskyexchange.com/p/4154/old-pulteney-12-year-old,https://img.thewhiskyexchange.com/380/opnob.12yo.jpg?v=202407241,4,137,34.25,39.25,3,3,1,3,Lemon|Lime|Brine|Smoke|Banana|Black Pepper,Distillery Bottling,Scotland,Highland,Bourbon,Yes
2026-01-15 09:16:18,Single Malt,83918,Macallan 1998 / 26 Year Old / Cask #21603913 / Speymalt / Gordon & MacPhail,Macallan,70cl / 52.8%,379.17,(£650 per litre),Speyside,,In Stock,https://www.thewhiskyexchange.com/p/83918/macallan-1998-26-year-old-cask-21603913-speymalt-gordon-macphail,https://img.thewhiskyexchange.com/380/macg!m1998v3.jpg?v=202407241,,,455,,4,4,0,3,Cherry|Nutmeg|Malt|Butterscotch|Apple|Almond,Gordon & MacPhail,Scotland,Speyside,,
2026-01-15 09:16:18,Single Malt,86551,Edradour 2015 / 10 Year Old / Sherry Cask 299 / Signatory,Edradour,70cl / 46%,45.79,(£78.50 per litre),Highland,,In Stock,https://www.thewhiskyexchange.com/p/86551/edradour-2015-10-year-old-sherry-cask-299-signatory,https://img.thewhiskyexchange.com/380/edrsig2015.jpg?v=202407241,,,54.95,,,,,,,,Scotland,Highland,First-fill Oloroso Sherry Butt,
2026-01-15 09:16:18,Single Malt,85598,Glenrothes 2015 / 10 Year Old / 100 Proof Edition #50 / Signatory,Glenrothes,70cl / 57.1%,38.75,(£66.43 per litre),Speyside,,In Stock,https://www.thewhiskyexchange.com/p/85598/glenrothes-2015-10-year-old-100-proof-edition-50-signatory,https://img.thewhiskyexchange.com/380/grssig2015v1.jpg?v=202407241,,,46.50,,,,,,Pineapple|Pecan|Butterscotch|Honeycomb|Barley|Apple,Signatory,Scotland,Speyside,First-fill Oloroso Sherry Butt,No
2026-01-15 09:16:18,Single Malt,86697,Royal Brackla 2014 / 11 Year Old / Signatory 100 Proof Edition 67,Royal Brackla,70cl / 57.1%,39.12,(£67.07 per litre),Highland,,In Stock,https://www.thewhiskyexchange.com/p/86697/royal-brackla-2014-11-year-old-signatory-100-proof-edition-67,https://img.thewhiskyexchange.com/380/rblsig2014v1.jpg?v=202407241,,,46.95,,,,,,,Signatory,Scotland,Highland,,No
2026-01-15 09:16:18,Single Malt,11252,Edradour 10 Year Old / Small Bottle,Edradour,20cl / 40%,15.21,(£9.12 per 10cl),Highland,,In Stock,https://www.thewhiskyexchange.com/p/11252/edradour-10-year-old-small-bottle,https://img.thewhiskyexchange.com/380/edrob.10yov12.jpg?v=202407241,5,2,18.25,,3,2,0,3,Honey|Biscuits|Nutmeg|Vanilla|Apple,Distillery Bottling,Scotland,Highland,,No
2026-01-15 09:16:23,Single Malt,14783,Glenkinchie 12 Year Old / Small Bottle,Glenkinchie,20cl / 43%,14.12,(£8.48 per 10cl),Lowland,,In Stock,https://www.thewhiskyexchange.com/p/14783/glenkinchie-12-year-old-small-bottle,https://img.thewhiskyexchange.com/380/gkcob.12yov3.jpg?v=202407241,,,16.95,,2,1,0,3,Vanilla|Cream|Grass|Heather,Distillery Bottling,Scotland,Lowland,,Yes
2026-01-15 09:16:23,Single Malt,86753,Inchgower 2011 / 13 Year Old  / Cask 101 / Signatory Cask Strength,Inchgower,70cl / 59.8%,58.54,(£100.36 per litre),Speyside,,In Stock,https://www.thewhiskyexchange.com/p/86753/inchgower-2011-13-year-old-cask-101-signatory-cask-strength,https://img.thewhiskyexchange.com/380/ingsig2011v5.jpg?v=202407241,,,70.25,,,,,,,Signatory,Scotland,Speyside,First fill Marsala  Hogshead,No
2026-01-15 09:16:23,Single Malt,70795,Oban Distillers Edition,Oban,70cl / 43%,72.46,(£124.21 per litre),Highland,,In Stock,https://www.thewhiskyexchange.com/p/70795/oban-distillers-edition,https://img.thewhiskyexchange.com/380/obnob.non5.jpg?v=202407241,,,86.95,,3,4,1,3,Dried Fruit|Vanilla|Cream|Brine|Caramel|Tobacco,Distillery Bottling,Scotland,Highland,Fino Sherry  Finish,
2026-01-15 09:16:23,Single Malt,23560,Aberlour 16 Year Old Double Cask (40%),Aberlour,70cl / 40%,94.17,(£161.43 per litre),Speyside,,In Stock,https://www.thewhiskyexchange.com/p/23560/aberlour-16-year-old-double-cask-40,https://img.thewhiskyexchange.com/380/ablob.16yov1.jpg?v=202407241,4.5,14,113,,3,4,0,3,Toffee|Raisins|Cinnamon|Milk Chocolate,Distillery Bottling,Scotland,Speyside,,Yes
2026-01-15 09:16:23,Single Malt,42732,Dalmore Port Wood Reserve,Dalmore,70cl / 46.5%,65.42,(£112.14 per litre),Highland,,In Stock,https://www.thewhiskyexchange.com/p/42732/dalmore-port-wood-reserve,https://img.thewhiskyexchange.com/380/dlmob.non19.jpg?v=202407241,5,12,78.50,,3,4,0,4,Orange|Plums|Toffee|Chestnut|Coffee|Cherry,Distillery Bottling,Scotland,Highland,Tawny Port Pipe Finish,
2026-01-15 09:16:23,Single Malt,81531,Balvenie 2009 / 14 Year Old / Bourbon Barrel / A Collection of Curious Casks,Balvenie,70cl / 47.8%,72.92,(£125 per litre),Speyside,,In Stock,https://www.thewhiskyexchange.com/p/81531/balvenie-2009-14-year-old-bourbon-barrel-a-collection-of-curious-casks,https://img.thewhiskyexchange.com/380/balob.2009.jpg?v=202407241,,,87.50,,3,4,0,3,Orange|Oak|Vanilla|Malt|Toffee|Honey,Distillery Bottling,Scotland,Speyside,Bourbon Barrel,
2026-01-15 09:16:23,Single Malt,58786,Glenlivet Caribbean Reserve / Gift Box,Glenlivet,70cl / 40%,33.75,(£57.86 per litre),Speyside,,In Stock,https://www.thewhiskyexchange.com/p/58786/glenlivet-caribbean-reserve-gift-box,https://img.thewhiskyexchange.com/380/glvob.non36.jpg?v=202407241,4,4,40.50,,3,2,0,3,Vanilla|Banana|Pineapple|Caramel|Toffee|Apple,Distillery Bottling,Scotland,Speyside,Rum  Finish,Yes
2026-01-15 09:16:23,Single Malt,67781,Strathisla 2007 / 15 Year Old / Exclusive to The Whisky Exchange,Strathisla,70cl / 60.3%,104.17,(£178.57 per litre),Speyside,,In Stock,https://www.thewhiskyexchange.com/p/67781/strathisla-2007-15-year-old-exclusive-to-the-whisky-exchange,https://img.thewhiskyexchange.com/380/stlob.2007.jpg?v=202407241,5,3,125,,4,3,0,4,Sultana|Apple|Vanilla|Banana|Pear|Biscuits,Distillery Bottling,Scotland,Speyside,First-fill   Barrel,
2026-01-15 09:16:23,Single Malt,3683,Finlaggan Cask Strength Islay Malt,Finlaggan,70cl / 58%,49.79,(£85.36 per litre),Islay,,In Stock,https://www.thewhiskyexchange.com/p/3683/finlaggan-cask-strength-islay-malt,https://img.thewhiskyexchange.com/380/malts_fin3.jpg?v=202407241,5,11,59.75,,3,3,2,3,Tar|Smoke|Seaweed|Lemon,,Scotland,Islay,,Yes
2026-01-15 09:16:23,Single Malt,86342,Ardnamurchan 10 Year Old / 2025 Release,Ardnamurchan,70cl / 46.8%,49.96,(£85.64 per litre),Highland,,In Stock,https://www.thewhiskyexchange.com/p/86342/ardnamurchan-10-year-old-2025-release,https://img.thewhiskyexchange.com/380/amcob.10yov1.jpg?v=202407241,,,59.95,,4,3,3,3,Seashell|Malt|Marzipan|Smoke|Peat smoke|Brioche,Distillery Bottling,Scotland,Highland,,No
2026-01-15 09:16:23,Single Malt,85601,Macduff 2011 / 13 Year Old / 100 Proof Edition #55 / Signatory,Macduff,70cl / 57.1%,38.75,(£66.43 per litre),Highland,,In Stock,https://www.thewhiskyexchange.com/p/85601/macduff-2011-13-year-old-100-proof-edition-55-signatory,https://img.thewhiskyexchange.com/380/mdfsig2011.jpg?v=202407241,,,46.50,,3,4,1,3,Prunes|Milk Chocolate|Raisins|Cognac|Liquorice root|Biscuits,Signatory,Scotland,Highland,Oloroso Sherry Butt,No
2026-01-15 09:16:23,Single Malt,67451,Tobermory 21 Year Old / Oloroso Sherry Finish,Tobermory,70cl / 46.3%,140.83,(£241.43 per litre),Island,,In Stock,https://www.thewhiskyexchange.com/p/67451/tobermory-21-year-old-oloroso-sherry-finish,https://img.thewhiskyexchange.com/380/tobob.21yov2.jpg?v=202407241,,,169,,2,3,0,4,Toffee|Pineapple|Marzipan|Hazelnut|Caramel|Cherry,Distillery Bottling,Scotland,Island,Oloroso Sherry  Finish,
2026-01-15 09:16:23,Single Malt,56100,Benriach The Twelve / 12 Year Old,Benriach,70cl / 46%,38.29,(£65.64 per litre),Speyside,,In Stock,https://www.thewhiskyexchange.com/p/56100/benriach-the-twelve-12-year-old,https://img.thewhiskyexchange.com/380/bnrob.12yov9.jpg?v=202407241,5,7,45.95,,2,4,0,4,Raisins|Sultana|Fruit Cake|Nutmeg|Cinnamon|Apple,Distillery Bottling,Scotland,Speyside,,
2026-01-15 09:16:23,Single Malt,51200,Arran Barrel Reserve,Arran,70cl / 43%,32.92,(£56.43 per litre),Island,,In Stock,https://www.thewhiskyexchange.com/p/51200/arran-barrel-reserve,https://img.thewhiskyexchange.com/380/arrob.non69.jpg?v=202407241,,,,,,,,,,,,,,
2026-01-15 09:16:23,Single Malt,68157,Balvenie 17 Year Old / Week of Peat,Balvenie,70cl / 49.4%,95.83,(£164.29 per litre),Speyside,,In Stock,https://www.thewhiskyexchange.com/p/68157/balvenie-17-year-old-week-of-peat,https://img.thewhiskyexchange.com/380/balob.17yov22.jpg?v=202407241,,,115,,3,3,2,3,Smoke|Honey|Heather|Orange|Cream|Oak,Distillery Bottling,Scotland,Speyside,,
2026-01-15 09:16:23,Single Malt,45299,Mortlach 12 Year Old / The Wee Witchie,Mortlach,70cl / 43.4%,58.12,(£99.64 per litre),Speyside,,In Stock,https://www.thewhiskyexchange.com/p/45299/mortlach-12-year-old-the-wee-witchie,https://img.thewhiskyexchange.com/380/mtlob.12yov3.jpg?v=202407241,5,7,69.75,,3,3,0,3,Dried Fruit|Vanilla|Walnut|Dates|Lemon,Distillery Bottling,Scotland,Speyside,,
2026-01-15 09:16:23,Single Malt,2034,Glenfarclas 10 Year Old,Glenfarclas,70cl / 40%,37.92,(£65 per litre),Speyside,,In Stock,https://www.thewhiskyexchange.com/p/2034/glenfarclas-10-year-old,https://img.thewhiskyexchange.com/380/gfcob.10yo.jpg?v=202407241,4.5,27,45.50,,3,4,0,3,Malt|Raisins|Honey|Cinnamon,Distillery Bottling,Scotland,Speyside,,No
2026-01-15 09:16:23,Single Malt,49749,Balvenie 14 Year Old / Week of Peat / Story No.2,Balvenie,70cl / 48.3%,72.92,(£125 per litre),Speyside,,In Stock,https://www.thewhiskyexchange.com/p/49749/balvenie-14-year-old-week-of-peat-story-no2,https://img.thewhiskyexchange.com/380/balob.14yov6.jpg?v=202407241,,,,,,,,,,,,,,
2026-01-15 09:16:23,Single Malt,40978,Aberfeldy 12 Year Old / The Golden Dram,Aberfeldy,70cl / 40%,38.75,(£66.43 per litre),Highland,,In Stock,https://www.thewhiskyexchange.com/p/40978/aberfeldy-12-year-old-the-golden-dram,https://img.thewhiskyexchange.com/380/abfob.12yov4.jpg?v=202407241,5,6,46.50,,4,4,0,3,Honey|Malt|Pecan,Distillery Bottling,Scotland,Highland,,
2026-01-15 09:16:23,Single Malt,86212,Benromach 2014 Cask Strength Batch 2 / Bot.2023,Benromach,70cl / 59.7%,54.58,(£93.57 per litre),Speyside,,In Stock,https://www.thewhiskyexchange.com/p/86212/benromach-2014-cask-strength-batch-2-bot2023,https://img.thewhiskyexchange.com/380/brmob.2014v4.jpg?v=202407241,,,,,,,,,,,,,,
2026-01-15 09:16:23,Single Malt,6297,Bowmore 25 Year Old,Bowmore,70cl / 43%,416.67,(£714.29 per litre),Islay,,In Stock,https://www.thewhiskyexchange.com/p/6297/bowmore-25-year-old,https://img.thewhiskyexchange.com/380/bowob.25yov6.jpg?v=202407241,5,8,500,,3,2,2,3,Sherry|Plums|Figs|Smoke,Distillery Bottling,Scotland,Islay,,Yes
2026-01-15 09:16:23,Single Malt,84641,Ledaig 10 Year Old Hebridean Moon,Ledaig,70cl / 58.8%,66.62,(£114.21 per litre),Island,,In Stock,https://www.thewhiskyexchange.com/p/84641/ledaig-10-year-old-hebridean-moon,https://img.thewhiskyexchange.com/380/ldgob.10yov2.jpg?v=202407241,,,79.95,,4,4,4,2,Tobacco|Peat smoke|Leather|Cream|Candied peel|Raspberry,Distillery Bottling,Scotland,Island,Bourbon,No
2026-01-15 09:16:23,Single Malt,84601,Port Charlotte Scottish Barley 18 Year Old,Port Charlotte,70cl / 52.3%,145.83,(£250 per litre),Islay,,In Stock,https://www.thewhiskyexchange.com/p/84601/port-charlotte-scottish-barley-18-year-old,https://img.thewhiskyexchange.com/380/pclob.18yo.jpg?v=202407241,,,,,,,,,,,,,,
2026-01-15 09:16:23,Single Malt,39120,Kilchoman Sanaig / Small Bottle,Kilchoman,20cl / 46%,22.71,(£13.62 per 10cl),Islay,,In Stock,https://www.thewhiskyexchange.com/p/39120/kilchoman-sanaig-small-bottle,https://img.thewhiskyexchange.com/380/kilob.non25.jpg?v=202407241,,,27.25,,3,4,3,2,Smoke|Toffee|Dried Fruit|Plums,Distillery Bottling,Scotland,Islay,,No
2026-01-15 09:16:28,Single Malt,68147,Macallan Classic Cut 2022 Release,Macallan,70cl / 52.5%,133.33,(£228.57 per litre),Speyside,,In Stock,https://www.thewhiskyexchange.com/p/68147/macallan-classic-cut-2022-release,https://img.thewhiskyexchange.com/380/macob.non172.jpg?v=202407241,,,160,,,,,,,Distillery Bottling,Scotland,Speyside,,No
2026-01-15 09:16:28,Single Malt,40037,Speyburn 15 Year Old,Speyburn,70cl / 46%,57.71,(£77.50 per litre),Speyside,Special Offer: £15 Off!,In Stock,https://www.thewhiskyexchange.com/p/40037/speyburn-15-year-old,https://img.thewhiskyexchange.com/380/spbob.15yo.jpg?v=202407241,4.5,3,54.25,69.25,2,3,0,2,Apple|Vanilla|Orange|Liquorice root,Distillery Bottling,Scotland,Speyside,,No
2026-01-15 09:16:28,Single Malt,70243,Ardmore 12 Year Old / Seyton / Household Series / Macbeth Act One,Ardmore,70cl / 52.5%,83.29,(£121.36 per litre),Highland,Special Offer: £15 Off!,In Stock,https://www.thewhiskyexchange.com/p/70243/ardmore-12-year-old-seyton-household-series-macbeth-act-one,https://img.thewhiskyexchange.com/380/arded.12yo.jpg?v=202407241,,,84.95,99.95,3,2,2,2,Smoke|Pine|Salt (powder)|Petrol|Dark Chocolate|Sage,Elixir Distillers,Scotland,Highland,,
2026-01-15 09:16:28,Single Malt,69328,Talisker Distillers Edition,Talisker,70cl / 45.8%,62.46,(£107.07 per litre),Island,,In Stock,https://www.thewhiskyexchange.com/p/69328/talisker-distillers-edition,https://img.thewhiskyexchange.com/380/talob.non22.jpg?v=202407241,,,74.95,,3,4,3,2,Smoke|Dried Fruit|Black Pepper|Tobacco|Walnut|Leather,Distillery Bottling,Scotland,Island,Amoroso Sherry  Finish,
2026-01-15 09:16:28,Single Malt,82548,Ardnahoe 5 Year Old Cask Strength,Ardnahoe,70cl / 60.9%,57.71,(£98.93 per litre),Islay,,In Stock,https://www.thewhiskyexchange.com/p/82548/ardnahoe-5-year-old-cask-strength,https://img.thewhiskyexchange.com/380/anhob.05yov1.jpg?v=202407241,,,69.25,,,,,,,Distillery Bottling,,,First-fill  Bourbon Barrel,No
2026-01-15 09:16:28,Single Malt,11746,Bruichladdich Classic Laddie 10 Year Old / Small Bottle,Bruichladdich,20cl / 50%,16.62,(£9.98 per 10cl),Islay,,In Stock,https://www.thewhiskyexchange.com/p/11746/bruichladdich-classic-laddie-10-year-old-small-bottle,https://img.thewhiskyexchange.com/380/bruob.10yov2.jpg?v=202407241,,,19.95,,,,,,,Distillery Bottling,Scotland,Islay,,No
2026-01-15 09:16:28,Single Malt,86552,Orkney (HP) 2005 / 20 Year Old /  Cask #DRU17/A63 #2 / Signatory,Highland Park,70cl / 55.2%,120.83,(£207.14 per litre),Island,,In Stock,https://www.thewhiskyexchange.com/p/86552/orkney-hp-2005-20-year-old-cask-dru17a63-2-signatory,https://img.thewhiskyexchange.com/380/hlpsig2005v10.jpg?v=202407241,,,145,,,,,,,Signatory,Scotland,Island,First-fill Oloroso Sherry Butt,No
2026-01-15 09:16:28,Single Malt,86557,Dailuaine 2008 / 17 Year Old / Cask #3 / Signatory Cask Strength,Dailuaine,70cl / 57.2%,70.21,(£120.36 per litre),Speyside,,In Stock,https://www.thewhiskyexchange.com/p/86557/dailuaine-2008-17-year-old-cask-3-signatory-cask-strength,https://img.thewhiskyexchange.com/380/dlnsig2008v3.jpg?v=202407241,,,84.25,,,,,,,Signatory,Scotland,Speyside,First-fill Oloroso Sherry,No
2026-01-15 09:16:28,Single Malt,80136,Old Pulteney Harbour,Old Pulteney,70cl / 40%,29.12,(£49.93 per litre),Highland,,In Stock,https://www.thewhiskyexchange.com/p/80136/old-pulteney-harbour,https://img.thewhiskyexchange.com/380/opnob.non13.jpg?v=202407241,,,34.95,,4,4,3,3,Marmalade|Orange|Lemon|Fruit Cake,Distillery Bottling,Scotland,Highland,Finish,
2026-01-15 09:16:28,Single Malt,4854,Talisker The Wild Blue,Talisker,70cl / 48.2%,64.38,(£110.36 per litre),Island,,In Stock,https://www.thewhiskyexchange.com/p/4854/talisker-the-wild-blue,https://img.thewhiskyexchange.com/380/talob.non1.jpg?v=202407241,,,,,,,,,,,,,,
2026-01-15 09:16:28,Single Malt,37964,Glen Moray Port Cask Finish / Glass Set,Glen Moray,70cl / 40%,27.71,(£47.50 per litre),Speyside,,In Stock,https://www.thewhiskyexchange.com/p/37964/glen-moray-port-cask-finish-glass-set,https://img.thewhiskyexchange.com/380/gmyob.non11.jpg?v=202407241,,,33.25,,3,3,0,3,Nutmeg|Cinnamon|Lemon|Dark Chocolate|Honey|Oak,Distillery Bottling,Scotland,Speyside,Port  Finish,Yes
2026-01-15 09:16:28,Single Malt,72943,Isle of Harris The Hearach Single Malt,Isle of Harris,70cl / 46%,51.46,(£88.21 per litre),Island,,In Stock,https://www.thewhiskyexchange.com/p/72943/isle-of-harris-the-hearach-single-malt,https://img.thewhiskyexchange.com/380/harob.non1.jpg?v=202407241,4.5,8,61.75,,3,3,2,3,Wildflowers|Malt|Leather|Meringue|Ginger,,Scotland,Island,,
2026-01-15 09:16:28,Single Malt,4958,Tomatin 12 Year Old / Sherry Cask,Tomatin,70cl / 40%,40.21,(£68.93 per litre),Highland,,In Stock,https://www.thewhiskyexchange.com/p/4958/tomatin-12-year-old-sherry-cask,https://img.thewhiskyexchange.com/380/tomob.12yo.jpg?v=202407241,4.5,35,48.25,,,,,,,Distillery Bottling,Scotland,Highland,Sherry  Finish,Yes
2026-01-15 09:16:28,Single Malt,86198,Glen Scotia 2015 Dawny Port / 10 Year Old /Thompson Bros for The Whisky Exchange,Glen Scotia,70cl / 53.3%,58.29,(£99.93 per litre),Campbeltown,,In Stock,https://www.thewhiskyexchange.com/p/86198/glen-scotia-2015-dawny-port-10-year-old-thompson-bros-for-the-whisky-exchange,https://img.thewhiskyexchange.com/380/gsttho2015.jpg?v=202407241,,,69.95,,4,3,0,3,Plums|Sultana|Barley|Cherry|Cardamom|Coriander seed,Thompson Bros,Scotland,Campbeltown,Tawny Port  Finish,No
2026-01-15 09:16:28,Single Malt,80590,Torabhaig Legacy Series Cnoc Na Moine,Torabhaig ,70cl / 46%,48.54,(£83.21 per litre),Island,,In Stock,https://www.thewhiskyexchange.com/p/80590/torabhaig-legacy-series-cnoc-na-moine,https://img.thewhiskyexchange.com/380/trbob.non3.jpg?v=202407241,,,58.25,,4,4,3,3,Barbecue sauce|Peat smoke|Black Pepper|Stewed Fruit,Distillery Bottling,Scotland,Island,,No
2026-01-15 09:16:28,Single Malt,85299,Glendronach 21 Year Old,Glendronach,70cl / 48%,191.67,(£328.57 per litre),Highland,,In Stock,https://www.thewhiskyexchange.com/p/85299/glendronach-21-year-old,https://img.thewhiskyexchange.com/380/grnob.21yov1.jpg?v=202407241,,,230,,4,4,0,3,Dried Fruit|Figs|Raisins|Candied peel|Clove|Cacao,Distillery Bottling,Scotland,Highland,Sherry,No
2026-01-15 09:16:28,Single Malt,61863,Lagavulin 2008 / 12 Year Old / Special Releases 2021,Lagavulin,70cl / 56.5%,106.67,(£182.86 per litre),Islay,,In Stock,https://www.thewhiskyexchange.com/p/61863/lagavulin-2008-12-year-old-special-releases-2021,https://img.thewhiskyexchange.com/380/lgvob.12yov47.jpg?v=202407241,,,128,,4,3,3,2,Lemon|Smoke|Oil|Seaweed|Salt (powder)|Black Pepper,Distillery Bottling,Scotland,Islay,,
2026-01-15 09:16:28,Single Malt,66295,Glenfiddich Orchard Experiment / Experimental Series #05,Glenfiddich,70cl / 43%,39.58,(£67.86 per litre),Speyside,,In Stock,https://www.thewhiskyexchange.com/p/66295/glenfiddich-orchard-experiment-experimental-series-05,https://img.thewhiskyexchange.com/380/gfdob.non80.jpg?v=202407241,3.5,5,47.50,,2,1,0,3,Apple|Vanilla|Oak|Caramel,Distillery Bottling,Scotland,Speyside,Somerset Pomona Apple Liqueur  Finish,
2026-01-15 09:16:28,Single Malt,85402,Daftmill 2012 Summer Release / Bot.2025,Daftmill ,70cl / 46%,85.83,(£147.14 per litre),Lowland,,In Stock,https://www.thewhiskyexchange.com/p/85402/daftmill-2012-summer-release-bot2025,https://img.thewhiskyexchange.com/380/dafob.2012.jpg?v=202407241,,,103,,4,3,0,3,Apple|Hay|Vanilla|Lemongrass|White Pepper|Malt,Distillery Bottling,,Lowland,First-fill  Bourbon Barrel,
2026-01-15 09:16:28,Single Malt,85291,Blair Athol 2007 / 17 Year Old / 100 Proof Exceptional Edition 12 / Signatory,Blair Athol,70cl / 57.1%,63.75,(£109.29 per litre),Highland,,In Stock,https://www.thewhiskyexchange.com/p/85291/blair-athol-2007-17-year-old-100-proof-exceptional-edition-12-signatory,https://img.thewhiskyexchange.com/380/blasig2007v1.jpg?v=202407241,,,76.50,,4,4,0,3,Dried Fruit|Dark Chocolate|Leather|Sherry,Signatory,Scotland,Highland,First-fill Oloroso Sherry Butt,No
2026-01-15 09:16:28,Single Malt,85673,Octomore Edition 16.3 / 5 Year Old / Islay Barley,Octomore,70cl / 61.6%,162.5,(£278.57 per litre),Islay,,In Stock,https://www.thewhiskyexchange.com/p/85673/octomore-edition-163-5-year-old-islay-barley,https://img.thewhiskyexchange.com/380/octob.05yov35.jpg?v=202407241,,,195,,4,5,5,4,Dried Fruit|Apricot|Praline|Peat smoke|Raisins|Dark Chocolate,Distillery Bottling,Scotland,Islay,,No
2026-01-15 09:16:28,Single Malt,55178,Laphroaig 10 Year Old Cask Strength / Batch 012 / Bot.2020,Laphroaig,70cl / 60.1%,83.29,(£142.79 per litre),Islay,,In Stock,https://www.thewhiskyexchange.com/p/55178/laphroaig-10-year-old-cask-strength-batch-012-bot2020,https://img.thewhiskyexchange.com/380/lrgob.10yov76.jpg?v=202407241,5,3,99.95,,4,2,3,2,Smoke|Oak|Toffee|Coffee|Salt (powder)|Vanilla,Distillery Bottling,Scotland,Islay,,
2026-01-15 09:16:28,Single Malt,64489,Balvenie 16 Year Old French Oak / Pineau Cask Finish,Balvenie,70cl / 47.6%,122.5,(£210 per litre),Speyside,,In Stock,https://www.thewhiskyexchange.com/p/64489/balvenie-16-year-old-french-oak-pineau-cask-finish,https://img.thewhiskyexchange.com/380/balob.16yov3.jpg?v=202407241,4,4,147,,3,1,0,4,Apple|Grapefruit|Honey|Ginger|Geranium|Grass,Distillery Bottling,Scotland,Speyside,Pineau des Charentes Wine  Finish,
2026-01-15 09:16:28,Single Malt,83210,Glendronach Ode to the Embers,Glendronach,70cl / 48.4%,50.62,(£86.79 per litre),Highland,,In Stock,https://www.thewhiskyexchange.com/p/83210/glendronach-ode-to-the-embers,https://img.thewhiskyexchange.com/380/grnob.non21.jpg?v=202407241,,,60.75,,4,4,3,3,Peat smoke|Fruit Cake|Dark Chocolate|Honeycomb|Ash,Distillery Bottling,Scotland,Highland,Sherry,No
2026-01-15 09:16:32,Single Malt,48271,Tamdhu 15 Year Old / Sherry Cask Matured,Tamdhu,70cl / 46%,83.12,(£142.50 per litre),Speyside,,In Stock,https://www.thewhiskyexchange.com/p/48271/tamdhu-15-year-old-sherry-cask-matured,https://img.thewhiskyexchange.com/380/tamob.15yov1.jpg?v=202407241,5,4,99.75,,3,3,0,3,Apricot|Orange|Almond|Malt|Cream|Sherry,Distillery Bottling,Scotland,Speyside,Oloroso Sherry,No
2026-01-15 09:16:32,Single Malt,28323,Glenlivet Founder's Reserve,Glenlivet,70cl / 40%,31.46,(£53.93 per litre),Speyside,,In Stock,https://www.thewhiskyexchange.com/p/28323/glenlivet-founders-reserve,https://img.thewhiskyexchange.com/380/glvob.non11.jpg?v=202407241,3.5,155,37.75,,2,2,0,3,Apple|Pear|Grass|Toffee,Distillery Bottling,Scotland,Speyside,,Yes
2026-01-15 09:16:32,Single Malt,85288,Benrinnes 2012 / 13 Year Old / 100 Proof Edition 56 / Signatory,Benrinnes,70cl / 57.1%,40.42,(£69.29 per litre),Speyside,,In Stock,https://www.thewhiskyexchange.com/p/85288/benrinnes-2012-13-year-old-100-proof-edition-56-signatory,https://img.thewhiskyexchange.com/380/brnsig2012v2.jpg?v=202407241,,,48.50,,3,4,2,3,Black Pepper|Caramel|Smoke|Figs|Jam|Dark Chocolate,Signatory,Scotland,Speyside,Oloroso Sherry Butt,No
2026-01-15 09:16:32,Single Malt,4840,Talisker 18 Year Old,Talisker,70cl / 45.8%,190.83,(£327.14 per litre),Island,,In Stock,https://www.thewhiskyexchange.com/p/4840/talisker-18-year-old,https://img.thewhiskyexchange.com/380/talob.18yo.jpg?v=202407241,4,68,229,,4,4,3,3,Orange|Tar|Smoke|Toffee|Brine,Distillery Bottling,Scotland,Island,,Yes
2026-01-15 09:16:32,Single Malt,82895,Kilchoman Sanaig Cask Strength,Kilchoman,70cl / 57.8%,59.58,(£102.14 per litre),Islay,,In Stock,https://www.thewhiskyexchange.com/p/82895/kilchoman-sanaig-cask-strength,https://img.thewhiskyexchange.com/380/kilob.non60.jpg?v=202407241,,,71.50,,4,4,4,3,,Distillery Bottling,Scotland,Islay,,
2026-01-15 09:16:32,Single Malt,55207,Royal Lochnagar Selected Reserve,Royal Lochnagar,70cl / 43%,152.5,(£261.43 per litre),Highland,,In Stock,https://www.thewhiskyexchange.com/p/55207/royal-lochnagar-selected-reserve,https://img.thewhiskyexchange.com/380/rlnob.non10.jpg?v=202407241,,,,,,,,,,,,,,
2026-01-15 09:16:32,Single Malt,33705,Tomatin Legacy / Bourbon & Virgin Oak,Tomatin,70cl / 43%,27.92,(£47.86 per litre),Highland,,In Stock,https://www.thewhiskyexchange.com/p/33705/tomatin-legacy-bourbon-virgin-oak,https://img.thewhiskyexchange.com/380/tomob.non10.jpg?v=202407241,4,11,33.50,,2,2,0,3,Vanilla|Pineapple|Lemon,Distillery Bottling,Scotland,Highland,,Yes
2026-01-15 09:16:32,Single Malt,26248,Ardmore Legacy,Ardmore,70cl / 40%,21.62,(£37.07 per litre),Highland,,In Stock,https://www.thewhiskyexchange.com/p/26248/ardmore-legacy,https://img.thewhiskyexchange.com/380/ardob.non1.jpg?v=202407241,3.5,81,25.95,,2,2,3,2,Vanilla|Smoke|Heather|Honey|Cinnamon|Toffee,Distillery Bottling,Scotland,Highland,,Yes
2026-01-15 09:16:32,Single Malt,71995,Glenfarclas 26 Year Old / Oloroso Sherry Casks,Glenfarclas,70cl / 47.3%,229.17,(£392.86 per litre),Speyside,,In Stock,https://www.thewhiskyexchange.com/p/71995/glenfarclas-26-year-old-oloroso-sherry-casks,https://img.thewhiskyexchange.com/380/gfcob.26yo.jpg?v=202407241,,,275,,,,,,Dried Fruit|Coffee|Dark Chocolate|Candied peel|Hazelnut,Distillery Bottling,Scotland,Speyside,Oloroso Sherry,
2026-01-15 09:16:32,Single Malt,86696,Glen Ord 2016 / 9 Year Old / Signatory 100 Proof Edition 66,Glen Ord,70cl / 57.1%,39.12,(£67.07 per litre),Highland,,In Stock,https://www.thewhiskyexchange.com/p/86696/glen-ord-2016-9-year-old-signatory-100-proof-edition-66,https://img.thewhiskyexchange.com/380/godsig2016.jpg?v=202407241,,,46.95,,,,,,,Signatory,Scotland,Highland,Oloroso Sherry,No
2026-01-15 09:16:32,Single Malt,12084,Tomintoul 16 Year Old / Half Bottle,Tomintoul,35cl / 40%,29.79,(£102.14 per litre),Speyside,,In Stock,https://www.thewhiskyexchange.com/p/12084/tomintoul-16-year-old-half-bottle,https://img.thewhiskyexchange.com/380/tmtob.16yov1.jpg?v=202407241,5,6,35.75,,3,3,0,2,Vanilla|Pear|Apple|Custard,Distillery Bottling,Scotland,Speyside,,Yes
2026-01-15 09:16:32,Single Malt,85814,Glenturret 10 Year Old Peat Smoked / 2025 Release,Glenturret,70cl / 46.6%,55.21,(£94.64 per litre),Highland,,In Stock,https://www.thewhiskyexchange.com/p/85814/glenturret-10-year-old-peat-smoked-2025-release,https://img.thewhiskyexchange.com/380/gtuob.10yov7.jpg?v=202407241,,,66.25,,4,4,3,3,Smoke|Peat smoke|Custard|Dried Fruit|Nutmeg|Apple,,Scotland,Highland,,No
2026-01-15 09:16:32,Single Malt,36417,Talisker Dark Storm / Litre,Talisker,100cl / 45.8%,72.71,,Island,,In Stock,https://www.thewhiskyexchange.com/p/36417/talisker-dark-storm-litre,https://img.thewhiskyexchange.com/380/talob.non16.jpg?v=202407241,4.5,14,87.25,,,,,,,Distillery Bottling,Scotland,Island,,
2026-01-15 09:16:32,Single Malt,85799,Macallan Rare Cask / 2024 Release,Macallan,70cl / 43%,250.0,(£428.57 per litre),Speyside,,In Stock,https://www.thewhiskyexchange.com/p/85799/macallan-rare-cask-2024-release,https://img.thewhiskyexchange.com/380/macob.non194.jpg?v=202407241,,,300,,4,4,0,3,Apple|Lemon|Orange|Dark Chocolate|Raisins|Vanilla,Distillery Bottling,Scotland,Speyside,Sherry Butt,No
2026-01-15 09:16:32,Single Malt,84662,Torabhaig Sound of Sleat,Torabhaig ,70cl / 46%,48.54,(£83.21 per litre),Island,,In Stock,https://www.thewhiskyexchange.com/p/84662/torabhaig-sound-of-sleat,https://img.thewhiskyexchange.com/380/trbob.non4.jpg?v=202407241,,,58.25,,3,3,4,3,Smoke|Vanilla|Brine|Apricot|Orange|Nutmeg,Distillery Bottling,Scotland,Island,,No
2026-01-15 09:16:32,Single Malt,68622,Talisker 11 Year Old / Special Releases 2022,Talisker,70cl / 55.1%,87.5,(£150 per litre),Island,,In Stock,https://www.thewhiskyexchange.com/p/68622/talisker-11-year-old-special-releases-2022,https://img.thewhiskyexchange.com/380/talob.11yo.jpg?v=202407241,,,105,,,,,,,Distillery Bottling,Scotland,Island,,
2026-01-15 09:16:32,Single Malt,86694,Aultmore 2009 / 16 Year Old / Signatory 100 Proof Exceptional #14,Aultmore,70cl / 57.1%,61.25,(£105 per litre),Speyside,,In Stock,https://www.thewhiskyexchange.com/p/86694/aultmore-2009-16-year-old-signatory-100-proof-exceptional-14,https://img.thewhiskyexchange.com/380/aulsig2009.jpg?v=202407241,,,73.50,,,,,,,Signatory,Scotland,Speyside,First fill Oloroso Sherry Butt,No
2026-01-15 09:16:32,Single Malt,86019,Bunnahabhain 21 Year Old Cask Strength / 2025 Release,Bunnahabhain,70cl / 53.1%,220.83,(£378.57 per litre),Islay,,In Stock,https://www.thewhiskyexchange.com/p/86019/bunnahabhain-21-year-old-cask-strength-2025-release,https://img.thewhiskyexchange.com/380/bunob.21yov1.jpg?v=202407241,,,265,,4,4,0,3,Clove|Cherry|Dried Fruit|Prunes|Dark Chocolate|Leather,Distillery Bottling,Scotland,Islay,Pedro Ximenez Sherry  Finish,No
2026-01-15 09:16:32,Single Malt,86698,Linkwood 2012 / 12 Year Old / Signatory 100 Proof Edition 68,Linkwood,70cl / 57.1%,41.04,(£70.36 per litre),Speyside,,In Stock,https://www.thewhiskyexchange.com/p/86698/linkwood-2012-12-year-old-signatory-100-proof-edition-68,https://img.thewhiskyexchange.com/380/lkwsig2012v8.jpg?v=202407241,,,49.25,,,,,,,Signatory,Scotland,Speyside,Oloroso Sherry Butt,No
2026-01-15 09:16:32,Single Malt,42002,Knockando 12 Year Old,Knockando,70cl / 43%,39.96,(£62.79 per litre),Speyside,Special Offer: £4 Off!,In Stock,https://www.thewhiskyexchange.com/p/42002/knockando-12-year-old,https://img.thewhiskyexchange.com/380/kadob.12yov1.jpg?v=202407241,4.5,8,43.95,47.95,3,3,0,3,Milk Chocolate|Brioche|Sultana|Cinnamon|Black Pepper|Banana,Distillery Bottling,Scotland,Speyside,,Yes
2026-01-15 09:16:32,Single Malt,80284,Lochlea Ploughing Edition / Second Crop,Lochlea,70cl / 46%,41.62,(£57.07 per litre),Lowland,Clearance Offer: £10 Off!,In Stock,https://www.thewhiskyexchange.com/p/80284/lochlea-ploughing-edition-second-crop,https://img.thewhiskyexchange.com/380/lolob.non11.jpg?v=202407241,4.5,2,39.95,49.95,3,3,1,3,Hay|Lemon|Barley|Apple,Distillery Bottling,,Lowland,,No
2026-01-15 09:16:32,Single Malt,73227,Glenlossie 10 Year Old / Flora & Fauna,Glenlossie,70cl / 43%,53.29,(£69.93 per litre),Speyside,Special Offer: £15 Off!,In Stock,https://www.thewhiskyexchange.com/p/73227/glenlossie-10-year-old-flora-fauna,https://img.thewhiskyexchange.com/380/gloob.10yo.jpg?v=202407241,,,48.95,63.95,,,,,,Distillery Bottling,Scotland,Speyside,,Yes
2026-01-15 09:16:32,Single Malt,14469,Deanston Virgin Oak,Deanston,70cl / 46.3%,28.29,(£48.50 per litre),Highland,,In Stock,https://www.thewhiskyexchange.com/p/14469/deanston-virgin-oak,https://img.thewhiskyexchange.com/380/dstob.non3.jpg?v=202407241,4,18,33.95,,2,2,0,3,Ginger|Lemongrass|Nutmeg|Apple|Toffee|Oak,Distillery Bottling,Scotland,Highland,,No
2026-01-15 09:16:32,Single Malt,5747,Bowmore 12 Year Old,Bowmore,70cl / 40%,33.75,(£57.86 per litre),Islay,,In Stock,https://www.thewhiskyexchange.com/p/5747/bowmore-12-year-old,https://img.thewhiskyexchange.com/380/bowob.12yov10.jpg?v=202407241,4,98,40.50,,3,2,3,2,Pineapple|Honey|Mango|Smoke|Peach|White Pepper,Distillery Bottling,Scotland,Islay,,Yes
2026-01-15 09:16:36,Single Malt,45608,Old Pulteney 18 Year Old,Old Pulteney,70cl / 46%,108.33,(£185.71 per litre),Highland,,In Stock,https://www.thewhiskyexchange.com/p/45608/old-pulteney-18-year-old,https://img.thewhiskyexchange.com/380/opnob.18yov3.jpg?v=202407241,4.5,3,130,,4,3,0,3,Brine|Lemon|Apple|Honey|Christmas Cake|Dark Chocolate,Distillery Bottling,Scotland,Highland,,
2026-01-15 09:16:36,Single Malt,70793,Dalwhinnie Distillers Edition,Dalwhinnie,70cl / 43%,64.58,(£110.71 per litre),Speyside,,In Stock,https://www.thewhiskyexchange.com/p/70793/dalwhinnie-distillers-edition,https://img.thewhiskyexchange.com/380/dalob.non4.jpg?v=202407241,,,77.50,,3,2,0,4,Vanilla|Oak|Honey|Dried Fruit|Chestnut|Walnut,Distillery Bottling,Scotland,Speyside,Oloroso Sherry  Finish,
2026-01-15 09:16:36,Single Malt,57887,Lagavulin 11 Year Old / Offerman Edition / Guinness Cask Finish,Lagavulin,70cl / 46%,208.33,(£357.14 per litre),Islay,,In Stock,https://www.thewhiskyexchange.com/p/57887/lagavulin-11-year-old-offerman-edition-guinness-cask-finish,https://img.thewhiskyexchange.com/380/lgvob.11yov2.jpg?v=202407241,,,,,,,,,,,,,,
2026-01-15 09:16:36,Single Malt,85286,Mannochmore 2014 / 11 Year Old / 100 Proof Edition 51 / Signatory,Mannochmore,70cl / 57.1%,39.12,(£67.07 per litre),Speyside,,In Stock,https://www.thewhiskyexchange.com/p/85286/mannochmore-2014-11-year-old-100-proof-edition-51-signatory,https://img.thewhiskyexchange.com/380/mnmsig2014.jpg?v=202407241,,,46.95,,4,4,0,4,Dried Fruit|Dates|Orange|Almond|Raisins|Toast,Signatory,Scotland,Speyside,Pedro Ximenez,No
2026-01-15 09:16:36,Single Malt,26000,Auchentoshan American Oak,Auchentoshan,70cl / 40%,25.79,(£44.21 per litre),Lowland,,In Stock,https://www.thewhiskyexchange.com/p/26000/auchentoshan-american-oak,https://img.thewhiskyexchange.com/380/aucob.non13.jpg?v=202407241,3.5,66,30.95,,2,1,0,3,Cream|Grapefruit|Oak|Cinnamon|Coconut|Grass,Distillery Bottling,Scotland,Lowland,First-fill  Bourbon,Yes
2026-01-15 09:16:36,Single Malt,45602,Glenrothes 18 Year Old,Glenrothes,70cl / 43%,133.33,(£228.57 per litre),Speyside,,In Stock,https://www.thewhiskyexchange.com/p/45602/glenrothes-18-year-old,https://img.thewhiskyexchange.com/380/grsob.18yo.jpg?v=202407241,,,160,,3,3,0,3,Orange|Vanilla|Pear|Rose|Ginger|Almond,Distillery Bottling,Scotland,Speyside,Sherry,No
2026-01-15 09:16:36,Single Malt,26056,Craigellachie 17 Year Old,Craigellachie,70cl / 46%,102.5,(£175.71 per litre),Speyside,,In Stock,https://www.thewhiskyexchange.com/p/26056/craigellachie-17-year-old,https://img.thewhiskyexchange.com/380/crgob.17yo.jpg?v=202407241,5,7,123,,,,,,Dried Fruit|Pineapple|Vanilla|Malt|Oak|Liquorice root,Distillery Bottling,Scotland,Speyside,,No
2026-01-15 09:16:36,Single Malt,82049,Bowmore 12 Year Old / Sherry Oak,Bowmore,70cl / 40%,46.62,(£79.93 per litre),Islay,,In Stock,https://www.thewhiskyexchange.com/p/82049/bowmore-12-year-old-sherry-oak,https://img.thewhiskyexchange.com/380/bowob.12yov41.jpg?v=202407241,,,55.95,,4,4,3,4,Stewed Fruit|Raisins|Peat smoke|Dark Chocolate|Cinnamon|Nutmeg,Distillery Bottling,Scotland,Islay,Oloroso Sherry  Finish,
2026-01-15 09:16:36,Single Malt,85599,Auchroisk 2012 / 12 Year Old / 100 Proof Edition #52 / Signatory,Auchroisk,70cl / 57.1%,38.75,(£66.43 per litre),Speyside,,In Stock,https://www.thewhiskyexchange.com/p/85599/auchroisk-2012-12-year-old-100-proof-edition-52-signatory,https://img.thewhiskyexchange.com/380/auksig2012v1.jpg?v=202407241,,,46.50,,4,4,0,4,Cherry|Dates|Dark Chocolate|Raisins|Marzipan|Blackberry,Signatory,Scotland,Speyside,Amarone Hogshead,No
2026-01-15 09:16:36,Single Malt,10767,Ardbeg Corryvreckan,Ardbeg,70cl / 57.1%,71.46,(£122.50 per litre),Islay,,In Stock,https://www.thewhiskyexchange.com/p/10767/ardbeg-corryvreckan,https://img.thewhiskyexchange.com/380/abgob.non7.jpg?v=202407241,5,96,85.75,,4,5,4,2,White Pepper|Cherry|Smoke|Coffee|Meat|Anise (star),Distillery Bottling,Scotland,Islay,,Yes
2026-01-15 09:16:36,Single Malt,81479,Tomintoul Tawny Port Cask Finish,Tomintoul,70cl / 40%,32.71,(£56.07 per litre),Speyside,,In Stock,https://www.thewhiskyexchange.com/p/81479/tomintoul-tawny-port-cask-finish,https://img.thewhiskyexchange.com/380/tmtob.non13.jpg?v=202407241,,,39.25,,4,3,0,3,Blackcurrant|Cranberry|Dark Chocolate|Almond,Distillery Bottling,Scotland,Speyside,Tawny Port  Finish,
2026-01-15 09:16:36,Single Malt,81587,Speyside (M) 2005 / 18 Year Old / Signatory for Whisky Show 2024,Macallan,70cl / 61.2%,195.83,(£335.71 per litre),Speyside,,In Stock,https://www.thewhiskyexchange.com/p/81587/speyside-m-2005-18-year-old-signatory-for-whisky-show-2024,https://img.thewhiskyexchange.com/380/macsig2005v4.jpg?v=202407241,5,2,235,,4,4,0,4,Dates|Dried Fruit|Walnut|Milk Chocolate,Signatory,Scotland,Speyside,First-fill Oloroso Sherry Butt,
2026-01-15 09:16:36,Single Malt,85827,Tormore 2009 Legacy / Bourbon Cask #4046 / Whisky Show 2025,Tormore,70cl / 55.1%,87.5,(£150 per litre),Speyside,,In Stock,https://www.thewhiskyexchange.com/p/85827/tormore-2009-legacy-bourbon-cask-4046-whisky-show-2025,https://img.thewhiskyexchange.com/380/torob.2009.jpg?v=202407241,,,105,,4,3,0,3,Apple|Crème Brûlée|Cardamom|Pear|Honeysuckle|Rhubarb,Distillery Bottling,Scotland,Speyside,First-fill  Bourbon Barrel,No
2026-01-15 09:16:36,Single Malt,82020,Kilchoman 100% Islay / 9 Year Old / Bot.2024 / 14th Edition,Kilchoman,70cl / 50%,62.08,(£106.43 per litre),Islay,,In Stock,https://www.thewhiskyexchange.com/p/82020/kilchoman-100-islay-9-year-old-bot2024-14th-edition,https://img.thewhiskyexchange.com/380/kilob.non58.jpg?v=202407241,,,74.50,,3,4,4,3,Pineapple|Ginger|Peat smoke|Toffee|Apple,Distillery Bottling,Scotland,Islay,,No
2026-01-15 09:16:36,Single Malt,16932,Glenglassaugh Revival,Glenglassaugh,70cl / 46%,33.75,(£57.86 per litre),Highland,,In Stock,https://www.thewhiskyexchange.com/p/16932/glenglassaugh-revival,https://img.thewhiskyexchange.com/380/ggsob.non7.jpg?v=202407241,4.5,19,40.50,,3,4,0,4,Milk Chocolate|Honey|Orange|Toffee|Almond|Dried Fruit,Distillery Bottling,Scotland,Highland,Sherry  Finish,No
2026-01-15 09:16:36,Single Malt,2393,Glenlivet 12 Year Old Double Oak,Glenlivet,70cl / 40%,34.96,(£59.93 per litre),Speyside,,In Stock,https://www.thewhiskyexchange.com/p/2393/glenlivet-12-year-old-double-oak,https://img.thewhiskyexchange.com/380/glvob.12yov1.jpg?v=202407241,4.5,144,41.95,,2,3,0,4,Vanilla|Lemon|Toffee|Honeysuckle,Distillery Bottling,Scotland,Speyside,,Yes
2026-01-15 09:16:36,Single Malt,72945,Torabhaig Allt Gleann Batch Strength,Torabhaig ,70cl / 61.1%,64.58,(£110.71 per litre),Island,,In Stock,https://www.thewhiskyexchange.com/p/72945/torabhaig-allt-gleann-batch-strength,https://img.thewhiskyexchange.com/380/trbob.non2.jpg?v=202407241,,,77.50,,4,4,3,3,Heather|Vanilla|Salt (powder)|Peat smoke|Tar,Distillery Bottling,Scotland,Island,Bourbon Barrel,No
2026-01-15 09:16:36,Single Malt,86688,Bowmore 2004 / 21 Year Old / Oloroso Finish / Single Cask Nation,Bowmore,70cl / 56.2%,180.83,(£310 per litre),Islay,,In Stock,https://www.thewhiskyexchange.com/p/86688/bowmore-2004-21-year-old-oloroso-finish-single-cask-nation,https://img.thewhiskyexchange.com/380/bowscn2004.jpg?v=202407241,,,217,,4,4,3,4,Praline|Mango|Pineapple|Papaya|Salt (powder),Single Cask Nation,Scotland,Islay,2nd fill Oloroso  Hogshead,No
2026-01-15 09:16:36,Single Malt,86219,Talisker Surge,Talisker,70cl / 45.8%,58.29,(£99.93 per litre),Island,,In Stock,https://www.thewhiskyexchange.com/p/86219/talisker-surge,https://img.thewhiskyexchange.com/380/talob.non26.jpg?v=202407241,,,69.95,,3,2,3,3,Barbecue sauce|Bacon|Vanilla|Raspberry|Sponge cake|Honey,Distillery Bottling,Scotland,Island,,
2026-01-15 09:16:36,Single Malt,68806,Glen Grant 2000 / 22 Year Old / Sherry Finish /Signatory for The Whisky Exchange,Glen Grant,70cl / 57.1%,215.0,(£368.57 per litre),Speyside,,In Stock,https://www.thewhiskyexchange.com/p/68806/glen-grant-2000-22-year-old-sherry-finish-signatory-for-the-whisky-exchange,https://img.thewhiskyexchange.com/380/ggtsig2000.jpg?v=202407241,,,258,,3,3,0,3,Toffee|Prunes|Fruit Cake|Dark Chocolate|Cinnamon|Blackcurrant,Signatory,Scotland,Speyside,First-fill  Sherry Butt Finish,
2026-01-15 09:16:36,Single Malt,16805,Glenfiddich Malt Master's Edition / Sherry Cask Finish,Glenfiddich,70cl / 43%,47.29,(£81.07 per litre),Speyside,,In Stock,https://www.thewhiskyexchange.com/p/16805/glenfiddich-malt-masters-edition-sherry-cask-finish,https://img.thewhiskyexchange.com/380/gfdob.non22.jpg?v=202407241,4,9,56.75,,2,3,0,3,Ginger|Fruit Cake|Caramel,Distillery Bottling,Scotland,Speyside,Sherry  Finish,Yes
2026-01-15 09:16:36,Single Malt,5586,Ileach Peaty,Ileach,70cl / 40%,28.12,(£48.21 per litre),Islay,,In Stock,https://www.thewhiskyexchange.com/p/5586/ileach-peaty,https://img.thewhiskyexchange.com/380/malts_ile2.jpg?v=202407241,4,35,33.75,,2,2,3,3,Iodine (tcp)|Banana|Raisins|White Pepper|Liquorice root,,Scotland,Islay,,Yes
2026-01-15 09:16:36,Single Malt,68487,Personalised 21 Year Old Speyside Scotch Whisky,Undisclosed Distillery,70cl / 49%,145.83,(£250 per litre),Speyside,,In Stock,https://www.thewhiskyexchange.com/p/68487/personalised-21-year-old-speyside-scotch-whisky,https://img.thewhiskyexchange.com/380/malts_twe21yov2.jpg?v=202407241,,,,,,,,,,,,,,
2026-01-15 09:16:36,Single Malt,71796,Lochlea Cask Strength / Batch 1 / 4 Year Old,Lochlea,70cl / 60.1%,52.92,(£90.71 per litre),Lowland,,In Stock,https://www.thewhiskyexchange.com/p/71796/lochlea-cask-strength-batch-1-4-year-old,https://img.thewhiskyexchange.com/380/lolob.non8.jpg?v=202407241,,,63.50,,3,2,0,3,Coffee|Tobacco|Orange|Oak|Walnut|Dried Fruit,Distillery Bottling,Scotland,Lowland,First-fill Oloroso  Barrel,No
2026-01-15 09:16:41,Single Malt,33036,Glencadam Origin 1825 / Sherry Cask Finish,Glencadam,70cl / 40%,29.38,(£50.36 per litre),Highland,,In Stock,https://www.thewhiskyexchange.com/p/33036/glencadam-origin-1825-sherry-cask-finish,https://img.thewhiskyexchange.com/380/gcdob.non3.jpg?v=202407241,5,7,35.25,,3,3,0,3,Banana|Pear|Pineapple|Cinnamon,Distillery Bottling,Scotland,Highland,Oloroso Sherry Butt Finish,
2026-01-15 09:16:41,Single Malt,86360,Glen Elgin 2007 / 17 Year Old / Oloroso Cask / Single Cask Nation,Glen Elgin,70cl / 57.5%,79.38,(£136.07 per litre),Speyside,,In Stock,https://www.thewhiskyexchange.com/p/86360/glen-elgin-2007-17-year-old-oloroso-cask-single-cask-nation,https://img.thewhiskyexchange.com/380/gegscn2007.jpg?v=202407241,,,95.25,,3,4,0,2,Dates|Dried Fruit|Toffee|Cinnamon|Walnut,Single Cask Nation,Scotland,Speyside,First-fill Oloroso  Hogshead Finish,No
2026-01-15 09:16:41,Single Malt,71873,Glenglassaugh Portsoy,Glenglassaugh,70cl / 49.1%,49.38,(£84.64 per litre),Highland,,In Stock,https://www.thewhiskyexchange.com/p/71873/glenglassaugh-portsoy,https://img.thewhiskyexchange.com/380/ggsob.non22.jpg?v=202407241,4.5,3,59.25,,3,4,4,3,Brine|Peat smoke|Driftwood|Dark Chocolate|Seaweed|Mango,Distillery Bottling,Scotland,Highland,,
2026-01-15 09:16:41,Single Malt,82021,Nc'nean Cask Strength Organic Single Malt,Nc'nean,70cl / 59%,57.29,(£98.21 per litre),Highland,,In Stock,https://www.thewhiskyexchange.com/p/82021/ncnean-cask-strength-organic-single-malt,https://img.thewhiskyexchange.com/380/ncnob.non9.jpg?v=202407241,,,68.75,,3,4,0,3,Peach|Oak|Wine|Blood orange,Distillery Bottling,Scotland,Highland,,No
2026-01-15 09:16:41,Single Malt,65705,Glenallachie 8 Year Old,Glenallachie,70cl / 46%,36.04,(£61.79 per litre),Speyside,,In Stock,https://www.thewhiskyexchange.com/p/65705/glenallachie-8-year-old,https://img.thewhiskyexchange.com/380/gleob.08yov1.jpg?v=202407241,3.5,2,43.25,,3,4,0,3,Honey|Ginger|Biscuits|Heather|Cinnamon|Milk Chocolate,Distillery Bottling,Scotland,Speyside,,No
2026-01-15 09:16:41,Single Malt,85128,Glenallachie 2007 / 18 Year Old / New Oak / Exclusive to the Whisky Exchange,Glenallachie,70cl / 59.1%,150.0,(£257.14 per litre),Speyside,,In Stock,https://www.thewhiskyexchange.com/p/85128/glenallachie-2007-18-year-old-new-oak-exclusive-to-the-whisky-exchange,https://img.thewhiskyexchange.com/380/gleob.2007v4.jpg?v=202407241,,,180,,4,4,0,3,Pecan|Leaves|Toffee|Chilli|Ginger|Sponge cake,Distillery Bottling,Scotland,Speyside,New oak Barrel,No
2026-01-15 09:16:41,Single Malt,83051,Glenrothes 15 Year Old,Glenrothes,70cl / 43%,80.62,(£138.21 per litre),Speyside,,In Stock,https://www.thewhiskyexchange.com/p/83051/glenrothes-15-year-old,https://img.thewhiskyexchange.com/380/grsob.15yo.jpg?v=202407241,,,96.75,,4,3,0,3,Stewed Fruit|Dark Chocolate|Nutmeg|Vanilla|Oak,Distillery Bottling,Scotland,Speyside,,No
2026-01-15 09:16:41,Single Malt,28161,Talisker Skye,Talisker,70cl / 45.8%,41.04,(£70.36 per litre),Island,,In Stock,https://www.thewhiskyexchange.com/p/28161/talisker-skye,https://img.thewhiskyexchange.com/380/talob.non12.jpg?v=202407241,3.5,97,49.25,,2,3,2,3,Black Pepper|Smoke|Brine|Orange|Apple|Pear,Distillery Bottling,Scotland,Island,,Yes
2026-01-15 09:16:41,Single Malt,19204,Talisker Storm,Talisker,70cl / 45.8%,44.79,(£76.79 per litre),Island,,In Stock,https://www.thewhiskyexchange.com/p/19204/talisker-storm,https://img.thewhiskyexchange.com/380/talob.non7.jpg?v=202407241,4,118,53.75,,4,4,4,3,Oak|White Pepper|Brine|Smoke|Stewed Fruit|Orange,Distillery Bottling,Scotland,Island,,Yes
2026-01-15 09:16:41,Single Malt,45356,Highland Park Valknut,Highland Park,70cl / 46.8%,54.12,(£92.79 per litre),Island,,In Stock,https://www.thewhiskyexchange.com/p/45356/highland-park-valknut,https://img.thewhiskyexchange.com/380/hlpob.non12.jpg?v=202407241,3,6,64.95,,3,3,3,2,Black Pepper|Oak|Smoke|Vanilla|Clove|Aniseed,Distillery Bottling,Scotland,Island,Sherry,
2026-01-15 09:16:41,Single Malt,73498,Glenallachie 10 Year Old Grattamacco Wine Finish / Wine Cask Series,Glenallachie,70cl / 48%,40.79,(£69.93 per litre),Speyside,,In Stock,https://www.thewhiskyexchange.com/p/73498/glenallachie-10-year-old-grattamacco-wine-finish-wine-cask-series,https://img.thewhiskyexchange.com/380/gleob.10yov14.jpg?v=202407241,,,48.95,,4,4,0,3,Truffle|Caramel|Dark Chocolate|Butterscotch|Dried Fruit,Distillery Bottling,Scotland,Speyside,Wine Barrel Finish,No
2026-01-15 09:16:41,Single Malt,73497,Glenallachie 9 Year Old Douro Valley Wine Finish / Wine Cask Series,Glenallachie,70cl / 48%,40.21,(£68.93 per litre),Speyside,,In Stock,https://www.thewhiskyexchange.com/p/73497/glenallachie-9-year-old-douro-valley-wine-finish-wine-cask-series,https://img.thewhiskyexchange.com/380/gleob.09yov1.jpg?v=202407241,,,48.25,,4,4,0,4,Stewed Fruit|Jam|Cherry|Honey|Butterscotch|Cinnamon,Distillery Bottling,Scotland,Speyside,Wine Barrel Finish,No
2026-01-15 09:16:41,Single Malt,16650,Dalmore Cigar Malt Reserve,Dalmore,70cl / 44%,93.33,(£160 per litre),Highland,,In Stock,https://www.thewhiskyexchange.com/p/16650/dalmore-cigar-malt-reserve,https://img.thewhiskyexchange.com/380/dlmob.non10.jpg?v=202407241,4.5,25,112,,4,3,0,3,Raisins|Mint|Dark Chocolate|Liquorice root|Oak,Distillery Bottling,Scotland,Highland,,Yes
2026-01-15 09:16:41,Single Malt,84183,Ardnamurchan AD Madeira Release 2025,Ardnamurchan,70cl / 52%,54.79,(£93.93 per litre),Highland,,In Stock,https://www.thewhiskyexchange.com/p/84183/ardnamurchan-ad-madeira-release-2025,https://img.thewhiskyexchange.com/380/amcob.non25.jpg?v=202407241,,,65.75,,3,3,3,3,Marmalade|Peat smoke|Cherry|Fruit Cake|Cacao|Apple,Distillery Bottling,Scotland,Highland,Yes  Madeira,No
2026-01-15 09:16:41,Single Malt,33286,Bunnahabhain Abhainn Araig / Feis Ile 2022,Bunnahabhain,70cl / 50.8%,81.25,(£139.29 per litre),Islay,,In Stock,https://www.thewhiskyexchange.com/p/33286/bunnahabhain-abhainn-araig-feis-ile-2022,https://img.thewhiskyexchange.com/380/bunob.non7.jpg?v=202407241,,,97.50,,3,4,0,3,Dried Fruit|Tobacco|Honey|Milk Chocolate|Cinnamon|Toffee,Distillery Bottling,Scotland,Islay,,No
2026-01-15 09:16:41,Single Malt,16252,MacDonald's Traditional Ben Nevis,Ben Nevis,70cl / 46%,42.29,(£72.50 per litre),Highland,,In Stock,https://www.thewhiskyexchange.com/p/16252/macdonalds-traditional-ben-nevis,https://img.thewhiskyexchange.com/380/bnvob.non2.jpg?v=202407241,4.5,10,50.75,,3,2,2,2,Smoke|Rubber|Lemon|Oak|Sherry|Dark Chocolate,Distillery Bottling,Scotland,Highland,,Yes
2026-01-15 09:16:41,Single Malt,84156,Aberfeldy 18 Year Old / Sangiovese Italian Wine Cask,Aberfeldy,70cl / 46%,83.12,(£142.50 per litre),Highland,,In Stock,https://www.thewhiskyexchange.com/p/84156/aberfeldy-18-year-old-sangiovese-italian-wine-cask,https://img.thewhiskyexchange.com/380/abfob.18yov2.jpg?v=202407241,,,99.75,,3,4,0,4,Plums|Figs|Orange|Cherry|Vanilla|Clove,Distillery Bottling,Scotland,Highland,Italian Sangiovese Wine  Finish,No
2026-01-15 09:16:41,Single Malt,82307,Macduff 2003 / 21 Year Old / Berry Bros & Rudd for The Whisky Exchange,Macduff,70cl / 58%,140.83,(£241.43 per litre),Highland,,In Stock,https://www.thewhiskyexchange.com/p/82307/macduff-2003-21-year-old-berry-bros-rudd-for-the-whisky-exchange,https://img.thewhiskyexchange.com/380/mdfbbr2003.jpg?v=202407241,,,169,,4,4,0,3,Resin|Cherry|Candied peel|Coffee|Malt|Honeycomb,Berry Bros & Rudd,Scotland,Highland,Butt,No
2026-01-15 09:16:41,Single Malt,4617,Speyburn 10 Year Old,Speyburn,70cl / 40%,28.96,(£49.64 per litre),Speyside,,In Stock,https://www.thewhiskyexchange.com/p/4617/speyburn-10-year-old,https://img.thewhiskyexchange.com/380/spbob.10yo.jpg?v=202407241,4,51,34.75,,2,3,0,2,Apple|Orange|Toast|Liquorice root,Distillery Bottling,Scotland,,,Yes
2026-01-15 09:16:41,Single Malt,56145,Cardhu 2008 / 11 Year Old / Special Releases 2020,Cardhu,70cl / 56%,74.96,(£128.50 per litre),Speyside,,In Stock,https://www.thewhiskyexchange.com/p/56145/cardhu-2008-11-year-old-special-releases-2020,https://img.thewhiskyexchange.com/380/carob.11yo.jpg?v=202407241,4,4,89.95,,2,3,0,4,Lemon|Orange|Ginger|Toffee|Custard|Honey,Distillery Bottling,Scotland,Speyside,,
2026-01-15 09:16:41,Single Malt,70244,Blair Athol 10 Year Old / Bloody Sergeant / Household Series / Macbeth Act One,Blair Athol,70cl / 51.8%,79.79,(£136.79 per litre),Highland,,In Stock,https://www.thewhiskyexchange.com/p/70244/blair-athol-10-year-old-bloody-sergeant-household-series-macbeth-act-one,https://img.thewhiskyexchange.com/380/blaed.10yov1.jpg?v=202407241,,,95.75,,4,4,0,3,Apple|Plums|Raisins|Clove|Fruit Cake|Toffee,Elixir Distillers,Scotland,Highland,,
2026-01-15 09:16:41,Single Malt,5862,Bowmore 18 Year Old,Bowmore,70cl / 43%,110.0,(£188.57 per litre),Islay,,In Stock,https://www.thewhiskyexchange.com/p/5862/bowmore-18-year-old,https://img.thewhiskyexchange.com/380/bowob.18yov1.jpg?v=202407241,3.5,16,132,,3,3,3,2,Toffee|Smoke|Orange|Dark Chocolate,Distillery Bottling,Scotland,Islay,,Yes
2026-01-15 09:16:41,Single Malt,85906,Dailuaine 2015 / 10 Year Old / James Eadie,Dailuaine,70cl / 48.3%,36.62,(£62.79 per litre),Speyside,,In Stock,https://www.thewhiskyexchange.com/p/85906/dailuaine-2015-10-year-old-james-eadie,https://img.thewhiskyexchange.com/380/dlnead2015.jpg?v=202407241,,,43.95,,,,,,Rhubarb|Stewed Fruit|Dark Chocolate|Raisins|Sherry,Distillery Bottling,Scotland,Speyside,Oloroso Sherry Hogshead,
2026-01-15 09:16:41,Single Malt,82168,Macallan 18 Year Old Sherry Oak / 2024 Release,Macallan,70cl / 43%,303.33,(£520 per litre),Speyside,,In Stock,https://www.thewhiskyexchange.com/p/82168/macallan-18-year-old-sherry-oak-2024-release,https://img.thewhiskyexchange.com/380/macob.18yov16.jpg?v=202407241,,,364,,4,4,0,3,Oak|Ginger|Dark Chocolate|Raisins|Apricot|Orange,Distillery Bottling,Scotland,Speyside,Sherry,No
2026-01-15 09:16:45,Single Malt,84456,Kilchoman Loch Gorm / 2025 Release,Kilchoman,70cl / 46%,62.46,(£107.07 per litre),Islay,,In Stock,https://www.thewhiskyexchange.com/p/84456/kilchoman-loch-gorm-2025-release,https://img.thewhiskyexchange.com/380/kilob.non61.jpg?v=202407241,,,74.95,,3,4,3,3,Dark Chocolate|Peat smoke|Nutmeg|Caramel|Lemon,Distillery Bottling,Scotland,Islay,Sherry,No
2026-01-15 09:16:45,Single Malt,84860,Ardbeg Smokiverse / Ardbeg Day 2025,Ardbeg,70cl / 48.3%,74.96,(£128.50 per litre),Islay,,In Stock,https://www.thewhiskyexchange.com/p/84860/ardbeg-smokiverse-ardbeg-day-2025,https://img.thewhiskyexchange.com/380/abgob.non57.jpg?v=202407241,,,89.95,,4,4,4,2,Banana|Pineapple|Caramel|Strawberry|Bread|Anise (star),Distillery Bottling,Scotland,Islay,,
2026-01-15 09:16:45,Single Malt,22608,Glengoyne 21 Year Old Sherry Cask / Small Bottle,Glengoyne,20cl / 43%,56.62,(£33.98 per 10cl),Highland,,In Stock,https://www.thewhiskyexchange.com/p/22608/glengoyne-21-year-old-sherry-cask-small-bottle,https://img.thewhiskyexchange.com/380/ggoob.21yov2.jpg?v=202407241,5,2,67.95,,4,4,0,3,Cranberry|Figs|Malt|Orange|Oak,Distillery Bottling,Scotland,Highland,Sherry,No
2026-01-15 09:16:45,Single Malt,47802,Deanston 18 Year Old,Deanston,70cl / 46.3%,75.62,(£129.64 per litre),Highland,,In Stock,https://www.thewhiskyexchange.com/p/47802/deanston-18-year-old,https://img.thewhiskyexchange.com/380/dstob.18yov3.jpg?v=202407241,4.5,9,90.75,,3,4,0,3,Lemon|Honey|Vanilla|Pear|Cinnamon|Sultana,Distillery Bottling,Scotland,Highland,First-Fill  Bourbon,
2026-01-15 09:16:45,Single Malt,86437,Adelphi's Islay 10 Year Old (Caol Ila),Caol Ila,70cl / 46%,41.62,(£71.36 per litre),Islay,,In Stock,https://www.thewhiskyexchange.com/p/86437/adelphis-islay-10-year-old-caol-ila,https://img.thewhiskyexchange.com/380/ciladl10yo.jpg?v=202407241,,,49.95,,4,3,3,3,Lemon|Seashell|Peat smoke,Adelphi,Scotland,Islay,,No
2026-01-15 09:16:45,Single Malt,86128,Cu Bocan Creation 7 / Pineau Rouge & American Virgin Oak,Cu Bocan,70cl / 46%,35.42,(£60.71 per litre),Highland,,In Stock,https://www.thewhiskyexchange.com/p/86128/cu-bocan-creation-7-pineau-rouge-american-virgin-oak,https://img.thewhiskyexchange.com/380/cubob.non8.jpg?v=202407241,,,42.50,,3,4,3,3,Shortbread|Rhubarb|Custard|Peat smoke|Strawberry,Distillery Bottling,Scotland,Highland,,No
2026-01-15 09:16:45,Single Malt,49965,Glendronach Port Wood,Glendronach,70cl / 46%,55.62,(£95.36 per litre),Highland,,In Stock,https://www.thewhiskyexchange.com/p/49965/glendronach-port-wood,https://img.thewhiskyexchange.com/380/grnob.non13.jpg?v=202407241,,,66.75,,,,,,,Distillery Bottling,Scotland,Highland,Port  Finish,No
2026-01-15 09:16:45,Single Malt,55263,Glenlivet 18 Year Old / Old Presentation,Glenlivet,70cl / 43%,125.0,(£214.29 per litre),Speyside,,In Stock,https://www.thewhiskyexchange.com/p/55263/glenlivet-18-year-old-old-presentation,https://img.thewhiskyexchange.com/380/glvob.18yov12.jpg?v=202407241,,,150,,,,,,,Distillery Bottling,Scotland,Speyside,,Yes
2026-01-15 09:16:45,Single Malt,68597,Glenmorangie A Tale of The Forest,Glenmorangie,70cl / 46%,63.75,(£109.29 per litre),Highland,,In Stock,https://www.thewhiskyexchange.com/p/68597/glenmorangie-a-tale-of-the-forest,https://img.thewhiskyexchange.com/380/gmgob.non6.jpg?v=202407241,,,76.50,,,,,,,Distillery Bottling,Scotland,Highland,Bourbon,
2026-01-15 09:16:45,Single Malt,61512,Laphroaig 10 Year Old Cask Strength / Batch 013 / Bot.2021,Laphroaig,70cl / 57.9%,60.79,(£104.21 per litre),Islay,,In Stock,https://www.thewhiskyexchange.com/p/61512/laphroaig-10-year-old-cask-strength-batch-013-bot2021,https://img.thewhiskyexchange.com/380/lrgob.10yov81.jpg?v=202407241,4.5,2,72.95,,,,,,Smoke|Salt (powder)|Toffee|Oak|Coffee|Vanilla,Distillery Bottling,Scotland,Islay,,
2026-01-15 09:16:45,Single Malt,26124,"Auchentoshan Trio Pack (American Oak,12 Year Old & 3 Wood) / 3x20cl",Auchentoshan,60cl / 41%,41.62,(£83.25 per litre),Lowland,,In Stock,https://www.thewhiskyexchange.com/p/26124/auchentoshan-trio-pack-american-oak12-year-old-3-wood-3x20cl,https://img.thewhiskyexchange.com/380/sets_auc2.jpg?v=202407241,,,49.95,,,,,,,Distillery Bottling,Scotland,Lowland,,Yes
2026-01-15 09:16:45,Single Malt,82624,Mortlach 2014 / 10 Year Old / Bolgheri Cask / Signatory for The Whisky Exchange,Mortlach,70cl / 57.9%,74.96,(£114.21 per litre),Speyside,Special Offer: £10 Off!,In Stock,https://www.thewhiskyexchange.com/p/82624/mortlach-2014-10-year-old-bolgheri-cask-signatory-for-the-whisky-exchange,https://img.thewhiskyexchange.com/380/mtlsig2014v1.jpg?v=202407241,,,79.95,89.95,4,4,0,3,Dried Fruit|Dates|Toffee|Malt|Honey|Raisins,Signatory,Scotland,Speyside,First-fill Bolgheri Wine Hogshead,No
2026-01-15 09:16:45,Single Malt,66106,Ardbeg Ardcore / Ardbeg Day 2022,Ardbeg,70cl / 46%,100.0,(£171.43 per litre),Islay,,In Stock,https://www.thewhiskyexchange.com/p/66106/ardbeg-ardcore-ardbeg-day-2022,https://img.thewhiskyexchange.com/380/abgob.non47.jpg?v=202407241,,,120,,4,3,3,2,Smoke|Aniseed|Malt|Toffee|Lime|Dark Chocolate,Distillery Bottling,Scotland,Islay,,
2026-01-15 09:16:45,Single Malt,51196,Tamdhu 12 Year Old / Sherry Cask Matured,Tamdhu,70cl / 43%,41.46,(£71.07 per litre),Speyside,,In Stock,https://www.thewhiskyexchange.com/p/51196/tamdhu-12-year-old-sherry-cask-matured,https://img.thewhiskyexchange.com/380/tamob.12yo.jpg?v=202407241,4.5,6,49.75,,2,3,0,3,Cinnamon|Dried Fruit|Banana|Raspberry|Toffee|Mint,Distillery Bottling,Scotland,Speyside,Sherry,No
2026-01-15 09:16:45,Single Malt,82864,Glenfiddich 12 Year Old / Our American Oak / Kosher Certified,Glenfiddich,70cl / 40%,40.21,(£68.93 per litre),Speyside,,In Stock,https://www.thewhiskyexchange.com/p/82864/glenfiddich-12-year-old-our-american-oak-kosher-certified,https://img.thewhiskyexchange.com/380/gfdob.12yov18.jpg?v=202407241,,,48.25,,4,3,0,3,Apple|Honey|Hazelnut|Cream|Malt,Distillery Bottling,Scotland,Speyside,,
2026-01-15 09:16:45,Single Malt,86441,Ben Nevis 2013 / 11 Year Old / Cask #14 / Adelphi,Ben Nevis,70cl / 59.9%,73.75,(£126.43 per litre),Highland,,In Stock,https://www.thewhiskyexchange.com/p/86441/ben-nevis-2013-11-year-old-cask-14-adelphi,https://img.thewhiskyexchange.com/380/bnvadl2013.jpg?v=202407241,,,88.50,,3,2,0,3,Peach|Apricot|Christmas Cake,Adelphi,Scotland,Highland,Refill Oloroso Sherry Butt,No
2026-01-15 09:16:45,Single Malt,56101,Benriach The Smoky Twelve / 12 Year Old,Benriach,70cl / 46%,41.46,(£71.07 per litre),Speyside,,In Stock,https://www.thewhiskyexchange.com/p/56101/benriach-the-smoky-twelve-12-year-old,https://img.thewhiskyexchange.com/380/bnrob.12yov10.jpg?v=202407241,4,5,49.75,,3,3,2,2,Smoke|Vanilla|Dried Fruit,Distillery Bottling,Scotland,Speyside,,
2026-01-15 09:16:45,Single Malt,85818,Glen Moray 2014 / Tequila Finish / Warehouse 1 Release,Glen Moray,70cl / 55.2%,69.12,(£118.50 per litre),Speyside,,In Stock,https://www.thewhiskyexchange.com/p/85818/glen-moray-2014-tequila-finish-warehouse-1-release,https://img.thewhiskyexchange.com/380/gmyob.2014v1.jpg?v=202407241,,,82.95,,4,3,0,3,Biscuits|Vanilla|Almond|Olives|Leather|Tequila,Distillery Bottling,Scotland,Speyside,Tequila  Finish,No
2026-01-15 09:16:45,Single Malt,83037,Aberfeldy 2011 / 13 Year Old / Cask #8892 / Gleann Mor Rare Find,Aberfeldy,70cl / 56.8%,69.38,(£118.93 per litre),Highland,,In Stock,https://www.thewhiskyexchange.com/p/83037/aberfeldy-2011-13-year-old-cask-8892-gleann-mor-rare-find,https://img.thewhiskyexchange.com/380/abfglm2011.jpg?v=202407241,,,83.25,,3,4,0,3,Honeycomb|Apricot|Apple|Malt|Vanilla,Gleann Mor,Scotland,Highland,,No
2026-01-15 09:16:45,Single Malt,2562,Glen Moray Classic,Glen Moray,70cl / 40%,22.08,(£37.86 per litre),Speyside,,In Stock,https://www.thewhiskyexchange.com/p/2562/glen-moray-classic,https://img.thewhiskyexchange.com/380/gmyob.non.jpg?v=202407241,4.5,76,26.50,,2,1,0,3,Honey|Vanilla|Malt|Orange,Distillery Bottling,Scotland,Speyside,Bourbon,Yes
2026-01-15 09:16:45,Single Malt,81763,Smokehead Terminado / Tequila Cask Finish,Smokehead,70cl / 43%,37.46,(£64.21 per litre),Islay,,In Stock,https://www.thewhiskyexchange.com/p/81763/smokehead-terminado-tequila-cask-finish,https://img.thewhiskyexchange.com/380/malts_smo8.jpg?v=202407241,,,44.95,,4,4,4,3,Meringue|Lemon|Pineapple|Peat smoke|Agave,,Scotland,Islay,Tequila Finish,
2026-01-15 09:16:45,Single Malt,66639,Allt-a-Bhainne 1998 / 21 Year Old / Distillery Reserve Collection,Allt-A-Bhainne,50cl / 59.4%,123.33,(£296 per litre),Speyside,,In Stock,https://www.thewhiskyexchange.com/p/66639/allt-a-bhainne-1998-21-year-old-distillery-reserve-collection,https://img.thewhiskyexchange.com/380/altob.1998.jpg?v=202407241,,,,,,,,,,,,,,
2026-01-15 09:16:45,Single Malt,71639,Glenmorangie 15 Year Old The Cadboll Estate / Batch 3,Glenmorangie,70cl / 43%,64.12,(£109.93 per litre),Highland,,In Stock,https://www.thewhiskyexchange.com/p/71639/glenmorangie-15-year-old-the-cadboll-estate-batch-3,https://img.thewhiskyexchange.com/380/gmgob.15yov9.jpg?v=202407241,,,76.95,,3,4,0,3,Bread|Ginger|Hazelnut|Praline|Toffee|Orange,Distillery Bottling,Scotland,Highland,,
2026-01-15 09:16:45,Single Malt,2013,Glen Elgin 12 Year Old,Glen Elgin,70cl / 43%,40.42,(£69.29 per litre),Speyside,,In Stock,https://www.thewhiskyexchange.com/p/2013/glen-elgin-12-year-old,https://img.thewhiskyexchange.com/380/gegob.12yov2.jpg?v=202407241,5,11,48.50,,3,2,0,4,Honey|Malt|Brioche|Coffee|Earth,Distillery Bottling,Scotland,Speyside,,Yes
2026-01-15 09:16:49,Single Malt,68100,Knockando 15 Year Old,Knockando,70cl / 43%,53.54,(£91.79 per litre),Speyside,,In Stock,https://www.thewhiskyexchange.com/p/68100/knockando-15-year-old,https://img.thewhiskyexchange.com/380/kadob.15yov1.jpg?v=202407241,4.5,3,64.25,,2,2,0,3,Oak|Sherry|Cinnamon|Clove|Black Pepper|Stewed Fruit,Distillery Bottling,Scotland,Speyside,,
2026-01-15 09:16:49,Single Malt,33704,Tomatin 12 Year Old / Bourbon & Sherry Casks,Tomatin,70cl / 43%,34.12,(£58.50 per litre),Highland,,In Stock,https://www.thewhiskyexchange.com/p/33704/tomatin-12-year-old-bourbon-sherry-casks,https://img.thewhiskyexchange.com/380/tomob.12yov3.jpg?v=202407241,4,38,40.95,,2,2,0,4,Apple|Orange|Lemon|Milk Chocolate|Oak,Distillery Bottling,Scotland,Highland,,
2026-01-15 09:16:49,Single Malt,84533,Inchdairnie Kinglassie Double Matured 2017 / 8 Year Old,Inchdairnie,70cl / 46.3%,62.46,(£107.07 per litre),Lowland,,In Stock,https://www.thewhiskyexchange.com/p/84533/inchdairnie-kinglassie-double-matured-2017-8-year-old,https://img.thewhiskyexchange.com/380/incob.2017.jpg?v=202407241,,,74.95,,3,4,4,3,,Distillery Bottling,Scotland,Lowland,Bourbon,No
2026-01-15 09:16:49,Single Malt,43172,Smokehead High Voltage,Smokehead,70cl / 58%,44.96,(£77.07 per litre),Islay,,In Stock,https://www.thewhiskyexchange.com/p/43172/smokehead-high-voltage,https://img.thewhiskyexchange.com/380/malts_smo3.jpg?v=202407241,5,5,53.95,,3,2,4,2,Vanilla|Orange|Brine|Coffee,Ian Macleod,Scotland,Islay,,
2026-01-15 09:16:49,Single Malt,80551,Isle of Raasay The Draam,Isle of Raasay,70cl / 46.4%,44.38,(£76.07 per litre),Island,,In Stock,https://www.thewhiskyexchange.com/p/80551/isle-of-raasay-the-draam,https://img.thewhiskyexchange.com/380/raaob.non13.jpg?v=202407241,,,53.25,,4,3,3,4,Peat smoke|Dark Chocolate|Stewed Fruit|Honeycomb|Lemongrass|Butterscotch,Distillery Bottling,Scotland,Island,,
2026-01-15 09:16:49,Single Malt,63067,Highland Park 15 Year Old / Viking Heart,Highland Park,70cl / 44%,74.96,(£128.50 per litre),Island,,In Stock,https://www.thewhiskyexchange.com/p/63067/highland-park-15-year-old-viking-heart,https://img.thewhiskyexchange.com/380/hlpob.15yov7.jpg?v=202407241,,,89.95,,3,2,2,3,Cinnamon|Lemon|Pineapple|Orange|Vanilla|Smoke,Distillery Bottling,Scotland,Island,,
2026-01-15 09:16:49,Single Malt,32433,Oban Little Bay,Oban,70cl / 43%,58.54,(£100.36 per litre),Highland,,In Stock,https://www.thewhiskyexchange.com/p/32433/oban-little-bay,https://img.thewhiskyexchange.com/380/obnob.non1.jpg?v=202407241,4.5,29,70.25,,3,3,0,3,Black Pepper|Honey|Peach|Orange|Brioche,Distillery Bottling,Scotland,Highland,,Yes
2026-01-15 09:16:49,Single Malt,50931,Glenrothes 11 Year Old / Sherry Cask / Discovery Series,Glenrothes,70cl / 43%,40.79,(£69.93 per litre),Speyside,,In Stock,https://www.thewhiskyexchange.com/p/50931/glenrothes-11-year-old-sherry-cask-discovery-series,https://img.thewhiskyexchange.com/380/grsg!m11yo.jpg?v=202407241,,,48.95,,4,3,0,3,Cinnamon|Orange|Blackberry|Raspberry|Dark Chocolate|Oak,Gordon & MacPhail,Scotland,Speyside,Sherry,
2026-01-15 09:16:49,Single Malt,9398,Glencadam 10 Year Old,Glencadam,70cl / 46%,37.29,(£63.93 per litre),Highland,,In Stock,https://www.thewhiskyexchange.com/p/9398/glencadam-10-year-old,https://img.thewhiskyexchange.com/380/gcdob.10yo.jpg?v=202407241,5,19,44.75,,2,1,0,4,Hay|Vanilla|Apple|Malt,Distillery Bottling,Scotland,Highland,,No
2026-01-15 09:16:49,Single Malt,57606,Mortlach 15 Year Old / G&M Distillery Labels,Mortlach,70cl / 46%,73.12,(£125.36 per litre),Speyside,,In Stock,https://www.thewhiskyexchange.com/p/57606/mortlach-15-year-old-gm-distillery-labels,https://img.thewhiskyexchange.com/380/mtlg!m15yov5.jpg?v=202407241,,,87.75,,2,2,0,3,Raisins|Vanilla|Oak,Gordon & MacPhail,Scotland,Speyside,,
2026-01-15 09:16:49,Single Malt,71142,Port Charlotte 2014 Islay Barley,Port Charlotte,70cl / 50%,64.96,(£111.36 per litre),Islay,,In Stock,https://www.thewhiskyexchange.com/p/71142/port-charlotte-2014-islay-barley,https://img.thewhiskyexchange.com/380/pclob.2014.jpg?v=202407241,,,77.95,,3,2,4,2,Peat smoke|Brine|Biscuits|Oak|Pear|Peach,Distillery Bottling,Scotland,Islay,,
2026-01-15 09:16:49,Single Malt,86151,Edradour 2003 / 22 Year Old / Amarone Cask / 200th Anniversary,Edradour,70cl / 50.8%,195.0,(£334.29 per litre),Highland,,In Stock,https://www.thewhiskyexchange.com/p/86151/edradour-2003-22-year-old-amarone-cask-200th-anniversary,https://img.thewhiskyexchange.com/380/edrob.2003v26.jpg?v=202407241,,,234,,4,3,0,3,Clove|Figs|Cherry|Cacao|Dark Chocolate|Wine,Distillery Bottling,Scotland,Highland,First-fill Amarone Wine Hogshead,
2026-01-15 09:16:49,Single Malt,2516,Glenmorangie Signet,Glenmorangie,70cl / 46%,166.67,(£285.71 per litre),Highland,,In Stock,https://www.thewhiskyexchange.com/p/2516/glenmorangie-signet,https://img.thewhiskyexchange.com/380/gmgob.non4.jpg?v=202407241,4.5,70,200,,3,3,0,2,Dark Chocolate|Coffee|Orange|Dried Fruit,Distillery Bottling,Scotland,Highland,,Yes
2026-01-15 09:16:49,Single Malt,41208,Glenmorangie A Tale of Ice Cream,Glenmorangie,70cl / 43%,60.62,(£103.93 per litre),Highland,,In Stock,https://www.thewhiskyexchange.com/p/41208/glenmorangie-a-tale-of-ice-cream,https://img.thewhiskyexchange.com/380/gmgob.non45.jpg?v=202407241,3,2,72.75,,3,4,0,4,Vanilla|Coconut|Almond|Cream|Lemon|Brioche,,Scotland,Highland,,
2026-01-15 09:16:49,Single Malt,26625,Laphroaig Oak Select,Laphroaig,70cl / 40%,28.75,(£49.29 per litre),Islay,,In Stock,https://www.thewhiskyexchange.com/p/26625/laphroaig-oak-select,https://img.thewhiskyexchange.com/380/lrgob.non9.jpg?v=202407241,4,3,34.50,,4,4,4,3,Peat smoke|Iodine (tcp)|White Pepper|Cream|Malt|Pineapple,Distillery Bottling,Scotland,Islay,,Yes
2026-01-15 09:16:49,Single Malt,68898,Macallan The Harmony Collection Inspired by Intense Arabica,Macallan,70cl / 44%,165.83,(£284.29 per litre),Speyside,,In Stock,https://www.thewhiskyexchange.com/p/68898/macallan-the-harmony-collection-inspired-by-intense-arabica,https://img.thewhiskyexchange.com/380/macob.non173.jpg?v=202407241,,,199,,3,3,0,3,Coffee|Dark Chocolate|Raisins|Almond|Blackberry|Cream,Distillery Bottling,Scotland,Speyside,,
2026-01-15 09:16:49,Single Malt,55627,Loch Lomond 14 Year Old,Loch Lomond,70cl / 46%,48.75,(£83.57 per litre),Highland,,In Stock,https://www.thewhiskyexchange.com/p/55627/loch-lomond-14-year-old,https://img.thewhiskyexchange.com/380/llmob.14yov1.jpg?v=202407241,4.5,3,58.50,,3,3,0,2,Dates|Dried Fruit|Cinnamon|Ginger|Nutmeg,Distillery Bottling,Scotland,Highland,,
2026-01-15 09:16:49,Single Malt,79997,Ledaig Triple Wood,Ledaig,70cl / 53.8%,72.71,(£124.64 per litre),Island,,In Stock,https://www.thewhiskyexchange.com/p/79997/ledaig-triple-wood,https://img.thewhiskyexchange.com/380/ldgob.non6.jpg?v=202407241,,,87.25,,4,4,4,3,Apple|Pear|Toffee|Maple syrup|Smoke,Distillery Bottling,Scotland,Island,,No
2026-01-15 09:16:49,Single Malt,55180,Aberlour 10 Year Old Forest Reserve,Aberlour,70cl / 40%,39.38,(£67.50 per litre),Speyside,,In Stock,https://www.thewhiskyexchange.com/p/55180/aberlour-10-year-old-forest-reserve,https://img.thewhiskyexchange.com/380/ablob.10yov14.jpg?v=202407241,,,47.25,,3,3,0,4,Vanilla|Lemon|Raisins|Oak|Walnut|Toffee,Distillery Bottling,Scotland,Speyside,,
2026-01-15 09:16:49,Single Malt,56099,Benriach The Original Ten / 10 Year Old,Benriach,70cl / 43%,33.54,(£57.50 per litre),Speyside,,In Stock,https://www.thewhiskyexchange.com/p/56099/benriach-the-original-ten-10-year-old,https://img.thewhiskyexchange.com/380/bnrob.10yov8.jpg?v=202407241,4.5,6,40.25,,3,2,0,3,White Pepper|Ginger|Vanilla|Blackberry|Orange|Oak,Distillery Bottling,Scotland,Speyside,,
2026-01-15 09:16:49,Single Malt,36136,Highland Park Fire 15 Year Old,Highland Park,70cl / 45.2%,165.83,(£284.29 per litre),Island,,In Stock,https://www.thewhiskyexchange.com/p/36136/highland-park-fire-15-year-old,https://img.thewhiskyexchange.com/380/hlpob.15yov6.jpg?v=202407241,,,199,,3,3,2,1,Vanilla|Orange|Cinnamon|Smoke,Distillery Bottling,Scotland,Island,Refill  Port,No
2026-01-15 09:16:49,Single Malt,63743,Laphroaig 10 Year Old Cask Strength / Batch 014 / Bot.2021,Laphroaig,70cl / 58.6%,60.79,(£104.21 per litre),Islay,,In Stock,https://www.thewhiskyexchange.com/p/63743/laphroaig-10-year-old-cask-strength-batch-014-bot2021,https://img.thewhiskyexchange.com/380/lrgob.10yov84.jpg?v=202407241,4.5,3,72.95,,4,2,4,3,Smoke|Salt (powder)|Caramel|Tobacco|Toffee|Leather,Distillery Bottling,Scotland,Islay,,
2026-01-15 09:16:49,Single Malt,81450,Laphroaig 18 Year Old,Laphroaig,70cl / 48%,145.0,(£248.57 per litre),Islay,,In Stock,https://www.thewhiskyexchange.com/p/81450/laphroaig-18-year-old,https://img.thewhiskyexchange.com/380/lrgob.18yov3.jpg?v=202407241,,,174,,4,5,4,3,Tobacco|Leather|Seaweed|Stewed Fruit|Crystallised ginger|Milk Chocolate,Distillery Bottling,Scotland,Islay,Bourbon Barrel,
2026-01-15 09:16:49,Single Malt,19677,Arran Robert Burns Single Malt,Arran,70cl / 43%,33.54,(£57.50 per litre),Island,,In Stock,https://www.thewhiskyexchange.com/p/19677/arran-robert-burns-single-malt,https://img.thewhiskyexchange.com/380/arrob.non36.jpg?v=202407241,4,11,40.25,,3,3,1,3,Honey|Malt|Dried Fruit|Black Pepper|Honeysuckle,Distillery Bottling,Scotland,Island,,No
2026-01-15 09:16:54,Single Malt,2036,Glenfarclas 12 Year Old,Glenfarclas,70cl / 43%,48.75,(£83.57 per litre),Speyside,,In Stock,https://www.thewhiskyexchange.com/p/2036/glenfarclas-12-year-old,https://img.thewhiskyexchange.com/380/gfcob.12yov1.jpg?v=202407241,4,10,58.50,,4,4,0,3,Honey|Apple|Raisins|Nutmeg|Cinnamon,Distillery Bottling,Scotland,Speyside,,No
2026-01-15 09:16:54,Single Malt,57697,Macallan The Harmony Collection Vibrant Oak,Macallan,70cl / 44.2%,133.33,(£228.57 per litre),Speyside,,In Stock,https://www.thewhiskyexchange.com/p/57697/macallan-the-harmony-collection-vibrant-oak,https://img.thewhiskyexchange.com/380/macob.non153.jpg?v=202407241,,,160,,3,3,0,3,Vanilla|Dried Fruit|Sherry|Orange|Oak|Nutmeg,Distillery Bottling,Scotland,Speyside,Sherry,No
2026-01-15 09:16:54,Single Malt,61763,Glen Grant 15 Year Old Batch Strength First Edition,Glen Grant,70cl / 50%,54.12,(£92.79 per litre),Speyside,,In Stock,https://www.thewhiskyexchange.com/p/61763/glen-grant-15-year-old-batch-strength-first-edition,https://img.thewhiskyexchange.com/380/ggtob.15yov4.jpg?v=202407241,,,64.95,,3,1,0,3,Vanilla|Apple|Marmalade|Melon|Cinnamon|Malt,Distillery Bottling,Scotland,Speyside,,
2026-01-15 09:16:54,Single Malt,60354,Benriach The Twenty One / 21 Year Old,Benriach,70cl / 46%,129.17,(£221.43 per litre),Speyside,,In Stock,https://www.thewhiskyexchange.com/p/60354/benriach-the-twenty-one-21-year-old,https://img.thewhiskyexchange.com/380/bnrob.21yov4.jpg?v=202407241,,,155,,3,2,1,3,Honey|Smoke|Pear|Dark Chocolate|Grape|Oak,Distillery Bottling,Scotland,Speyside,,
2026-01-15 09:16:54,Single Malt,72868,Lagg Corriecravie / Oloroso Finish,Lagg ,70cl / 55%,52.29,(£89.64 per litre),Island,,In Stock,https://www.thewhiskyexchange.com/p/72868/lagg-corriecravie-oloroso-finish,https://img.thewhiskyexchange.com/380/lagob.non3.jpg?v=202407241,,,62.75,,3,3,3,3,Smoke|Walnut|Strawberry|Blackberry,Distillery Bottling,Scotland,Island,Oloroso Sherry  Finish,No
2026-01-15 09:16:54,Single Malt,58942,Glencadam Reserva PX,Glencadam,70cl / 46%,36.04,(£61.79 per litre),Highland,,In Stock,https://www.thewhiskyexchange.com/p/58942/glencadam-reserva-px,https://img.thewhiskyexchange.com/380/gcdob.non6.jpg?v=202407241,,,43.25,,3,4,0,3,Raisins|Madeira|Butter|Apple|Pear,Distillery Bottling,Scotland,Highland,Pedro Ximenez Sherry  Finish,No
2026-01-15 09:16:54,Single Malt,67540,Smokehead Unfiltered,Smokehead,70cl / 46%,33.54,(£57.50 per litre),Islay,,In Stock,https://www.thewhiskyexchange.com/p/67540/smokehead-unfiltered,https://img.thewhiskyexchange.com/380/malts_smo6.jpg?v=202407241,5,4,40.25,,4,3,4,2,Smoke|Earth|Dark Chocolate|Ginger|Walnut|Almond,Distillery Bottling,Scotland,Islay,,
2026-01-15 09:16:54,Single Malt,31020,Ardmore 12 Year Old / Port Wood Finish,Ardmore,70cl / 46%,53.12,(£91.07 per litre),Highland,,In Stock,https://www.thewhiskyexchange.com/p/31020/ardmore-12-year-old-port-wood-finish,https://img.thewhiskyexchange.com/380/ardob.12yov1.jpg?v=202407241,4.5,3,63.75,,,,,,Apple|Smoke|Honey,Distillery Bottling,Scotland,Highland,Port  Finish,Yes
2026-01-15 09:16:54,Single Malt,68486,Personalised 16 Year Old Highland Scotch Whisky,Highland Park,70cl / 53%,100.0,(£171.43 per litre),Island,,In Stock,https://www.thewhiskyexchange.com/p/68486/personalised-16-year-old-highland-scotch-whisky,https://img.thewhiskyexchange.com/380/malts_twe16yo.jpg?v=202407241,,,,,,,,,,,,,,
2026-01-15 09:16:54,Single Malt,73750,Glenmorangie The Nectar 16 Year Old,Glenmorangie,70cl / 46%,67.08,(£115 per litre),Highland,,In Stock,https://www.thewhiskyexchange.com/p/73750/glenmorangie-the-nectar-16-year-old,https://img.thewhiskyexchange.com/380/gmgob.16yov1.jpg?v=202407241,5,2,80.50,,3,4,0,5,Honey|Vanilla|Almond|Pastries|Nutmeg|Butter,Distillery Bottling,Scotland,Highland,Dessert Wine  Finish,
2026-01-15 09:16:54,Single Malt,37072,Tomatin Cask Strength Edition,Tomatin,70cl / 57.5%,47.71,(£81.79 per litre),Highland,,In Stock,https://www.thewhiskyexchange.com/p/37072/tomatin-cask-strength-edition,https://img.thewhiskyexchange.com/380/tomob.non12.jpg?v=202407241,4.5,6,57.25,,3,4,0,2,Ginger|Malt|Marzipan,Distillery Bottling,Scotland,Highland,,
2026-01-15 09:16:54,Single Malt,2219,Glen Grant 10 Year Old,Glen Grant,70cl / 40%,31.88,(£54.64 per litre),Speyside,,In Stock,https://www.thewhiskyexchange.com/p/2219/glen-grant-10-year-old,https://img.thewhiskyexchange.com/380/ggtob.10yov1.jpg?v=202407241,,,,,,,,,,,,,,
2026-01-15 09:16:54,Single Malt,82261,Bladnoch 14 Year Old,Bladnoch,70cl / 46.7%,97.5,(£167.14 per litre),Lowland,,In Stock,https://www.thewhiskyexchange.com/p/82261/bladnoch-14-year-old,https://img.thewhiskyexchange.com/380/bdnob.14yov3.jpg?v=202407241,,,117,,3,3,0,3,Fruit Cake|Dark Chocolate|Cinnamon|Walnut,Distillery Bottling,Scotland,Lowland,Oloroso Sherry,No
2026-01-15 09:16:54,Single Malt,81567,Glenallachie 10 Year Old Cask Strength Batch 11,Glenallachie,70cl / 59.4%,52.29,(£89.64 per litre),Speyside,,In Stock,https://www.thewhiskyexchange.com/p/81567/glenallachie-10-year-old-cask-strength-batch-11,https://img.thewhiskyexchange.com/380/gleob.10yov15.jpg?v=202407241,,,62.75,,3,3,0,4,Raspberry|Raisins|Plums|Crystallised ginger|Heather|Coffee,Distillery Bottling,Scotland,Speyside,,No
2026-01-15 09:16:54,Single Malt,86295,Blair Athol 2009 / 15 Year Old / Cask 307592 / Berry Bros & Rudd Odyssey Range,Blair Athol,70cl / 53%,87.5,(£150 per litre),Highland,,In Stock,https://www.thewhiskyexchange.com/p/86295/blair-athol-2009-15-year-old-cask-307592-berry-bros-rudd-odyssey-range,https://img.thewhiskyexchange.com/380/blabbr2009v1.jpg?v=202407241,,,105,,3,5,0,4,Candied peel|Dates|Raisins|Liquorice root|Sherry|Toffee,Berry Bros & Rudd,Scotland,Highland,Pedro Ximenez   Hogshead,No
2026-01-15 09:16:54,Single Malt,85795,Glen Grant Exploration No.1 / Rum Cask Finish,Glen Grant,70cl / 48%,71.46,(£122.50 per litre),Speyside,,In Stock,https://www.thewhiskyexchange.com/p/85795/glen-grant-exploration-no1-rum-cask-finish,https://img.thewhiskyexchange.com/380/ggtob.non11.jpg?v=202407241,,,85.75,,3,4,0,3,Stewed Fruit|Orange|Pineapple|Coconut|Cream|Banana,Distillery Bottling,Scotland,Speyside,Rum  Finish,
2026-01-15 09:16:54,Single Malt,82541,Port Charlotte 2013 SYC:01 / 10 Year Old / Syrah Wine Cask Finish,Port Charlotte,70cl / 54.4%,92.5,(£158.57 per litre),Islay,,In Stock,https://www.thewhiskyexchange.com/p/82541/port-charlotte-2013-syc01-10-year-old-syrah-wine-cask-finish,https://img.thewhiskyexchange.com/380/pclob.2013v2.jpg?v=202407241,,,111,,4,4,4,3,Stewed Fruit|Jam|Seaweed|Peat smoke|Lime|Earth,Distillery Bottling,Scotland,Islay,Wine  Finish,No
2026-01-15 09:16:54,Single Malt,71660,Aberlour 11 Year Old / American Oak,Aberlour,70cl / 49.4%,60.62,(£103.93 per litre),Speyside,,In Stock,https://www.thewhiskyexchange.com/p/71660/aberlour-11-year-old-american-oak,https://img.thewhiskyexchange.com/380/ablob.11yov1.jpg?v=202407241,,,72.75,,2,2,0,3,Caramel|Vanilla|Custard|Apple,Distillery Bottling,Scotland,Speyside,,
2026-01-15 09:16:54,Single Malt,82653,Aberlour A'Bunadh Alba,Aberlour,70cl / 58.9%,82.71,(£141.79 per litre),Speyside,,In Stock,https://www.thewhiskyexchange.com/p/82653/aberlour-abunadh-alba,https://img.thewhiskyexchange.com/380/ablob.non63.jpg?v=202407241,,,99.25,,4,5,0,3,Apple|Vanilla|Oak|Ginger|Stewed Fruit|Pineapple,Distillery Bottling,Scotland,Speyside,Bourbon Barrel,
2026-01-15 09:16:54,Single Malt,55710,Glencadam Reserva Andalucia / Sherry Finish,Glencadam,70cl / 46%,36.04,(£61.79 per litre),Highland,,In Stock,https://www.thewhiskyexchange.com/p/55710/glencadam-reserva-andalucia-sherry-finish,https://img.thewhiskyexchange.com/380/gcdob.non5.jpg?v=202407241,4.5,3,43.25,,2,3,0,4,Coffee|Toffee|Apple|Vanilla|Stewed Fruit|Raisins,Distillery Bottling,Scotland,Highland,Oloroso Sherry Butt Finish,No
2026-01-15 09:16:54,Single Malt,85371,Tomintoul 18 Year Old / Kedem Port Cask,Tomintoul,70cl / 43%,110.83,(£190 per litre),Speyside,,In Stock,https://www.thewhiskyexchange.com/p/85371/tomintoul-18-year-old-kedem-port-cask,https://img.thewhiskyexchange.com/380/tmtob.18yov1.jpg?v=202407241,,,133,,4,3,0,4,Plums|Cacao|Blackberry|Coffee|Caramel|Port,Distillery Bottling,Scotland,Speyside,Kedem Port  Finish,
2026-01-15 09:16:54,Single Malt,85202,Tamnavulin 2009 / 13 Year Old / American Oak / Carn Mor Strictly Limited,Tamnavulin,70cl / 47.5%,53.75,(£92.14 per litre),Speyside,,In Stock,https://www.thewhiskyexchange.com/p/85202/tamnavulin-2009-13-year-old-american-oak-carn-mor-strictly-limited,https://img.thewhiskyexchange.com/380/tmncrn2009.jpg?v=202407241,,,64.50,,3,4,0,4,Vanilla|Lemongrass|Lemon|Apple|Pear|Honeysuckle,Carn Mor,Scotland,Speyside,,No
2026-01-15 09:16:54,Single Malt,80994,Isle of Raasay Single Malt Cask Strength / 2024 Release,Isle of Raasay,70cl / 61.6%,54.79,(£93.93 per litre),Island,,In Stock,https://www.thewhiskyexchange.com/p/80994/isle-of-raasay-single-malt-cask-strength-2024-release,https://img.thewhiskyexchange.com/380/raaob.non14.jpg?v=202407241,,,65.75,,4,4,3,3,Blackberry|Stewed Fruit|Maple syrup|Lemon|Toffee,Distillery Bottling,Scotland,Island,,No
2026-01-15 09:16:54,Single Malt,56151,Talisker 2011 / 8 Year Old / Rum Finish / Special Releases 2020,Talisker,70cl / 57.9%,80.79,(£138.50 per litre),Island,,In Stock,https://www.thewhiskyexchange.com/p/56151/talisker-2011-8-year-old-rum-finish-special-releases-2020,https://img.thewhiskyexchange.com/380/talob.08yov13.jpg?v=202407241,,,96.95,,4,2,2,4,Banana|Butterscotch|Brine|Black Pepper|Lemongrass|Liquorice root,Distillery Bottling,Scotland,Island,Rum  Finish,
2026-01-15 09:16:59,Single Malt,84731,Dalmore Luminary No.3 / 17 Year Old / 2025 Edition,Dalmore,70cl / 49.2%,229.17,(£392.86 per litre),Highland,,In Stock,https://www.thewhiskyexchange.com/p/84731/dalmore-luminary-no3-17-year-old-2025-edition,https://img.thewhiskyexchange.com/380/dlmob.17yo.jpg?v=202407241,,,275,,4,5,0,3,Orange|Apple|Cinnamon|Vanilla|Dark Chocolate|Dried Fruit,Distillery Bottling,Scotland,Highland,,
2026-01-15 09:16:59,Single Malt,60567,Balvenie 21 Year Old / Second Red Rose / Stories,Balvenie,70cl / 48.1%,291.67,(£500 per litre),Speyside,,In Stock,https://www.thewhiskyexchange.com/p/60567/balvenie-21-year-old-second-red-rose-stories,https://img.thewhiskyexchange.com/380/balob.21yov7.jpg?v=202407241,5,3,350,,3,3,0,3,Peach|Blackberry|Mango|Oak|Earth|Black Pepper,Distillery Bottling,Scotland,Speyside,Australian Shiraz Wine  Finish,
2026-01-15 09:16:59,Single Malt,63541,Crabbie 12 Year Old,Crabbie,70cl / 40%,28.54,(£48.93 per litre),Speyside,,In Stock,https://www.thewhiskyexchange.com/p/63541/crabbie-12-year-old,https://img.thewhiskyexchange.com/380/malts_cra12yov1.jpg?v=202407241,,,34.25,,2,1,0,3,Apple|Pear|Vanilla|Orange|Cinnamon|Nutmeg,John Crabbie,Scotland,Speyside,Bourbon,
2026-01-15 09:16:59,Single Malt,86739,Craigellachie 2014 / 11 Year Old / Amontillado Sherry / James Eadie,Craigellachie,70cl / 52.3%,46.46,(£79.64 per litre),Speyside,,In Stock,https://www.thewhiskyexchange.com/p/86739/craigellachie-2014-11-year-old-amontillado-sherry-james-eadie,https://img.thewhiskyexchange.com/380/crgead2014v1.jpg?v=202407241,,,55.75,,,,,,,James Eadie,Scotland,Speyside,Refill Amontillado Sherry Hogshead Finish,No
2026-01-15 09:16:59,Single Malt,18957,Glen Scotia 12 Year Old,Glen Scotia,70cl / 46%,36.62,(£62.79 per litre),Campbeltown,,In Stock,https://www.thewhiskyexchange.com/p/18957/glen-scotia-12-year-old,https://img.thewhiskyexchange.com/380/gstob.12yov2.jpg?v=202407241,,,43.95,,,,,,Pineapple|Coconut|Salt (powder)|Seashell|Banana|Toffee,Distillery Bottling,Scotland,Campbeltown,,Yes
2026-01-15 09:16:59,Single Malt,182,Ardmore 1986 / 12 Year Old / Centenary,Ardmore,70cl / 40%,187.5,(£321.43 per litre),Highland,,In Stock,https://www.thewhiskyexchange.com/p/182/ardmore-1986-12-year-old-centenary,https://img.thewhiskyexchange.com/380/ardob.12yo.jpg?v=202407241,,,225,,,,,,,Distillery Bottling,Scotland,Highland,,Yes
2026-01-15 09:16:59,Single Malt,84194,Kilchoman 13 Year Old,Kilchoman,70cl / 50%,66.62,(£114.21 per litre),Islay,,In Stock,https://www.thewhiskyexchange.com/p/84194/kilchoman-13-year-old,https://img.thewhiskyexchange.com/380/kilob.13yo.jpg?v=202407241,,,79.95,,,,,,Geranium|Pineapple|Lemon|Caramel|Apple|Oats,Distillery Bottling,Scotland,Islay,,
2026-01-15 09:16:59,Single Malt,73229,Inchgower 14 Year Old / Flora & Fauna,Inchgower,70cl / 43%,49.79,(£85.36 per litre),Speyside,,In Stock,https://www.thewhiskyexchange.com/p/73229/inchgower-14-year-old-flora-fauna,https://img.thewhiskyexchange.com/380/ingob.14yo.jpg?v=202407241,,,,,,,,,,,,,,
2026-01-15 09:16:59,Single Malt,1485,Cragganmore 12 Year Old / Small Bottle,Cragganmore,20cl / 40%,15.21,(£9.12 per 10cl),Speyside,,In Stock,https://www.thewhiskyexchange.com/p/1485/cragganmore-12-year-old-small-bottle,https://img.thewhiskyexchange.com/380/cgmob.12yov2.jpg?v=202407241,,,18.25,,3,2,0,4,Orange|Lemon|Almond|Biscuits|Toffee,Distillery Bottling,Scotland,Speyside,,Yes
2026-01-15 09:16:59,Single Malt,62511,Glendronach 10 Year Old,Glendronach,100cl / 43%,58.54,,Highland,,In Stock,https://www.thewhiskyexchange.com/p/62511/glendronach-10-year-old,https://img.thewhiskyexchange.com/380/grnob.10yo.jpg?v=202407241,,,70.25,,3,4,0,4,Toffee|Blackberry|Cherry|Nutmeg|Orange|Praline,Distillery Bottling,Scotland,Highland,,No
2026-01-15 09:16:59,Single Malt,71068,Ledaig 1997 / 25 Year Old / Xtra Old Particular for The Whisky Exchange,Ledaig,70cl / 57.2%,270.83,(£464.29 per litre),Island,,In Stock,https://www.thewhiskyexchange.com/p/71068/ledaig-1997-25-year-old-xtra-old-particular-for-the-whisky-exchange,https://img.thewhiskyexchange.com/380/ldgxop1997.jpg?v=202407241,,,325,,4,3,4,3,Bacon|Blackcurrant|Strawberry|Dark Chocolate|Orange|Rubber,Douglas Laing,Scotland,Island,Refill   Hogshead,No
2026-01-15 09:16:59,Single Malt,68623,Oban 10 Year Old / Sherry Cask Finish / Special Releases 2022,Oban,70cl / 57.1%,87.5,(£150 per litre),Highland,,In Stock,https://www.thewhiskyexchange.com/p/68623/oban-10-year-old-sherry-cask-finish-special-releases-2022,https://img.thewhiskyexchange.com/380/obnob.10yo.jpg?v=202407241,,,105,,,,,,,Distillery Bottling,Scotland,Highland,Refill Amontillado Sherry  Finish,
2026-01-15 09:16:59,Single Malt,73631,Bruichladdich Black Art 11 / 1998 / 24 Year Old,Bruichladdich,70cl / 44.2%,325.0,(£557.14 per litre),Islay,,In Stock,https://www.thewhiskyexchange.com/p/73631/bruichladdich-black-art-11-1998-24-year-old,https://img.thewhiskyexchange.com/380/bruob.1998v4.jpg?v=202407241,,,390,,4,4,0,3,Praline|kiwi|Honey|Melon|Peach|Cinnamon,Distillery Bottling,Scotland,Islay,,No
2026-01-15 09:16:59,Single Malt,85569,Isle of Raasay Marsala Cask,Isle of Raasay,70cl / 50.7%,54.79,(£93.93 per litre),Island,,In Stock,https://www.thewhiskyexchange.com/p/85569/isle-of-raasay-marsala-cask,https://img.thewhiskyexchange.com/380/raaob.non18.jpg?v=202407241,,,65.75,,3,5,3,4,Sultana|Dried Fruit|Ginger|Smoke|Toffee|Brine,Distillery Bottling,Scotland,Island,Marsala,No
2026-01-15 09:16:59,Single Malt,72710,Tamdhu Batch Strength / Batch No 8 / Sherry Cask Matured,Tamdhu,70cl / 57.5%,72.71,(£124.64 per litre),Speyside,,In Stock,https://www.thewhiskyexchange.com/p/72710/tamdhu-batch-strength-batch-no-8-sherry-cask-matured,https://img.thewhiskyexchange.com/380/tamob.non13.jpg?v=202407241,,,87.25,,,,,,Dried Fruit|Vanilla|Honeycomb|Figs,Distillery Bottling,Scotland,Speyside,,
2026-01-15 09:16:59,Single Malt,66827,Glenfarclas 15 Year Old / Set with 105 & 25yo Minis,Glenfarclas,80cl / 46.7%,85.0,(£127.50 per litre),Speyside,,In Stock,https://www.thewhiskyexchange.com/p/66827/glenfarclas-15-year-old-set-with-105-25-year-old-minis,https://img.thewhiskyexchange.com/380/gfcob.15yov44.jpg?v=202407241,,,102,,,,,,,Distillery Bottling,Scotland,Speyside,,No
2026-01-15 09:16:59,Single Malt,57767,Lagavulin 8 Year Old,Lagavulin,70cl / 48%,53.75,(£92.14 per litre),Islay,,In Stock,https://www.thewhiskyexchange.com/p/57767/lagavulin-8-year-old,https://img.thewhiskyexchange.com/380/lgvob.08yov1.jpg?v=202407241,4,7,64.50,,,,,,,Distillery Bottling,Scotland,Islay,,Yes
2026-01-15 09:16:59,Single Malt,17399,Singleton of Dufftown 18 Year Old,Dufftown,70cl / 40%,77.08,(£132.14 per litre),Speyside,,In Stock,https://www.thewhiskyexchange.com/p/17399/singleton-of-dufftown-18-year-old,https://img.thewhiskyexchange.com/380/dufob.18yo.jpg?v=202407241,3.5,2,92.50,,,,,,,Distillery Bottling,Scotland,Speyside,,Yes
2026-01-15 09:16:59,Single Malt,3686,Ileach Cask Strength,Ileach,70cl / 58%,41.25,(£70.71 per litre),Islay,,In Stock,https://www.thewhiskyexchange.com/p/3686/ileach-cask-strength,https://img.thewhiskyexchange.com/380/malts_ile1.jpg?v=202407241,4.5,24,49.50,,4,5,3,3,Orange|Almond|Smoke|Pear|Seashell,,Scotland,Islay,,Yes
2026-01-15 09:16:59,Single Malt,84482,Glen Spey 2007 / 17 Year Old / Oloroso Cask 3 / Signatory Cask Strength,Glen Spey,70cl / 57.3%,70.21,(£120.36 per litre),Speyside,,In Stock,https://www.thewhiskyexchange.com/p/84482/glen-spey-2007-17-year-old-oloroso-cask-3-signatory-cask-strength,https://img.thewhiskyexchange.com/380/gsysig2007.jpg?v=202407241,,,84.25,,,,,,Tonka bean|Vanilla|Raisins|Dark Chocolate|Sherry,Signatory,Scotland,Speyside,First-fill Oloroso Sherry Butt,No
2026-01-15 09:16:59,Single Malt,68807,Ledaig 2005 / 17 Year Old / Sherry Cask / Signatory for The Whisky Exchange,Ledaig,70cl / 65.2%,231.67,(£397.14 per litre),Island,,In Stock,https://www.thewhiskyexchange.com/p/68807/ledaig-2005-17-year-old-sherry-cask-signatory-for-the-whisky-exchange,https://img.thewhiskyexchange.com/380/ldgsig2005v6.jpg?v=202407241,,,278,,3,2,3,2,Smoke|Tar|Seaweed|Dark Chocolate|Lime|Rhubarb,Signatory,Scotland,Island,Refill  Sherry Butt,
2026-01-15 09:16:59,Single Malt,48135,Glenfarclas 25 Year Old London Edition / Exclusive to The Whisky Exchange,Glenfarclas,70cl / 50.5%,249.17,(£427.14 per litre),Speyside,,In Stock,https://www.thewhiskyexchange.com/p/48135/glenfarclas-25-year-old-london-edition-exclusive-to-the-whisky-exchange,https://img.thewhiskyexchange.com/380/gfcob.25yov15.jpg?v=202407241,5,10,299,,4,4,1,3,Apple|Brioche|Oak|Fruit Cake|Raisins|Coffee,Distillery Bottling,Scotland,Speyside,Oloroso Sherry,
2026-01-15 09:16:59,Single Malt,31422,Macallan Rare Cask Black,Macallan,70cl / 48%,458.33,(£785.71 per litre),Speyside,,In Stock,https://www.thewhiskyexchange.com/p/31422/macallan-rare-cask-black,https://img.thewhiskyexchange.com/380/macob.non67.jpg?v=202407241,5,8,550,,4,4,3,2,Raisins|Smoke|Dried Fruit|Ginger|Nutmeg|Dates,Distillery Bottling,Scotland,Speyside,,
2026-01-15 09:16:59,Single Malt,86547,Ardmore 2011 / 14 Year Old / Signatory 100 Proof Edition 62,Ardmore,70cl / 57.1%,40.42,(£69.29 per litre),Highland,,In Stock,https://www.thewhiskyexchange.com/p/86547/ardmore-2011-14-year-old-signatory-100-proof-edition-62,https://img.thewhiskyexchange.com/380/ardsig2011v3.jpg?v=202407241,,,48.50,,3,2,3,3,Ash|Pear|Peardrops|Peat smoke,Signatory,Scotland,Highland,,No
2026-01-15 09:17:02,Single Malt,82031,Dalmore 18 Year Old,Dalmore,70cl / 43%,240.83,(£412.86 per litre),Highland,,In Stock,https://www.thewhiskyexchange.com/p/82031/dalmore-18-year-old,https://img.thewhiskyexchange.com/380/dlmob.18yov3.jpg?v=202407241,,,289,,4,4,0,4,Orange|Marmalade|Toffee|Milk Chocolate|Vanilla,Distillery Bottling,Scotland,Highland,,
2026-01-15 09:17:02,Single Malt,82627,Edradour 2011 / 12 Year Old / White Burgundy / Signatory for The Whisky Exchange,Edradour,70cl / 59%,70.79,(£111.36 per litre),Highland,Special Offer: £7 Off!,In Stock,https://www.thewhiskyexchange.com/p/82627/edradour-2011-12-year-old-white-burgundy-signatory-for-the-whisky-exchange,https://img.thewhiskyexchange.com/380/edrsig2011v3.jpg?v=202407241,,,77.95,84.95,4,3,0,3,Apple|Lemon|Vanilla|Bread|Walnut|Dark Chocolate,Signatory,Scotland,Highland,2nd Fill Burgundy Wine Hogshead,No
2026-01-15 09:17:02,Single Malt,81516,Ben Nevis 2013 / 10 Year Old / Billy Abbott / Whisky Show 2024,Ben Nevis,70cl / 60.2%,59.96,(£81.36 per litre),Highland,Special Offer: £15 Off!,In Stock,https://www.thewhiskyexchange.com/p/81516/ben-nevis-2013-10-year-old-billy-abbott-whisky-show-2024,https://img.thewhiskyexchange.com/380/bnvtwe2013v2.jpg?v=202407241,,,56.95,71.95,3,2,0,3,Peach|Cinnamon|Caramel|Fudge|Dried Fruit,,Scotland,Highland,,
2026-01-15 09:17:02,Single Malt,73106,Macallan The Harmony Collection Amber Meadow,Macallan,70cl / 44.2%,133.33,(£228.57 per litre),Speyside,,In Stock,https://www.thewhiskyexchange.com/p/73106/macallan-the-harmony-collection-amber-meadow,https://img.thewhiskyexchange.com/380/macob.non184.jpg?v=202407241,,,160,,4,4,0,4,Honeysuckle|Coconut|Lemongrass|Green tea|Melon|Almond,Distillery Bottling,Scotland,Speyside,,No
2026-01-15 09:17:02,Single Malt,28227,Bowmore 21 Year Old / Sherry Oak,Bowmore,70cl / 46.8%,225.0,(£385.71 per litre),Islay,,In Stock,https://www.thewhiskyexchange.com/p/28227/bowmore-21-year-old-sherry-oak,https://img.thewhiskyexchange.com/380/bowob.21yov6.jpg?v=202407241,,,270,,4,4,4,3,Honeycomb|Leather|Peat smoke|Hazelnut|Maple syrup,Distillery Bottling,Scotland,Islay,Sherry,Yes
2026-01-15 09:17:02,Single Malt,39915,Ardbeg An Oa,Ardbeg,70cl / 46.6%,43.75,(£75 per litre),Islay,,In Stock,https://www.thewhiskyexchange.com/p/39915/ardbeg-an-oa,https://img.thewhiskyexchange.com/380/abgob.non36.jpg?v=202407241,4.5,33,52.50,,3,3,4,2,Smoke|Milk Chocolate|Orange|Toffee|Cream|Banana,Distillery Bottling,Scotland,Islay,,
2026-01-15 09:17:02,Single Malt,79447,Bruichladdich Organic 2012,Bruichladdich,70cl / 50%,69.79,(£119.64 per litre),Islay,,In Stock,https://www.thewhiskyexchange.com/p/79447/bruichladdich-organic-2012,https://img.thewhiskyexchange.com/380/bruob.2012v2.jpg?v=202407241,,,83.75,,3,4,0,3,Apricot|Coconut|Hay|Barley|Honey,Distillery Bottling,Scotland,Islay,,No
2026-01-15 09:17:02,Single Malt,82051,Bowmore 18 Year Old / Sherry Oak,Bowmore,70cl / 43%,133.33,(£228.57 per litre),Islay,,In Stock,https://www.thewhiskyexchange.com/p/82051/bowmore-18-year-old-sherry-oak,https://img.thewhiskyexchange.com/380/bowob.18yov5.jpg?v=202407241,,,160,,4,4,3,3,Stewed Fruit|Dried Fruit|Apricot|Cinnamon|Peat smoke|Praline,Distillery Bottling,Scotland,Islay,Sherry,
2026-01-15 09:17:02,Single Malt,62584,Macallan Classic Cut 2021 Release,Macallan,70cl / 51%,208.33,(£357.14 per litre),Speyside,,In Stock,https://www.thewhiskyexchange.com/p/62584/macallan-classic-cut-2021-release,https://img.thewhiskyexchange.com/380/macob.non160.jpg?v=202407241,,,250,,3,2,0,3,Ginger|Vanilla|Custard|Orange|Cinnamon|Marzipan,,Scotland,Speyside,,
2026-01-15 09:17:02,Single Malt,3414,Laphroaig Quarter Cask,Laphroaig,70cl / 48%,39.96,(£68.50 per litre),Islay,,In Stock,https://www.thewhiskyexchange.com/p/3414/laphroaig-quarter-cask,https://img.thewhiskyexchange.com/380/lrgob.non1.jpg?v=202407241,4.5,135,47.95,,3,3,4,3,Toffee|Tobacco|Malt|Smoke|Dark Chocolate|Cinnamon,Distillery Bottling,Scotland,Islay,Quarter,Yes
2026-01-15 09:17:02,Single Malt,29984,Finlaggan Old Reserve / Small Batch / Islay Malt,Finlaggan,70cl / 40%,34.12,(£58.50 per litre),Islay,,In Stock,https://www.thewhiskyexchange.com/p/29984/finlaggan-old-reserve-small-batch-islay-malt,https://img.thewhiskyexchange.com/380/malts_fin6.jpg?v=202407241,4,25,40.95,,2,3,4,2,Leather|Iodine (tcp)|Smoke|Oak,,Scotland,Islay,,Yes
2026-01-15 09:17:02,Single Malt,83923,Blair Athol 2011 / 13 Year Old / Port Finish / Signatory for The Whisky Exchange,Blair Athol,70cl / 57.8%,79.12,(£135.64 per litre),Highland,,In Stock,https://www.thewhiskyexchange.com/p/83923/blair-athol-2011-13-year-old-port-finish-signatory-for-the-whisky-exchange,https://img.thewhiskyexchange.com/380/blasig2011v1.jpg?v=202407241,,,94.95,,4,4,0,3,Mushroom|Meat|Dark Chocolate|Strawberry|Cherry|Toffee,Signatory,Scotland,Highland,First-fill Ruby Port  Finish,No
2026-01-15 09:17:02,Single Malt,68205,Fettercairn 2014 Warehouse 2 / Batch 004,Fettercairn,70cl / 48.8%,47.29,(£81.07 per litre),Highland,,In Stock,https://www.thewhiskyexchange.com/p/68205/fettercairn-2014-warehouse-2-batch-004,https://img.thewhiskyexchange.com/380/ofcob.2014.jpg?v=202407241,,,56.75,,2,1,0,3,Vanilla|Melon|Toffee|Walnut|Pear|Honey,Distillery Bottling,Scotland,Highland,,No
2026-01-15 09:17:02,Single Malt,73017,Meikle Toir 5 Year Old The Sherry,Meikle Toir,70cl / 48%,36.46,(£62.50 per litre),Speyside,,In Stock,https://www.thewhiskyexchange.com/p/73017/meikle-toir-5-year-old-the-sherry,https://img.thewhiskyexchange.com/380/mktob.05yov2.jpg?v=202407241,4.5,5,43.75,,4,4,4,4,Raisins|Prunes|Dark Chocolate|Stewed Fruit,Distillery Bottling,Scotland,,,No
2026-01-15 09:17:02,Single Malt,56055,Balvenie The Creation of a Classic,Balvenie,70cl / 43%,74.96,(£128.50 per litre),Speyside,,In Stock,https://www.thewhiskyexchange.com/p/56055/balvenie-the-creation-of-a-classic,https://img.thewhiskyexchange.com/380/balob.non26.jpg?v=202407241,4.5,2,89.95,,3,2,0,3,Clove|Malt|Toffee|Vanilla|Oats|Oak,Distillery Bottling,Scotland,Speyside,,
2026-01-15 09:17:02,Single Malt,83039,Dufftown 2008 / 16 Year Old / Cask #6767 / Gleann Mor Rare Find,Dufftown,70cl / 51.1%,67.08,(£115 per litre),Speyside,,In Stock,https://www.thewhiskyexchange.com/p/83039/dufftown-2008-16-year-old-cask-6767-gleann-mor-rare-find,https://img.thewhiskyexchange.com/380/dufglm2008.jpg?v=202407241,,,80.50,,4,3,0,3,Cherry|Cinnamon|Black Pepper|Plums|Oats|Coffee,Gleann Mor,Scotland,Speyside,,No
2026-01-15 09:17:02,Single Malt,82897,Fettercairn 16 Year Old,Fettercairn,70cl / 46.4%,71.62,(£122.79 per litre),Highland,,In Stock,https://www.thewhiskyexchange.com/p/82897/fettercairn-16-year-old,https://img.thewhiskyexchange.com/380/ofcob.16yov5.jpg?v=202407241,,,85.95,,3,3,0,3,Crystallised ginger|Cacao|Passion fruit|Lemon|Honey,Distillery Bottling,Scotland,Highland,,
2026-01-15 09:17:02,Single Malt,72016,Highland Park Cask Strength / Release No.4,Highland Park,70cl / 64.3%,66.04,(£113.21 per litre),Island,,In Stock,https://www.thewhiskyexchange.com/p/72016/highland-park-cask-strength-release-no4,https://img.thewhiskyexchange.com/380/hlpob.non21.jpg?v=202407241,,,79.25,,4,4,2,3,Smoke|Coconut|Rose|Raspberry,Distillery Bottling,Scotland,Island,,
2026-01-15 09:17:02,Single Malt,73212,Glenrothes 1997 / 25 Year Old / Thompson Bros for Whisky Show 2023,Glenrothes,70cl / 47.5%,180.0,(£308.57 per litre),Speyside,,In Stock,https://www.thewhiskyexchange.com/p/73212/glenrothes-1997-25-year-old-thompson-bros-for-whisky-show-2023,https://img.thewhiskyexchange.com/380/grstho1997.jpg?v=202407241,,,216,,4,3,0,4,Apricot|Mint|Rosemary|Almond|Marshmallow,Thompson Bros,Scotland,Speyside,Refill   Hogshead,
2026-01-15 09:17:02,Single Malt,82901,Highland Park 18 Year Old,Highland Park,70cl / 43%,114.17,(£195.71 per litre),Island,Special Offer: Free Highland Park Water Jug,In Stock,https://www.thewhiskyexchange.com/p/82901/highland-park-18-year-old,https://img.thewhiskyexchange.com/380/hlpob.18yov16.jpg?v=202407241,,,137,,4,4,3,3,Heather|Honey|Dark Chocolate|Stewed Fruit|Salt (powder)|Hazelnut,Distillery Bottling,Scotland,Island,,No
2026-01-15 09:17:02,Single Malt,31792,Finlaggan Eilean Mor / Small Batch,Finlaggan,70cl / 46%,39.58,(£67.86 per litre),Islay,,In Stock,https://www.thewhiskyexchange.com/p/31792/finlaggan-eilean-mor-small-batch,https://img.thewhiskyexchange.com/380/malts_fin7.jpg?v=202407241,5,8,47.50,,3,3,2,2,Iodine (tcp)|Tar|Oil|Malt|Smoke|Lemon,,Scotland,Islay,,Yes
2026-01-15 09:17:02,Single Malt,86228,Longmorn 2009 / 16 Year Old / Barbadillo Oloroso Sherry / Gleann Mor Rare Find,Longmorn,70cl / 55.6%,77.46,(£132.79 per litre),Speyside,,In Stock,https://www.thewhiskyexchange.com/p/86228/longmorn-2009-16-year-old-barbadillo-oloroso-sherry-gleann-mor-rare-find,https://img.thewhiskyexchange.com/380/lgmglm2009.jpg?v=202407241,,,92.95,,3,3,1,3,Cinnamon|Wax|Toffee|Apple|Walnut|Butterscotch,Gleann Mor,Scotland,Speyside,Barbadillo Oloroso Sherry  Finish,No
2026-01-15 09:17:02,Single Malt,62709,Jura Red Wine Cask Edition,Jura,70cl / 40%,32.29,(£55.36 per litre),Island,,In Stock,https://www.thewhiskyexchange.com/p/62709/jura-red-wine-cask-edition,https://img.thewhiskyexchange.com/380/iojob.non18.jpg?v=202407241,,,38.75,,2,1,0,3,Cinnamon|Vanilla|Strawberry|Raspberry|Cherry|Honey,Distillery Bottling,Scotland,Island,Wine Barrel Finish,
2026-01-15 09:17:02,Single Malt,82433,Ardbeg The Unicorn's Tale 14 Year Old / Anthology Series,Ardbeg,70cl / 46%,102.5,(£175.71 per litre),Islay,,In Stock,https://www.thewhiskyexchange.com/p/82433/ardbeg-the-unicorns-tale-14-year-old-anthology-series,https://img.thewhiskyexchange.com/380/abgob.14yo.jpg?v=202407241,,,123,,3,3,4,4,Lime|Dark Chocolate|Banana|Dried Fruit|Clove|Smoke,,Scotland,Islay,,
2026-01-15 09:17:07,Single Malt,57104,Glenlivet 12 Year Old First-fill American Oak / 200th Anniversary,Glenlivet,70cl / 43%,44.58,(£76.43 per litre),Speyside,,In Stock,https://www.thewhiskyexchange.com/p/57104/glenlivet-12-year-old-first-fill-american-oak-200th-anniversary,https://img.thewhiskyexchange.com/380/glvob.12yov39.jpg?v=202407241,,,53.50,,3,4,0,3,Vanilla|Coconut|Pineapple|Orange|Oak|Almond,Distillery Bottling,Scotland,Speyside,First-fill,
2026-01-15 09:17:07,Single Malt,84344,Highland Park 18 Year Old / Young Siward / Thanes Series / Macbeth Act Two,Highland Park,70cl / 50.8%,187.5,(£321.43 per litre),Island,,In Stock,https://www.thewhiskyexchange.com/p/84344/highland-park-18-year-old-young-siward-thanes-series-macbeth-act-two,https://img.thewhiskyexchange.com/380/hlped.18yov2.jpg?v=202407241,,,225,,4,4,2,3,Honeysuckle|Heather|Smoke|Ginger|Hazelnut|Salt (powder),Elixir Distillers,Scotland,Island,,
2026-01-15 09:17:07,Single Malt,73073,Craigellachie 19 Year Old,Craigellachie,70cl / 46%,163.33,(£280 per litre),Speyside,,In Stock,https://www.thewhiskyexchange.com/p/73073/craigellachie-19-year-old,https://img.thewhiskyexchange.com/380/crgob.19yo.jpg?v=202407241,,,196,,4,4,0,3,Meat|Pineapple|Biscuits|Caramel|Cinnamon,Distillery Bottling,Scotland,Speyside,,No
2026-01-15 09:17:07,Single Malt,72230,Lagavulin 12 Year Old / Tequila Finish / Special Releases 2023,Lagavulin,70cl / 56.4%,121.67,(£208.57 per litre),Islay,,In Stock,https://www.thewhiskyexchange.com/p/72230/lagavulin-12-year-old-tequila-finish-special-releases-2023,https://img.thewhiskyexchange.com/380/lgvob.12yov53.jpg?v=202407241,,,146,,4,4,4,2,Agave|Mango|Mixed Herb|Smoke|Peat smoke,Distillery Bottling,Scotland,Islay,,
2026-01-15 09:17:07,Single Malt,40959,Lagavulin 2002 Distillers Edition / Bot.2018,Lagavulin,70cl / 43%,165.83,(£284.29 per litre),Islay,,In Stock,https://www.thewhiskyexchange.com/p/40959/lagavulin-2002-distillers-edition-bot2018,https://img.thewhiskyexchange.com/380/lgvob.2002.jpg?v=202407241,4.5,8,199,,4,4,4,3,Raisins|Tobacco|Marmalade|Dark Chocolate|Black Pepper|Coffee,Distillery Bottling,Scotland,Islay,Pedro Ximenez Sherry,Yes
2026-01-15 09:17:07,Single Malt,68450,Benrinnes 2009 / 12 Year Old / Sherry Cask / The Whisky Exchange,Benrinnes,70cl / 56.1%,62.46,(£107.07 per litre),Speyside,,In Stock,https://www.thewhiskyexchange.com/p/68450/benrinnes-2009-12-year-old-sherry-cask-the-whisky-exchange,https://img.thewhiskyexchange.com/380/brntwe2009v1.jpg?v=202407241,,,74.95,,3,2,0,3,Toffee|Apple|Sultana|Coffee|Hazelnut|Grape,The Whisky Exchange,Scotland,Speyside,Refill  Sherry Butt,
2026-01-15 09:17:07,Single Malt,84345,Clynelish 14 Year Old / Servant / Household Series / Macbeth Act Two,Clynelish,70cl / 55.1%,116.67,(£200 per litre),Highland,,In Stock,https://www.thewhiskyexchange.com/p/84345/clynelish-14-year-old-servant-household-series-macbeth-act-two,https://img.thewhiskyexchange.com/380/clyed.14yo.jpg?v=202407241,,,140,,3,4,0,3,Candied peel|Wax|Ginger|Vanilla|Butterscotch|Lemongrass,Elixir Distillers,Scotland,Highland,,
2026-01-15 09:17:07,Single Malt,68196,Dalmore 2007 / Bot.2022 / The Vintages Collection,Dalmore,70cl / 46.5%,187.5,(£321.43 per litre),Highland,,In Stock,https://www.thewhiskyexchange.com/p/68196/dalmore-2007-bot2022-the-vintages-collection,https://img.thewhiskyexchange.com/380/dlmob.2007.jpg?v=202407241,,,225,,2,3,0,4,Brioche|Ginger|Orange|Cinnamon|Clove|Honey,Distillery Bottling,Scotland,Highland,,
2026-01-15 09:17:07,Single Malt,72038,Loch Lomond 2009 / 14 Year Old / Whisky Show 2023,Loch Lomond,70cl / 55.6%,70.79,(£121.36 per litre),Highland,,In Stock,https://www.thewhiskyexchange.com/p/72038/loch-lomond-2009-14-year-old-whisky-show-2023,https://img.thewhiskyexchange.com/380/llmob.2009.jpg?v=202407241,,,84.95,,3,4,0,3,Caramel|Banana|Orange|Peach|Honeysuckle|Coconut,Distillery Bottling,Scotland,Highland,,No
2026-01-15 09:17:07,Single Malt,73018,Meikle Toir 5 Year Old The Chinquapin,Meikle Toir,70cl / 48%,36.46,(£62.50 per litre),Speyside,,In Stock,https://www.thewhiskyexchange.com/p/73018/meikle-toir-5-year-old-the-chinquapin,https://img.thewhiskyexchange.com/380/mktob.05yov3.jpg?v=202407241,5,3,43.75,,3,3,3,3,Milk Chocolate|Hazelnut|Cinnamon|Praline,Distillery Bottling,Scotland,,,No
2026-01-15 09:17:07,Single Malt,19674,Tullibardine 228 / Burgundy Finish,Tullibardine,70cl / 43%,35.21,(£60.36 per litre),Highland,,In Stock,https://www.thewhiskyexchange.com/p/19674/tullibardine-228-burgundy-finish,https://img.thewhiskyexchange.com/380/tulob.non2.jpg?v=202407241,4,8,42.25,,3,3,0,3,Vanilla|Oak|Raspberry|Apple|Custard,Distillery Bottling,Scotland,Highland,Burgundy Wine  Finish,Yes
2026-01-15 09:17:07,Single Malt,71996,Glenfarclas 9 Year Old / Oloroso Sherry Casks,Glenfarclas,70cl / 44.1%,44.12,(£75.64 per litre),Speyside,,In Stock,https://www.thewhiskyexchange.com/p/71996/glenfarclas-9-year-old-oloroso-sherry-casks,https://img.thewhiskyexchange.com/380/gfcob.09yo.jpg?v=202407241,,,52.95,,3,3,0,3,Cardamom|Grape|Figs|Dates,Distillery Bottling,Scotland,Speyside,Oloroso Sherry,
2026-01-15 09:17:07,Single Malt,70159,Caol Ila 12 Year Old / Feis Ile 2021,Caol Ila,70cl / 57%,129.17,(£221.43 per litre),Islay,,In Stock,https://www.thewhiskyexchange.com/p/70159/caol-ila-12-year-old-feis-ile-2021,https://img.thewhiskyexchange.com/380/cilob.12yov14.jpg?v=202407241,5,3,155,,3,1,2,2,Smoke|Peach|Grape|Oak,Distillery Bottling,Scotland,Islay,Moscatel Wine  Finish,
2026-01-15 09:17:07,Single Malt,83915,Glenlossie 2008 / 16 Year Old / Cask ##6777 / Connoisseurs Choice,Glenlossie,70cl / 57.1%,105.83,(£181.43 per litre),Speyside,,In Stock,https://www.thewhiskyexchange.com/p/83915/glenlossie-2008-16-year-old-cask-6777-connoisseurs-choice,https://img.thewhiskyexchange.com/380/glocc.2008.jpg?v=202407241,,,127,,3,3,0,4,Dried Fruit|Cinnamon|Orange|Milk Chocolate|Lime|Fruit Cake,Gordon & MacPhail,Scotland,Speyside,Refill  Sherry Hogshead,
2026-01-15 09:17:07,Single Malt,82001,Glen Moray Phoenix Rising / Charred Oak Casks,Glen Moray,70cl / 40%,28.12,(£48.21 per litre),Speyside,,In Stock,https://www.thewhiskyexchange.com/p/82001/glen-moray-phoenix-rising-charred-oak-casks,https://img.thewhiskyexchange.com/380/gmyob.non23.jpg?v=202407241,,,33.75,,2,3,0,3,Vanilla|Black Pepper|Apple|Oak,Distillery Bottling,Scotland,Speyside,Finish,
2026-01-15 09:17:07,Single Malt,81623,Glen Keith 1998 / 22 Year Old / Cask #69720 / Distillery Reserve Collection,Glen Keith,50cl / 56.1%,138.33,(£332 per litre),Speyside,,In Stock,https://www.thewhiskyexchange.com/p/81623/glen-keith-1998-22-year-old-cask-69720-distillery-reserve-collection,https://img.thewhiskyexchange.com/380/gktob.1998.jpg?v=202407241,,,166,,3,3,0,3,Dried Fruit|Figs|Dates|Almond|Orange,Distillery Bottling,Scotland,Speyside,2nd Fill   Butt,
2026-01-15 09:17:07,Single Malt,18916,Port Askaig Cask Strength Small Batch 2 / 2024 Release,Port Askaig,70cl / 59.1%,53.29,(£91.36 per litre),Islay,,In Stock,https://www.thewhiskyexchange.com/p/18916/port-askaig-cask-strength-small-batch-2-2024-release,https://img.thewhiskyexchange.com/380/malts_por10.jpg?v=202407241,,,63.95,,3,4,3,3,Smoke|Orange|Brine|Lime|Toffee|Ash,Elixir Distillers,Scotland,Islay,,No
2026-01-15 09:17:07,Single Malt,84145,Bunnahabhain 2009 / 14 Year Old / Sauternes Finish / Ferg and Harris,Bunnahabhain,70cl / 54.7%,117.5,(£201.43 per litre),Islay,,In Stock,https://www.thewhiskyexchange.com/p/84145/bunnahabhain-2009-14-year-old-sauternes-finish-ferg-and-harris,https://img.thewhiskyexchange.com/380/bunfer2009.jpg?v=202407241,,,141,,3,3,3,4,Apricot|Honey|Walnut|Dried Fruit|Peat smoke|Seaweed,Ferg and Harris,Scotland,Islay,Sauternes  Wine  Finish,
2026-01-15 09:17:07,Single Malt,71058,Glenallachie 7 Year Old Hungarian Oak,Glenallachie,70cl / 48%,51.25,(£87.86 per litre),Speyside,,In Stock,https://www.thewhiskyexchange.com/p/71058/glenallachie-7-year-old-hungarian-oak,https://img.thewhiskyexchange.com/380/gleob.07yo.jpg?v=202407241,,,61.50,,,,,,Oak|Black Pepper|Vanilla,Distillery Bottling,Scotland,Speyside,,No
2026-01-15 09:17:07,Single Malt,86362,Ben Nevis 2012 / 12 Year Old / Single Cask Nation,Ben Nevis,70cl / 56.4%,74.38,(£127.50 per litre),Highland,,In Stock,https://www.thewhiskyexchange.com/p/86362/ben-nevis-2012-12-year-old-single-cask-nation,https://img.thewhiskyexchange.com/380/bnvscn2012v1.jpg?v=202407241,,,89.25,,3,3,1,4,Toast|Dark Chocolate|Pecan|Peach|Chestnut,Single Cask Nation,Scotland,Highland,First-fill   Hogshead Finish,No
2026-01-15 09:17:07,Single Malt,45300,Mortlach 16 Year Old / Distiller's Dram,Mortlach,70cl / 43.4%,108.33,(£185.71 per litre),Speyside,,In Stock,https://www.thewhiskyexchange.com/p/45300/mortlach-16-year-old-distillers-dram,https://img.thewhiskyexchange.com/380/mtlob.16yo.jpg?v=202407241,4.5,8,130,,4,3,0,3,Raisins|Apple|Clove|Dark Chocolate|Fruit Cake|Dates,Distillery Bottling,Scotland,Speyside,,
2026-01-15 09:17:07,Single Malt,85776,Kilchoman 100% Islay / 9 Year Old / Bot.2025 / 15th Edition,Kilchoman,70cl / 50%,62.46,(£107.07 per litre),Islay,,In Stock,https://www.thewhiskyexchange.com/p/85776/kilchoman-100-islay-9-year-old-bot2025-15th-edition,https://img.thewhiskyexchange.com/380/kilob.09yo.jpg?v=202407241,,,74.95,,4,4,4,3,Milk Chocolate|Caramel|Candied peel|Peat smoke|Honey|Pecan,Distillery Bottling,Scotland,Islay,,No
2026-01-15 09:17:07,Single Malt,86735,Jura 2012 / 13 Year Old / Oloroso Sherry  / James Eadie,Jura,70cl / 53.7%,57.29,(£98.21 per litre),Island,,In Stock,https://www.thewhiskyexchange.com/p/86735/jura-2012-13-year-old-oloroso-sherry-james-eadie,https://img.thewhiskyexchange.com/380/iojead2012.jpg?v=202407241,,,68.75,,2,3,,2,Almond|Apple|Sultana,James Eadie,Scotland,Island,First-fill Oloroso Sherry Hogshead Finish,No
2026-01-15 09:17:07,Single Malt,85581,Macallan The Harmony Collection Inspired by Phoenix Honey Orchid Tea,Macallan,70cl / 43.9%,126.67,(£217.14 per litre),Speyside,,In Stock,https://www.thewhiskyexchange.com/p/85581/macallan-the-harmony-collection-inspired-by-phoenix-honey-orchid-tea,https://img.thewhiskyexchange.com/380/macob.non193.jpg?v=202407241,,,152,,3,4,0,3,Apple|Honeysuckle|Peach|Apricot|Almond|Walnut,Distillery Bottling,Scotland,Speyside,,No
2026-01-15 09:17:11,Single Malt,5258,Aberfeldy 21 Year Old,Aberfeldy,70cl / 40%,133.33,(£228.57 per litre),Highland,,In Stock,https://www.thewhiskyexchange.com/p/5258/aberfeldy-21-year-old,https://img.thewhiskyexchange.com/380/abfob.21yo.jpg?v=202407241,4.5,19,160,,3,3,2,3,Vanilla|Smoke|Malt|Raisins|Peach|Honey,Distillery Bottling,Scotland,Highland,,Yes
2026-01-15 09:17:11,Single Malt,61958,Bunnahabhain Aonadh 10 Year Old,Bunnahabhain,70cl / 56.2%,91.67,(£157.14 per litre),Islay,,In Stock,https://www.thewhiskyexchange.com/p/61958/bunnahabhain-aonadh-10-year-old,https://img.thewhiskyexchange.com/380/bunob.10yo.jpg?v=202407241,4.5,3,110,,3,3,0,4,Vanilla|Cinnamon|Plums|Blackberry|Dark Chocolate|Walnut,Distillery Bottling,Scotland,Islay,,No
2026-01-15 09:17:11,Single Malt,4938,Tomintoul 16 Year Old,Tomintoul,70cl / 40%,55.42,(£95 per litre),Speyside,,In Stock,https://www.thewhiskyexchange.com/p/4938/tomintoul-16-year-old,https://img.thewhiskyexchange.com/380/tmtob.16yo.jpg?v=202407241,4.5,24,66.50,,3,3,0,2,Apple|Pear|Vanilla|Custard,Distillery Bottling,Scotland,,,Yes
2026-01-15 09:17:11,Single Malt,26313,Ballechin 10 Year Old,Ballechin,70cl / 46%,43.54,(£74.64 per litre),Highland,,In Stock,https://www.thewhiskyexchange.com/p/26313/ballechin-10-year-old,https://img.thewhiskyexchange.com/380/blcob.10yo.jpg?v=202407241,4,11,52.25,,3,3,2,3,Smoke|Apple|Figs|Oak|Malt,Distillery Bottling,Scotland,Highland,,No
2026-01-15 09:17:11,Single Malt,71874,Glenglassaugh 12 Year Old,Glenglassaugh,70cl / 45%,41.25,(£70.71 per litre),Highland,,In Stock,https://www.thewhiskyexchange.com/p/71874/glenglassaugh-12-year-old,https://img.thewhiskyexchange.com/380/ggsob.12yov3.jpg?v=202407241,,,49.50,,3,4,0,3,Apricot|Figs|Cherry|Cream|Dates|Salt (powder),Distillery Bottling,Scotland,Highland,,
2026-01-15 09:17:11,Single Malt,83921,Edradour 2011 / 13 Year Old / Marsala Finish /Signatory for The Whisky Exchange,Edradour,70cl / 58.9%,79.12,(£135.64 per litre),Highland,Special Offer: Free Edradour Book,In Stock,https://www.thewhiskyexchange.com/p/83921/edradour-2011-13-year-old-marsala-finish-signatory-for-the-whisky-exchange,https://img.thewhiskyexchange.com/380/edrsig2011v4.jpg?v=202407241,,,94.95,,3,4,0,3,Rubber|Fruit Cake|Honey|Dried Fruit|Cinnamon|Raisins,Signatory,Scotland,Highland,First Fill  Marsala Hogshead Finish,No
2026-01-15 09:17:11,Single Malt,82509,Williamson (Laphroaig) 2015 / 9 Year Old / Sherry Cask / Carn Mor,Laphroaig,70cl / 47.5%,66.25,(£113.57 per litre),Islay,,In Stock,https://www.thewhiskyexchange.com/p/82509/williamson-laphroaig-2015-9-year-old-sherry-cask-carn-mor,https://img.thewhiskyexchange.com/380/lrgcrn2015.jpg?v=202407241,,,79.50,,3,4,4,4,Dark Chocolate|Peat smoke|Dried Fruit,Carn Mor,Scotland,Islay,Sherry Hogshead,No
2026-01-15 09:17:11,Single Malt,62056,Benriach 2012 Malting Season / First Edition,Benriach,70cl / 48.7%,83.29,(£142.79 per litre),Speyside,,In Stock,https://www.thewhiskyexchange.com/p/62056/benriach-2012-malting-season-first-edition,https://img.thewhiskyexchange.com/380/bnrob.2012.jpg?v=202407241,,,99.95,,3,1,0,4,Pear|Apple|Vanilla|Honey|Almond|Malt,Distillery Bottling,Scotland,Speyside,,
2026-01-15 09:17:11,Single Malt,85643,Ardmore (Ardlair) The Untamed Grace 10 Year Old / The WhiskyHeroes,Ardmore,70cl / 56.5%,61.04,(£104.64 per litre),Highland,,In Stock,https://www.thewhiskyexchange.com/p/85643/ardmore-ardlair-the-untamed-grace-10-year-old-the-whiskyheroes,https://img.thewhiskyexchange.com/380/ardbns10yo.jpg?v=202407241,,,73.25,,4,3,1,4,Toast|Almond|Dates|Caramel|Liquorice root|Honeycomb,Brave New Spirits,Scotland,Highland,First-fill Pedro Ximenez  Sherry Hogshead Finish,
2026-01-15 09:17:11,Single Malt,19676,Tullibardine 500 / Sherry Finish,Tullibardine,70cl / 43%,35.21,(£60.36 per litre),Highland,,In Stock,https://www.thewhiskyexchange.com/p/19676/tullibardine-500-sherry-finish,https://img.thewhiskyexchange.com/380/tulob.non4.jpg?v=202407241,4.5,7,42.25,,3,4,0,3,Cinnamon|Toffee|Apple|Butterscotch|Almond|Cream,Distillery Bottling,Scotland,Highland,Sherry  Finish,Yes
2026-01-15 09:17:11,Single Malt,63499,Lagavulin 12 Year Old / Special Releases 2025,Lagavulin,70cl / 56.5%,116.67,(£200 per litre),Islay,,In Stock,https://www.thewhiskyexchange.com/p/63499/lagavulin-12-year-old-special-releases-2025,https://img.thewhiskyexchange.com/380/lgvob.12yov48.jpg?v=202407241,,,140,,4,4,4,3,Peat smoke|Carbolic Soap|Ash|Oak|Lemon,Distillery Bottling,Scotland,Islay,,
2026-01-15 09:17:11,Single Malt,84424,Mortlach 2003 / 21 Year Old / Bourbon Cask / Signatory for The Whisky Exchange,Mortlach,70cl / 58.3%,204.17,(£350 per litre),Speyside,,In Stock,https://www.thewhiskyexchange.com/p/84424/mortlach-2003-21-year-old-bourbon-cask-signatory-for-the-whisky-exchange,https://img.thewhiskyexchange.com/380/mtlsig2003v1.jpg?v=202407241,,,245,,4,5,0,4,Vanilla|Hazelnut|Almond|Candied peel|Dried Fruit|Pineapple,Signatory,Scotland,Speyside,Bourbon Barrel,No
2026-01-15 09:17:11,Single Malt,7505,Old Ballantruan,Old Ballantruan,70cl / 50%,38.12,(£65.36 per litre),Speyside,,In Stock,https://www.thewhiskyexchange.com/p/7505/old-ballantruan,https://img.thewhiskyexchange.com/380/bltob.non.jpg?v=202407241,4.5,19,45.75,,3,4,2,3,Smoke|Malt|Praline|Lemon|Hazelnut,Distillery Bottling,Scotland,Speyside,,Yes
2026-01-15 09:17:11,Single Malt,86472,MacPhail's 15 Year Old / Gordon & MacPhail,MacPhail's,70cl / 40%,57.29,(£98.21 per litre),Speyside,,In Stock,https://www.thewhiskyexchange.com/p/86472/macphails-15-year-old-gordon-macphail,https://img.thewhiskyexchange.com/380/malts_mac15yov1.jpg?v=202407241,,,68.75,,3,4,1,4,Toast|Ginger|Pear|Stewed Fruit|Cherry|Dark Chocolate,Gordon & MacPhail,Scotland,Speyside,,
2026-01-15 09:17:11,Single Malt,72588,Lagg Kilmory,Lagg ,70cl / 46%,39.96,(£68.50 per litre),Island,,In Stock,https://www.thewhiskyexchange.com/p/72588/lagg-kilmory,https://img.thewhiskyexchange.com/380/lagob.non2.jpg?v=202407241,4.5,3,47.95,,3,3,3,3,Heather|Smoke|Lemon|Crème Brûlée|Apple|Tobacco,Distillery Bottling,Scotland,Island,Bourbon Barrel,No
2026-01-15 09:17:11,Single Malt,83208,Kingsbarns Distillery Reserve 2024,Kingsbarns,70cl / 58.2%,47.92,(£82.14 per litre),Lowland,,In Stock,https://www.thewhiskyexchange.com/p/83208/kingsbarns-distillery-reserve-2024,https://img.thewhiskyexchange.com/380/kgbob.non8.jpg?v=202407241,,,57.50,,4,3,0,3,Blackberry|Apricot|Sponge cake|Peach|Almond|Cinnamon,Distillery Bottling,Scotland,Lowland,Oloroso Sherry,
2026-01-15 09:17:11,Single Malt,83691,Annandale 2018 / Double Oak Cask 511 / Unpeated Man O' Words,Annandale,70cl / 61.6%,54.12,(£92.79 per litre),Lowland,,In Stock,https://www.thewhiskyexchange.com/p/83691/annandale-2018-double-oak-cask-511-unpeated-man-o-words,https://img.thewhiskyexchange.com/380/annob.2018v5.jpg?v=202407241,,,64.95,,4,3,0,3,Vanilla|Butterscotch|Walnut|Oak|Toffee,Distillery Bottling,Scotland,Lowland,,
2026-01-15 09:17:11,Single Malt,71692,Kilchoman Fino Sherry Cask / 2023 Release,Kilchoman,70cl / 50%,68.12,(£116.79 per litre),Islay,,In Stock,https://www.thewhiskyexchange.com/p/71692/kilchoman-fino-sherry-cask-2023-release,https://img.thewhiskyexchange.com/380/kilob.non51.jpg?v=202407241,,,81.75,,3,2,3,3,Peat smoke|Honeycomb|Candied peel|Toffee|Caramel|Dried Fruit,Distillery Bottling,Scotland,Islay,Fino Sherry,No
2026-01-15 09:17:11,Single Malt,79446,Bruichladdich Islay Barley 2014,Bruichladdich,70cl / 50%,57.46,(£98.50 per litre),Islay,,In Stock,https://www.thewhiskyexchange.com/p/79446/bruichladdich-islay-barley-2014,https://img.thewhiskyexchange.com/380/bruob.2014.jpg?v=202407241,,,68.95,,3,4,0,3,Peach|Oats|Honeycomb|Apricot,Distillery Bottling,Scotland,Islay,,No
2026-01-15 09:17:11,Single Malt,68451,Orkney 2006 / 16 Year Old / The Whisky Exchange,Highland Park,70cl / 57.3%,95.83,(£164.29 per litre),Island,,In Stock,https://www.thewhiskyexchange.com/p/68451/orkney-2006-16-year-old-the-whisky-exchange,https://img.thewhiskyexchange.com/380/hlptwe2006.jpg?v=202407241,,,115,,3,3,2,3,Smoke|Leather|Pear|Lime|Milk Chocolate|Orange,The Whisky Exchange,Scotland,Island,Barrel,
2026-01-15 09:17:11,Single Malt,82547,Kilchoman Port Cask Matured / 2024 Edition,Kilchoman,70cl / 50%,66.62,(£114.21 per litre),Islay,,In Stock,https://www.thewhiskyexchange.com/p/82547/kilchoman-port-cask-matured-2024-edition,https://img.thewhiskyexchange.com/380/kilob.non59.jpg?v=202407241,,,79.95,,4,4,4,4,Figs|Lemon|Dark Chocolate|Ash|Tobacco|Smoke,Distillery Bottling,Scotland,Islay,Port,No
2026-01-15 09:17:11,Single Malt,85065,Balblair 2007 / Single Cask 392 / Bot.2025,Balblair,70cl / 51.3%,130.0,(£222.86 per litre),Highland,,In Stock,https://www.thewhiskyexchange.com/p/85065/balblair-2007-single-cask-392-bot2025,https://img.thewhiskyexchange.com/380/blbob.2007.jpg?v=202407241,,,156,,4,2,0,4,Butterscotch|Nutmeg|Hazelnut|Milk Chocolate|Oak|Vanilla,Distillery Bottling,Scotland,Highland,,
2026-01-15 09:17:11,Single Malt,81885,Deanston 2002 / 20 Year Old / Organic American Oak,Deanston,70cl / 49.7%,150.83,(£258.57 per litre),Highland,,In Stock,https://www.thewhiskyexchange.com/p/81885/deanston-2002-20-year-old-organic-american-oak,https://img.thewhiskyexchange.com/380/dstob.2002v4.jpg?v=202407241,,,181,,4,4,0,3,Anise (star)|Cinnamon|Nutmeg|Peach|Cherry|Coconut,Distillery Bottling,Scotland,Highland,,No
2026-01-15 09:17:11,Single Malt,72933,Glencadam Pinot Noir,Glencadam,70cl / 46%,36.04,(£61.79 per litre),Highland,,In Stock,https://www.thewhiskyexchange.com/p/72933/glencadam-pinot-noir,https://img.thewhiskyexchange.com/380/gcdob.non8.jpg?v=202407241,,,43.25,,4,4,0,4,Stewed Fruit|Blackberry|Liquorice root|Cinnamon|Crystallised ginger,Distillery Bottling,Scotland,Highland,Wine  Finish,No
2026-01-15 09:17:16,Single Malt,85764,Glenburgie 2009 / 16 Year Old / James Eadie,Glenburgie,70cl / 52.5%,60.79,(£104.21 per litre),Speyside,,In Stock,https://www.thewhiskyexchange.com/p/85764/glenburgie-2009-16-year-old-james-eadie,https://img.thewhiskyexchange.com/380/gbgead2009.jpg?v=202407241,,,72.95,,4,3,0,4,Vanilla|Apple|Peach|Oak|Pear|Coconut,James Eadie,Scotland,Speyside,,No
2026-01-15 09:17:16,Single Malt,85923,Linkwood 2014 / 11 Year Old / Single Malts of Scotland,Linkwood,70cl / 48%,49.38,(£84.64 per litre),Speyside,,In Stock,https://www.thewhiskyexchange.com/p/85923/linkwood-2014-11-year-old-single-malts-of-scotland,https://img.thewhiskyexchange.com/380/lkwed.2014.jpg?v=202407241,,,59.25,,4,3,0,3,Wildflowers|Apple|Pear|Candied peel|Lemongrass|Butterscotch,Elixir Distillers,Scotland,Speyside,Refill   Hogshead,No
2026-01-15 09:17:16,Single Malt,80238,Eden Mill Bourbon Cask,Eden Mill,70cl / 46%,46.25,(£79.29 per litre),Lowland,,In Stock,https://www.thewhiskyexchange.com/p/80238/eden-mill-bourbon-cask,https://img.thewhiskyexchange.com/380/edeob.non1.jpg?v=202407241,,,55.50,,2,3,0,2,Vanilla|Cream|Apple|Malt|Milk Chocolate,Distillery Bottling,Scotland,Lowland,Bourbon,No
2026-01-15 09:17:16,Single Malt,82634,Glenfiddich 18 Year Old Perpetual Collection / Vat 4,Glenfiddich,70cl / 47.8%,129.17,(£221.43 per litre),Speyside,,In Stock,https://www.thewhiskyexchange.com/p/82634/glenfiddich-18-year-old-perpetual-collection-vat-4,https://img.thewhiskyexchange.com/380/gfdob.18yov20.jpg?v=202407241,,,155,,4,4,0,3,Apple|Oak|Crème Brûlée|Ginger|Raisins|Cinnamon,Distillery Bottling,Scotland,Speyside,,
2026-01-15 09:17:16,Single Malt,56738,Benromach 21 Year Old,Benromach,70cl / 43%,113.33,(£194.29 per litre),Speyside,,In Stock,https://www.thewhiskyexchange.com/p/56738/benromach-21-year-old,https://img.thewhiskyexchange.com/380/brmob.21yov2.jpg?v=202407241,,,136,,3,2,1,3,Cinnamon|Raspberry|Smoke|Orange|Honey,Distillery Bottling,Scotland,Speyside,First Fill  Sherry,No
2026-01-15 09:17:16,Single Malt,85290,Glentauchers 2009 / 16 Year Old / 100 Proof Exceptional Edition 11 / Signatory,Glentauchers,70cl / 57.1%,61.88,(£106.07 per litre),Speyside,,In Stock,https://www.thewhiskyexchange.com/p/85290/glentauchers-2009-16-year-old-100-proof-exceptional-edition-11-signatory,https://img.thewhiskyexchange.com/380/gtasig2009v1.jpg?v=202407241,,,74.25,,4,3,0,3,Cacao|Coffee|Plums|Fruit Cake,Signatory,Scotland,Speyside,First-fill Oloroso Sherry Butt,No
2026-01-15 09:17:16,Single Malt,68802,Benrinnes 1996 / 26 Year Old / Signatory for The Whisky Exchange,Benrinnes,70cl / 56.7%,190.0,(£325.71 per litre),Speyside,,In Stock,https://www.thewhiskyexchange.com/p/68802/benrinnes-1996-26-year-old-signatory-for-the-whisky-exchange,https://img.thewhiskyexchange.com/380/brnsig1996v4.jpg?v=202407241,,,228,,3,2,0,3,Cinnamon|Vanilla|Apple|Fruit Cake|Cream|Oak,Signatory,Scotland,Speyside,Hogshead,
2026-01-15 09:17:16,Single Malt,56714,Lagavulin 10 Year Old,Lagavulin,70cl / 43%,78.75,(£135 per litre),Islay,,In Stock,https://www.thewhiskyexchange.com/p/56714/lagavulin-10-year-old,https://img.thewhiskyexchange.com/380/lgvob.10yo.jpg?v=202407241,,,94.50,,4,2,3,1,Salt (powder)|Smoke|Almond|Apple,Distillery Bottling,Scotland,Islay,,
2026-01-15 09:17:16,Single Malt,70242,Ledaig 18 Year Old / First Murderer / Murderers Series / Macbeth Act One,Ledaig,70cl / 50.5%,187.5,(£321.43 per litre),Island,,In Stock,https://www.thewhiskyexchange.com/p/70242/ledaig-18-year-old-first-murderer-murderers-series-macbeth-act-one,https://img.thewhiskyexchange.com/380/ldged.18yo.jpg?v=202407241,,,225,,3,2,3,1,Smoke|Iodine (tcp)|Brine|Lemon|White Pepper|Grass,Elixir Distillers,Scotland,Island,,
2026-01-15 09:17:16,Single Malt,69787,Tomintoul Pinot Noir Cask Finish,Tomintoul,70cl / 40%,33.29,(£57.07 per litre),Speyside,,In Stock,https://www.thewhiskyexchange.com/p/69787/tomintoul-pinot-noir-cask-finish,https://img.thewhiskyexchange.com/380/tmtob.non9.jpg?v=202407241,,,39.95,,3,3,0,4,Biscuits|Ginger|Raspberry|Blackcurrant|Caramel|Tobacco,Distillery Bottling,Scotland,Speyside,Pinot Noir Wine  Finish,
2026-01-15 09:17:16,Single Malt,83922,Whitlaw 2013 / 11 Year Old / PX Finish / Signatory for The Whisky Exchange,Highland Park,70cl / 58%,70.79,(£121.36 per litre),Island,,In Stock,https://www.thewhiskyexchange.com/p/83922/whitlaw-2013-11-year-old-px-finish-signatory-for-the-whisky-exchange,https://img.thewhiskyexchange.com/380/hlpsig2013v1.jpg?v=202407241,,,84.95,,4,3,1,2,Dates|Cherry|Figs|Apple|Hazelnut|Smoke,Signatory,Scotland,Island,First Fill PX Sherry Hogshead Finish,No
2026-01-15 09:17:16,Single Malt,81869,Teaninich 11 Year Old / Malaga Finish / James Eadie,Teaninich,70cl / 48.3%,37.71,(£64.64 per litre),Highland,,In Stock,https://www.thewhiskyexchange.com/p/81869/teaninich-11-year-old-malaga-finish-james-eadie,https://img.thewhiskyexchange.com/380/tncead11yo.jpg?v=202407241,,,45.25,,3,4,0,4,Dates|Caramel|Pecan|White Pepper|Honeycomb,James Eadie,Scotland,Highland,Malaga Wine Hogshead Finish,
2026-01-15 09:17:16,Single Malt,79759,Auchroisk 10 Year Old / Bourbon Cask / Gordon & MacPhail Discovery,Auchroisk,70cl / 43%,40.79,(£69.93 per litre),Speyside,,In Stock,https://www.thewhiskyexchange.com/p/79759/auchroisk-10-year-old-bourbon-cask-gordon-macphail-discovery,https://img.thewhiskyexchange.com/380/aukg!m10yo.jpg?v=202407241,,,48.95,,,,,,,Gordon & MacPhail,Scotland,Speyside,Bourbon,
2026-01-15 09:17:16,Single Malt,67088,Glenlivet 21 Year Old / The Sample Room Collection,Glenlivet,70cl / 43%,208.33,(£357.14 per litre),Speyside,,In Stock,https://www.thewhiskyexchange.com/p/67088/glenlivet-21-year-old-the-sample-room-collection,https://img.thewhiskyexchange.com/380/glvob.21yov11.jpg?v=202407241,,,250,,2,3,0,3,Ginger|Pear|Caramel|Dark Chocolate|Peach|Cinnamon,Distillery Bottling,Scotland,Speyside,First Fill,
2026-01-15 09:17:16,Single Malt,1629,Caol Ila Moch,Caol Ila,70cl / 43%,53.29,(£91.36 per litre),Islay,,In Stock,https://www.thewhiskyexchange.com/p/1629/caol-ila-moch,https://img.thewhiskyexchange.com/380/cilob.non2.jpg?v=202407241,4,11,63.95,,2,2,3,3,Lemon|Pineapple|White Pepper|Grass|Toast|Smoke,Distillery Bottling,Scotland,Islay,,Yes
2026-01-15 09:17:16,Single Malt,85986,Ardbeg Traigh Bhan 19 Year Old / Batch 7,Ardbeg,70cl / 50.3%,193.33,(£331.43 per litre),Islay,,In Stock,https://www.thewhiskyexchange.com/p/85986/ardbeg-traigh-bhan-19-year-old-batch-7,https://img.thewhiskyexchange.com/380/abgob.19yov6.jpg?v=202407241,,,232,,4,4,4,3,Coriander seed|Coffee|Earth|Peat smoke,Distillery Bottling,Scotland,Islay,,
2026-01-15 09:17:16,Single Malt,84346,Jura 17 Year Old / Second Murderer / Murderers Series / Macbeth Act Two,Jura,70cl / 48.5%,104.17,(£178.57 per litre),Island,,In Stock,https://www.thewhiskyexchange.com/p/84346/jura-17-year-old-second-murderer-murderers-series-macbeth-act-two,https://img.thewhiskyexchange.com/380/iojed.17yo.jpg?v=202407241,,,125,,4,4,4,2,Almond|Caramel|Honey|Peat smoke|Ash,Elixir Distillers,Scotland,Island,,
2026-01-15 09:17:16,Single Malt,85672,Octomore Edition 16.2 / 5 Year Old / Scottish Barley,Octomore,70cl / 58.1%,129.17,(£221.43 per litre),Islay,,In Stock,https://www.thewhiskyexchange.com/p/85672/octomore-edition-162-5-year-old-scottish-barley,https://img.thewhiskyexchange.com/380/octob.05yov34.jpg?v=202407241,,,155,,4,5,5,4,Peat smoke|Black Pepper|Blackberry|Raisins|Smoke,Distillery Bottling,Scotland,Islay,,No
2026-01-15 09:17:16,Single Malt,65854,Craigellachie 13 Year Old / Armagnac Cask Finish,Craigellachie,70cl / 46%,48.12,(£82.50 per litre),Speyside,,In Stock,https://www.thewhiskyexchange.com/p/65854/craigellachie-13-year-old-armagnac-cask-finish,https://img.thewhiskyexchange.com/380/crgob.13yov1.jpg?v=202407241,5,2,57.75,,3,3,1,4,Pineapple|Apple|Cinnamon|Caramel|Biscuits|Oak,Distillery Bottling,Scotland,Speyside,Armagnac  Finish,No
2026-01-15 09:17:16,Single Malt,85816,Glenturret 15 Year Old / 2025 Release,Glenturret,70cl / 46.5%,131.67,(£225.71 per litre),Highland,,In Stock,https://www.thewhiskyexchange.com/p/85816/glenturret-15-year-old-2025-release,https://img.thewhiskyexchange.com/380/gtuob.15yov14.jpg?v=202407241,,,158,,3,3,0,3,Sultana|Vanilla|Ginger|Cognac|Raisins|Cinnamon,Distillery Bottling,Scotland,Highland,,
2026-01-15 09:17:16,Single Malt,82436,Ardbeg 17 Year Old The Legend Returns / Committee Exclusive,Ardbeg,70cl / 40%,133.33,(£228.57 per litre),Islay,,In Stock,https://www.thewhiskyexchange.com/p/82436/ardbeg-17-year-old-the-legend-returns-committee-exclusive,https://img.thewhiskyexchange.com/380/abgob.17yov7.jpg?v=202407241,,,160,,3,2,3,4,Vanilla|Seashell|Brine|Pine|Dark Chocolate|Smoke,Distillery Bottling,Scotland,Islay,,
2026-01-15 09:17:16,Single Malt,67348,Benriach 22 Year Old Triple Distilled,Benriach,70cl / 46.8%,150.0,(£257.14 per litre),Speyside,,In Stock,https://www.thewhiskyexchange.com/p/67348/benriach-22-year-old-triple-distilled,https://img.thewhiskyexchange.com/380/bnrob.22yov4.jpg?v=202407241,,,180,,3,2,0,2,Cacao|Crème Brûlée|Orange|Vanilla|Sultana,Distillery Bottling,Scotland,Speyside,,
2026-01-15 09:17:16,Single Malt,45730,Old Ballantruan 15 Year Old,Old Ballantruan,70cl / 50%,73.54,(£126.07 per litre),Speyside,,In Stock,https://www.thewhiskyexchange.com/p/45730/old-ballantruan-15-year-old,https://img.thewhiskyexchange.com/380/bltob.15yo.jpg?v=202407241,,,88.25,,3,3,2,2,Smoke|Toffee|Vanilla|Malt|Oak,Distillery Bottling,Scotland,Speyside,,
2026-01-15 09:17:16,Single Malt,3506,Macallan 10 Year Old Fine Oak,Macallan,70cl / 40%,187.5,(£321.43 per litre),Speyside,,In Stock,https://www.thewhiskyexchange.com/p/3506/macallan-10-year-old-fine-oak,https://img.thewhiskyexchange.com/380/macob.10yov6.jpg?v=202407241,4.5,40,225,,2,2,1,2,Oak|Heather|Honey|Malt,Distillery Bottling,Scotland,Speyside,,Yes
2026-01-15 09:17:20,Single Malt,85594,Edradour 2012 / 13 Year Old / Michael Eppan Cabernet Sauvignon,Edradour,70cl / 48.2%,51.25,(£87.86 per litre),Highland,,In Stock,https://www.thewhiskyexchange.com/p/85594/edradour-2012-13-year-old-michael-eppan-cabernet-sauvignon,https://img.thewhiskyexchange.com/380/edrob.2012v11.jpg?v=202407241,,,61.50,,,,,,Wine|Dark Chocolate|Plums|Strawberry,Distillery Bottling,Scotland,Highland,First-fill Michael Eppan Cabernet Sauvignon Wine,No
2026-01-15 09:17:20,Single Malt,81530,Balvenie 2005 / 18 Year Old / Pineau Finish / A Collection of Curious Casks,Balvenie,70cl / 47.9%,245.83,(£421.43 per litre),Speyside,,In Stock,https://www.thewhiskyexchange.com/p/81530/balvenie-2005-18-year-old-pineau-finish-a-collection-of-curious-casks,https://img.thewhiskyexchange.com/380/balob.2005.jpg?v=202407241,,,295,,3,4,0,4,Grape|Butterscotch|Vanilla|Dried Fruit|Nutmeg|Honeysuckle,Distillery Bottling,Scotland,Speyside,Pineau des Charentes  Finish,
2026-01-15 09:17:20,Single Malt,59982,Glen Scotia Double Cask / Small Bottle,Glen Scotia,20cl / 46%,16.62,(£9.98 per 10cl),Campbeltown,,In Stock,https://www.thewhiskyexchange.com/p/59982/glen-scotia-double-cask-small-bottle,https://img.thewhiskyexchange.com/380/gstob.non9.jpg?v=202407241,,,19.95,,3,3,1,4,Nutmeg|Apple|Vanilla|Raisins,Distillery Bottling,Scotland,Campbeltown,Pedro Ximenez Sherry  Finish,
2026-01-15 09:17:20,Single Malt,59411,Glenfiddich 26 Year Old / Grande Couronne Cognac Finish,Glenfiddich,70cl / 43.8%,429.17,(£735.71 per litre),Speyside,,In Stock,https://www.thewhiskyexchange.com/p/59411/glenfiddich-26-year-old-grande-couronne-cognac-finish,https://img.thewhiskyexchange.com/380/gfdob.26yov1.jpg?v=202407241,4.5,2,515,,,,,,,Distillery Bottling,Scotland,Speyside,Cognac  Finish,
2026-01-15 09:17:20,Single Malt,58947,Cragganmore 2008 Distillers Edition / Bot.2020,Cragganmore,70cl / 40%,64.12,(£109.93 per litre),Speyside,,In Stock,https://www.thewhiskyexchange.com/p/58947/cragganmore-2008-distillers-edition-bot2020,https://img.thewhiskyexchange.com/380/cgmob.2008.jpg?v=202407241,,,76.95,,,,,,Cherry|Orange|Stewed Fruit|Oak|Dark Chocolate,Distillery Bottling,Scotland,Speyside,,
2026-01-15 09:17:20,Single Malt,81771,Springbank 1998 / 26 Year Old / Whiskyland Chapter 1,Springbank,70cl / 56.8%,796.67,"(£1,365.71 per litre)",Campbeltown,,In Stock,https://www.thewhiskyexchange.com/p/81771/springbank-1998-26-year-old-whiskyland-chapter-1,https://img.thewhiskyexchange.com/380/sprdec1998.jpg?v=202407241,,,956,,,,,,,Decadent Drinks,Scotland,Campbeltown,First-fill  Sherry Butt,
2026-01-15 09:17:20,Single Malt,86066,Annandale 2017 / Fresh Bourbon Cask 1108 / Peated Man O'Sword,Annandale,70cl / 58.3%,51.04,(£87.50 per litre),Lowland,,In Stock,https://www.thewhiskyexchange.com/p/86066/annandale-2017-fresh-bourbon-cask-1108-peated-man-osword,https://img.thewhiskyexchange.com/380/annob.2017v20.jpg?v=202407241,,,61.25,,,,,,,Distillery Bottling,Scotland,Lowland,Bourbon,
2026-01-15 09:17:20,Single Malt,83919,Macallan 1997 / 27 Year Old / Cask #4359 / Speymalt / Gordon & MacPhail,Macallan,70cl / 57.2%,413.33,(£708.57 per litre),Speyside,,In Stock,https://www.thewhiskyexchange.com/p/83919/macallan-1997-27-year-old-cask-4359-speymalt-gordon-macphail,https://img.thewhiskyexchange.com/380/macg!m1997v3.jpg?v=202407241,,,496,,4,4,0,3,Wheat|Coffee|Toffee|Pineapple|Pear|Bergamot,Gordon & MacPhail,Scotland,Speyside,,
2026-01-15 09:17:20,Single Malt,38761,Jura Tastival 2017,Jura,70cl / 51%,74.96,(£128.50 per litre),Island,,In Stock,https://www.thewhiskyexchange.com/p/38761/jura-tastival-2017,https://img.thewhiskyexchange.com/380/iojob.non10.jpg?v=202407241,,,89.95,,,,,,Orange|Walnut|Pineapple|Blackcurrant,Distillery Bottling,Scotland,Island,,Yes
2026-01-15 09:17:20,Single Malt,73228,Glen Spey 12 Year Old / Flora & Fauna,Glen Spey,70cl / 43%,49.79,(£85.36 per litre),Speyside,,In Stock,https://www.thewhiskyexchange.com/p/73228/glen-spey-12-year-old-flora-fauna,https://img.thewhiskyexchange.com/380/gsyob.12yov1.jpg?v=202407241,,,59.75,,,,,,,Distillery Bottling,Scotland,Speyside,,Yes
2026-01-15 09:17:20,Single Malt,73487,Bowmore 29 Year Old / Timeless Series,Bowmore,70cl / 53.7%,1541.67,"(£2,642.86 per litre)",Islay,,In Stock,https://www.thewhiskyexchange.com/p/73487/bowmore-29-year-old-timeless-series,https://img.thewhiskyexchange.com/380/bowob.29yo.jpg?v=202407241,,,1850,,4,4,3,3,Sherry|Raisins|Orange|Milk Chocolate|Salt (powder)|Peat smoke,Distillery Bottling,Scotland,Islay,First-fill Oloroso Sherry  Finish,
2026-01-15 09:17:20,Single Malt,84618,AnCnoc 10 Year Old Peated,AnCnoc,70cl / 40%,44.79,(£76.79 per litre),Highland,,In Stock,https://www.thewhiskyexchange.com/p/84618/ancnoc-10-year-old-peated,https://img.thewhiskyexchange.com/380/ancob.10yo.jpg?v=202407241,,,53.75,,4,3,3,3,Malt|Honey|Peat smoke|Apple|Oak,Distillery Bottling,Scotland,Highland,,
2026-01-15 09:17:20,Single Malt,43568,Macallan Gold / 1824 Series,Macallan,70cl / 40%,249.17,(£427.14 per litre),Speyside,,In Stock,https://www.thewhiskyexchange.com/p/43568/macallan-gold-1824-series,https://img.thewhiskyexchange.com/380/macob.non105.jpg?v=202407241,,,299,,4,4,0,3,,Distillery Bottling,Scotland,Speyside,,
2026-01-15 09:17:20,Single Malt,67067,Ballechin 10 Year Old / Small Bottle,Ballechin,20cl / 40%,18.96,(£11.37 per 10cl),Highland,,In Stock,https://www.thewhiskyexchange.com/p/67067/ballechin-10-year-old-small-bottle,https://img.thewhiskyexchange.com/380/blcob.10yov1.jpg?v=202407241,,,22.75,,4,3,3,2,Smoke|Earth|Heather|Oak|Dark Chocolate,Distillery Bottling,Scotland,Highland,,No
2026-01-15 09:17:20,Single Malt,85761,Glenlossie 2009 / 16 Year Old / James Eadie,Glenlossie,70cl / 52.4%,54.96,(£94.21 per litre),Speyside,,In Stock,https://www.thewhiskyexchange.com/p/85761/glenlossie-2009-16-year-old-james-eadie,https://img.thewhiskyexchange.com/380/gloead2009.jpg?v=202407241,,,65.95,,3,3,0,3,Apple|Malt|Wildflowers|Fennel|Grass|Honey,James Eadie,Scotland,Speyside,,No
2026-01-15 09:17:20,Single Malt,81817,Dalmore Spey Dram / Season 2011 / Rivers Collection,Dalmore,70cl / 40%,270.83,(£464.29 per litre),Highland,,In Stock,https://www.thewhiskyexchange.com/p/81817/dalmore-spey-dram-season-2011-rivers-collection,https://img.thewhiskyexchange.com/380/dlmob.non26.jpg?v=202407241,,,325,,,,,,,Distillery Bottling,Scotland,Highland,,
2026-01-15 09:17:20,Single Malt,81196,Mac-Talla Flora / Islay Single Malt,Mac-Talla,70cl / 48.2%,45.79,(£78.50 per litre),Islay,,In Stock,https://www.thewhiskyexchange.com/p/81196/mac-talla-flora-islay-single-malt,https://img.thewhiskyexchange.com/380/malts_mac30.jpg?v=202407241,,,54.95,,3,3,4,2,Heather|Oak|Almond|Hazelnut|Honey|Peat smoke,,Scotland,Islay,,No
2026-01-15 09:17:20,Single Malt,82616,Glenfarclas 2000 / 24 Year Old / Millennium Cask #12,Glenfarclas,70cl / 47.4%,425.0,(£728.57 per litre),Speyside,,In Stock,https://www.thewhiskyexchange.com/p/82616/glenfarclas-2000-24-year-old-millennium-cask-12,https://img.thewhiskyexchange.com/380/gfcob.2000v1.jpg?v=202407241,,,510,,4,4,0,2,Apricot|Sherry|Hazelnut|Walnut|Stewed Fruit|Toffee,Distillery Bottling,Scotland,Speyside,,
2026-01-15 09:17:20,Single Malt,86005,Laphroaig 2011 / 13 Year Old / Duncan Taylor Octave,Laphroaig,70cl / 54.6%,124.17,(£212.86 per litre),Islay,,In Stock,https://www.thewhiskyexchange.com/p/86005/laphroaig-2011-13-year-old-duncan-taylor-octave,https://img.thewhiskyexchange.com/380/lrgdt.2011.jpg?v=202407241,,,149,,,,,,Iodine (tcp)|Lemon|Cinnamon|Black Pepper|Oak,Duncan Taylor,Scotland,Islay,Finish,No
2026-01-15 09:17:20,Single Malt,8844,Aberlour 16 Year Old Double Cask (43%),Aberlour,70cl / 43%,87.5,(£150 per litre),Speyside,,In Stock,https://www.thewhiskyexchange.com/p/8844/aberlour-16-year-old-double-cask-43,https://img.thewhiskyexchange.com/380/ablob.16yo.jpg?v=202407241,4.5,20,105,,,,,,,Distillery Bottling,Scotland,Speyside,,Yes
2026-01-15 09:17:20,Single Malt,82141,Clynelish 1995 / 28 Year Old / Cask #11250 / Signatory Symington’s Choice,Clynelish,70cl / 53.5%,382.5,(£655.71 per litre),Highland,,In Stock,https://www.thewhiskyexchange.com/p/82141/clynelish-1995-28-year-old-cask-11250-signatory-symingtons-choice,https://img.thewhiskyexchange.com/380/clysig1995v22.jpg?v=202407241,,,459,,4,4,0,3,Wax|Dried Fruit|Dark Chocolate|Caramel|Sherry,Signatory,Scotland,Highland,Oloroso Sherry Butt,
2026-01-15 09:17:20,Single Malt,63826,Braeval 2000 / 21 Year Old / Signatory,Braes of Glenlivet (Braeval),70cl / 60.3%,176.67,(£302.86 per litre),Speyside,,In Stock,https://www.thewhiskyexchange.com/p/63826/braeval-2000-21-year-old-signatory,https://img.thewhiskyexchange.com/380/brvsig2000v1.jpg?v=202407241,,,212,,,,,,,Signatory,Scotland,Speyside,Refill   Sherry Butt,No
2026-01-15 09:17:20,Single Malt,84590,Glen Scotia 9 Year Old / Red Wine Cask / Campbeltown Festival 2025,Glen Scotia,70cl / 54.3%,54.12,(£92.79 per litre),Campbeltown,,In Stock,https://www.thewhiskyexchange.com/p/84590/glen-scotia-9-year-old-red-wine-cask-campbeltown-festival-2025,https://img.thewhiskyexchange.com/380/gstob.09yov1.jpg?v=202407241,,,64.95,,4,3,4,3,Blackberry|Papaya|Smoke|Raspberry,Distillery Bottling,Scotland,Campbeltown,Ribera del Duero Red Wine,No
2026-01-15 09:17:20,Single Malt,72934,Smokehead Twisted Stout,Smokehead,70cl / 43%,37.46,(£64.21 per litre),Highland,,In Stock,https://www.thewhiskyexchange.com/p/72934/smokehead-twisted-stout,https://img.thewhiskyexchange.com/380/malts_smo7.jpg?v=202407241,,,44.95,,,,,,Smoke|Dark Chocolate|Vanilla|Caramel,,Scotland,Islay,Stout Beer,
2026-01-15 09:17:24,Single Malt,68537,Auchentoshan Dark Oak / Litre,Auchentoshan,100cl / 43%,55.21,,Lowland,,In Stock,https://www.thewhiskyexchange.com/p/68537/auchentoshan-dark-oak-litre,https://img.thewhiskyexchange.com/380/aucob.non25.jpg?v=202407241,,,,,,,,,,,,,,
2026-01-15 09:17:24,Single Malt,85404,"Glengoyne Time Capsule Trio Pack / White Oak 12 Year Old, 15yo / 3x20cl",Glengoyne,60cl / 44.6%,51.88,(£103.75 per litre),Highland,,In Stock,https://www.thewhiskyexchange.com/p/85404/glengoyne-time-capsule-trio-pack-white-oak-12-year-old-15-year-old-3x20cl,https://img.thewhiskyexchange.com/380/sets_sm_ggo3.jpg?v=202407241,,,62.25,,,,,,,Distillery Bottling,Scotland,Highland,,
2026-01-15 09:17:24,Single Malt,84846,Bunnahabhain 15 Year Old / Turas Math #1 / Westering Home Collection,Bunnahabhain,70cl / 55.9%,120.83,(£207.14 per litre),Islay,,In Stock,https://www.thewhiskyexchange.com/p/84846/bunnahabhain-15-year-old-turas-math-1-westering-home-collection,https://img.thewhiskyexchange.com/380/bunob.15yo.jpg?v=202407241,,,145,,,,,,Cherry|Plums|Sherry|Blackberry|Clove,Distillery Bottling,Scotland,Islay,,No
2026-01-15 09:17:24,Single Malt,85616,Dailuaine 21 Year Old / Special Releases 2025,Dailuaine,70cl / 54.3%,279.17,(£478.57 per litre),Speyside,,In Stock,https://www.thewhiskyexchange.com/p/85616/dailuaine-21-year-old-special-releases-2025,https://img.thewhiskyexchange.com/380/dlnob.21yo.jpg?v=202407241,,,335,,4,4,0,3,Chestnut|Black Pepper|Dried Fruit|Cherry|Dark Chocolate|Sultana,Distillery Bottling,Scotland,Speyside,,
2026-01-15 09:17:24,Single Malt,86699,Benriach 2013 / 12 Year Old / Signatory 100 Proof Edition 69,Benriach,70cl / 57.1%,41.04,(£70.36 per litre),Speyside,,In Stock,https://www.thewhiskyexchange.com/p/86699/benriach-2013-12-year-old-signatory-100-proof-edition-69,https://img.thewhiskyexchange.com/380/bnrsig2013.jpg?v=202407241,,,49.25,,,,,,,Signatory,Scotland,Speyside,,No
2026-01-15 09:17:24,Single Malt,81607,Ledaig 2006 / 17 Year Old / The Seasons: Autumn / The Whisky Exchange,Ledaig,70cl / 55.4%,200.0,(£271.43 per litre),Island,Special Offer: £50 Off!,In Stock,https://www.thewhiskyexchange.com/p/81607/ledaig-2006-17-year-old-the-seasons-autumn-the-whisky-exchange,https://img.thewhiskyexchange.com/380/ldgtwe2006v2.jpg?v=202407241,,,190,240,4,5,4,3,Vanilla|Caramel|Peat smoke|Ginger|Apple|Brine,The Whisky Exchange,Scotland,Island,Butt,
2026-01-15 09:17:24,Single Malt,71467,Glenmorangie 12 Year Old / Palo Cortado Finish,Glenmorangie,70cl / 46%,62.92,(£79.29 per litre),Highland,Special Offer: £20 Off!,In Stock,https://www.thewhiskyexchange.com/p/71467/glenmorangie-12-year-old-palo-cortado-finish,https://img.thewhiskyexchange.com/380/gmgob.12yov20.jpg?v=202407241,,,55.50,75.50,3,2,0,3,Milk Chocolate|Vanilla|Plums|Oak|Walnut,Distillery Bottling,Scotland,Highland,Palo Cortado Sherry  Finish,
2026-01-15 09:17:24,Single Malt,81624,Dalmunach 2015 / 4 Year Old / Cask #242140 / Distillery Reserve Collection,Dalmunach,50cl / 59%,70.79,(£145 per litre),Speyside,Clearance Offer: £12.45 Off!,In Stock,https://www.thewhiskyexchange.com/p/81624/dalmunach-2015-4-year-old-cask-242140-distillery-reserve-collection,https://img.thewhiskyexchange.com/380/dmnob.2015.jpg?v=202407241,,,72.50,84.95,3,3,0,3,Apple|Lemon|Pear|Vanilla,Distillery Bottling,,,First-fill   Barrel,
2026-01-15 09:17:24,Single Malt,81514,Ben Nevis 2013 / 10 Year Old / Dawn Davies / Whisky Show 2024,Ben Nevis,70cl / 60.2%,59.96,(£81.36 per litre),Highland,Special Offer: £15 Off!,In Stock,https://www.thewhiskyexchange.com/p/81514/ben-nevis-2013-10-year-old-dawn-davies-whisky-show-2024,https://img.thewhiskyexchange.com/380/bnvtwe2013.jpg?v=202407241,,,56.95,71.95,3,2,0,3,Peach|Cinnamon|Caramel|Fudge|Dried Fruit,,Scotland,Highland,,
2026-01-15 09:17:24,Single Malt,79723,Braeval 1995 / 28 Year Old / Cask 79775 / Lost In Time Series,Braes of Glenlivet (Braeval),70cl / 62.6%,445.83,(£592.86 per litre),Speyside,Special Offer: £120 Off!,In Stock,https://www.thewhiskyexchange.com/p/79723/braeval-1995-28-year-old-cask-79775-lost-in-time-series,https://img.thewhiskyexchange.com/380/brvob.1995.jpg?v=202407241,,,415,535,4,4,0,3,Toffee|Coconut|Pear|White chocolate|Raspberry|Pastries,Distillery Bottling,Scotland,Speyside,First-fill   Barrel,
2026-01-15 09:17:24,Single Malt,72740,Balblair 21 Year Old,Balblair,70cl / 46%,250.0,(£335.71 per litre),Highland,Special Offer: £65 Off!,In Stock,https://www.thewhiskyexchange.com/p/72740/balblair-21-year-old,https://img.thewhiskyexchange.com/380/blbob.21yo.jpg?v=202407241,,,235,300,4,4,0,4,Ginger|Bread|Prunes|Walnut|Cinnamon|Mango,Distillery Bottling,Scotland,Highland,Oloroso,No
2026-01-15 09:17:24,Single Malt,68625,Clynelish 12 Year Old / Sherry Cask Finish / Special Releases 2022,Clynelish,70cl / 58.5%,145.83,(£235.71 per litre),Highland,Special Offer: £10 Off!,In Stock,https://www.thewhiskyexchange.com/p/68625/clynelish-12-year-old-sherry-cask-finish-special-releases-2022,https://img.thewhiskyexchange.com/380/clyob.12yov19.jpg?v=202407241,,,165,175,,,,,,,Scotland,Highland,Sherry  Finish,
2026-01-15 09:17:24,Single Malt,84897,Edradour 2012 / 12 Year Old / Bordeaux Matured Small Batch,Edradour,70cl / 48.2%,50.79,(£87.07 per litre),Highland,,In Stock,https://www.thewhiskyexchange.com/p/84897/edradour-2012-12-year-old-bordeaux-matured-small-batch,https://img.thewhiskyexchange.com/380/edrob.2012v9.jpg?v=202407241,,,60.95,,,,,,Blackberry|Raspberry|Earth|Oil|Clove,Distillery Bottling,Scotland,Highland,,No
2026-01-15 09:17:24,Single Malt,69950,Benriach 2013 Malting Season / Second Edition,Benriach,70cl / 48.9%,89.17,(£152.86 per litre),Speyside,,In Stock,https://www.thewhiskyexchange.com/p/69950/benriach-2013-malting-season-second-edition,https://img.thewhiskyexchange.com/380/bnrob.2013.jpg?v=202407241,,,107,,2,3,0,4,Malt|Honey|Vanilla|Apple|Orange|Cream,Distillery Bottling,Scotland,Speyside,First-fill  Bourbon,
2026-01-15 09:17:24,Single Malt,12052,Singleton of Dufftown 15 Year Old,Dufftown,70cl / 40%,42.71,(£73.21 per litre),Speyside,,In Stock,https://www.thewhiskyexchange.com/p/12052/singleton-of-dufftown-15-year-old,https://img.thewhiskyexchange.com/380/dufob.15yov1.jpg?v=202407241,4.5,7,51.25,,3,2,0,3,Vanilla|Ginger|Apple|Melon,Distillery Bottling,Scotland,Speyside,,Yes
2026-01-15 09:17:24,Single Malt,86335,Lochlea Red Wine Cask,Lochlea,70cl / 46%,44.79,(£76.79 per litre),Lowland,,In Stock,https://www.thewhiskyexchange.com/p/86335/lochlea-red-wine-cask,https://img.thewhiskyexchange.com/380/lolob.non20.jpg?v=202407241,,,53.75,,2,2,0,2,Redcurrant|Jam|Cherry|Vanilla|Shortbread,Distillery Bottling,Scotland,Lowland,Grenache Wine  Finish,No
2026-01-15 09:17:24,Single Malt,4937,Tomintoul 10 Year Old,Tomintoul,70cl / 40%,31.88,(£54.64 per litre),Speyside,,In Stock,https://www.thewhiskyexchange.com/p/4937/tomintoul-10-year-old,https://img.thewhiskyexchange.com/380/tmtob.10yov1.jpg?v=202407241,4.5,10,38.25,,3,4,0,4,Vanilla|Black Pepper|Honey|Toffee,Distillery Bottling,Scotland,,,Yes
2026-01-15 09:17:24,Single Malt,86683,Knockdhu 2014 / 10 Year Old / PX Finish Cask 170318 / Single Cask Nation,Knockdhu,70cl / 58%,61.62,(£105.64 per litre),Speyside,,In Stock,https://www.thewhiskyexchange.com/p/86683/knockdhu-2014-10-year-old-px-finish-cask-170318-single-cask-nation,https://img.thewhiskyexchange.com/380/kduscn2014.jpg?v=202407241,,,73.95,,3,4,,2,Hazelnut|Toffee|Cherry|Dark Chocolate|Orange,Single Cask Nation,Scotland,Speyside,Pedro Ximenez Sherry  Finish,No
2026-01-15 09:17:24,Single Malt,82137,Lindores Abbey Thiron Single Malt Whisky,Lindores Abbey,70cl / 49.4%,50.62,(£86.79 per litre),Lowland,,In Stock,https://www.thewhiskyexchange.com/p/82137/lindores-abbey-thiron-single-malt-whisky,https://img.thewhiskyexchange.com/380/linob.non11.jpg?v=202407241,,,60.75,,3,2,0,4,Vanilla|Butterscotch|Plums,Distillery Bottling,Scotland,Lowland,,
2026-01-15 09:17:24,Single Malt,73071,Glen Moray 2015 Rioja Matured / Warehouse 1 Release,Glen Moray,70cl / 59.8%,70.79,(£121.36 per litre),Speyside,,In Stock,https://www.thewhiskyexchange.com/p/73071/glen-moray-2015-rioja-matured-warehouse-1-release,https://img.thewhiskyexchange.com/380/gmyob.2015.jpg?v=202407241,,,84.95,,3,3,0,4,Cherry|Plums|Caramel|Oak|Tobacco|Vanilla,Distillery Bottling,Scotland,Speyside,,No
2026-01-15 09:17:24,Single Malt,84318,Tomintoul 2009 / 14 Year Old / PX Quarter Cask Finish,Tomintoul,70cl / 46%,82.92,(£142.14 per litre),Highland,,In Stock,https://www.thewhiskyexchange.com/p/84318/tomintoul-2009-14-year-old-px-quarter-cask-finish,https://img.thewhiskyexchange.com/380/tmtob.2009v2.jpg?v=202407241,,,99.50,,4,4,0,4,Coffee|Nutmeg|Dates|Sponge cake|Dark Chocolate,Distillery Bottling,Scotland,Speyside,Pedro Ximenez  Sherry  Finish,No
2026-01-15 09:17:24,Single Malt,86435,Adelphi's Highland 10 Year Old (Teaninich),Teaninich,70cl / 46%,39.12,(£67.07 per litre),Highland,,In Stock,https://www.thewhiskyexchange.com/p/86435/adelphis-highland-10-year-old-teaninich,https://img.thewhiskyexchange.com/380/tncadl10yo.jpg?v=202407241,,,46.95,,3,4,0,4,Cherry|Sultana|Nutmeg,Adelphi,Scotland,Highland,,No
2026-01-15 09:17:24,Single Malt,86298,Blair Athol 2013 / 12 Year Old / Cask 303637 / Berry Bros & Rudd Odyssey Range,Blair Athol,70cl / 57.8%,74.96,(£128.50 per litre),Highland,,In Stock,https://www.thewhiskyexchange.com/p/86298/blair-athol-2013-12-year-old-cask-303637-berry-bros-rudd-odyssey-range,https://img.thewhiskyexchange.com/380/blabbr2013.jpg?v=202407241,,,89.95,,3,3,0,1,Plums|Clove|Milk Chocolate|Black tea|Nougat|Orange,Berry Bros & Rudd,Scotland,Highland,Margaux  Hogshead Finish,No
2026-01-15 09:17:24,Single Malt,85777,Lochlea Orchard and Oak / Single Estate Collection,Lochlea,70cl / 46%,40.79,(£69.93 per litre),Lowland,,In Stock,https://www.thewhiskyexchange.com/p/85777/lochlea-orchard-and-oak-single-estate-collection,https://img.thewhiskyexchange.com/380/lolob.non17.jpg?v=202407241,,,48.95,,3,3,0,3,Apple|Pastries|Oak|Caramel|Grass,Distillery Bottling,Scotland,Lowland,,No
2026-01-15 09:17:28,Single Malt,80815,Bladnoch 19 Year Old,Bladnoch,70cl / 46.7%,162.5,(£278.57 per litre),Lowland,,In Stock,https://www.thewhiskyexchange.com/p/80815/bladnoch-19-year-old,https://img.thewhiskyexchange.com/380/bdnob.19yov4.jpg?v=202407241,,,195,,3,2,0,3,Apricot|Almond|Nutmeg|Liquorice allsorts|Oak|Dried Fruit,Distillery Bottling,Scotland,Lowland,,No
2026-01-15 09:17:28,Single Malt,73156,Glenallachie 2012 / 10 Year Old / Cuvee Wine Cask Finish,Glenallachie,70cl / 48%,48.54,(£83.21 per litre),Speyside,,In Stock,https://www.thewhiskyexchange.com/p/73156/glenallachie-2012-10-year-old-cuvee-wine-cask-finish,https://img.thewhiskyexchange.com/380/gleob.2012v2.jpg?v=202407241,,,58.25,,3,4,0,3,Caramel|Biscuits|Peardrops|Cinnamon|Apple|Cherry,Distillery Bottling,Scotland,Speyside,Finish,No
2026-01-15 09:17:28,Single Malt,86802,Secret Lowland 11 Year Old / Gleann Mor Rare Find,Undisclosed Distillery,70cl / 65.6%,62.46,(£107.07 per litre),Lowland,,In Stock,https://www.thewhiskyexchange.com/p/86802/secret-lowland-11-year-old-gleann-mor-rare-find,https://img.thewhiskyexchange.com/380/malts_glm2013v4.jpg?v=202407241,,,74.95,,3,3,0,3,Toffee|Raisins|Apple|Cinnamon|Dried Fruit,Gleann Mor,Scotland,Lowland,,No
2026-01-15 09:17:28,Single Malt,84630,Port Askaig 15 Year Old / 2024 Release,Port Askaig,70cl / 50.5%,90.83,(£155.71 per litre),Islay,,In Stock,https://www.thewhiskyexchange.com/p/84630/port-askaig-15-year-old-2024-release,https://img.thewhiskyexchange.com/380/malts_por15yo.jpg?v=202407241,,,109,,4,3,4,3,Lemongrass|Peat smoke|Honeysuckle|Marshmallow|Toffee|Oil,Distillery Bottling,Scotland,Islay,,No
2026-01-15 09:17:28,Single Malt,55701,Arran Sauternes Cask Finish,Arran,70cl / 50%,47.46,(£81.36 per litre),Island,,In Stock,https://www.thewhiskyexchange.com/p/55701/arran-sauternes-cask-finish,https://img.thewhiskyexchange.com/380/arrob.non75.jpg?v=202407241,3,2,56.95,,3,2,0,3,Apricot|Honey|Vanilla|Sultana|Orange|Salt (powder),Distillery Bottling,Scotland,Island,Sauternes    Finish,No
2026-01-15 09:17:28,Single Malt,86473,MacPhail's 21 Year Old / Gordon & MacPhail,MacPhail's,70cl / 40%,81.25,(£139.29 per litre),Speyside,,In Stock,https://www.thewhiskyexchange.com/p/86473/macphails-21-year-old-gordon-macphail,https://img.thewhiskyexchange.com/380/malts_mac21yo.jpg?v=202407241,,,97.50,,3,4,1,3,Toast|Oak|Orange|Chestnut|Anise (star)|Cardamom,Gordon & MacPhail,Scotland,Speyside,,
2026-01-15 09:17:28,Single Malt,85904,Lochlea 2019 / 5 Year Old / The Heart Cut,Lochlea,50cl / 54%,44.58,(£107 per litre),Lowland,,In Stock,https://www.thewhiskyexchange.com/p/85904/lochlea-2019-5-year-old-the-heart-cut,https://img.thewhiskyexchange.com/380/lolthc2019.jpg?v=202407241,,,53.50,,3,3,3,3,Apple|Chilli|Barbecue sauce|Pineapple|Smoke|Grass,The Heart Cut,Scotland,Lowland,Peated Islay Whisky,
2026-01-15 09:17:28,Single Malt,83520,Tomatin 2015 / 9 Year Old / Refil Cask Vatting / Gleann Mor Rare Find,Tomatin,70cl / 58.3%,41.62,(£71.36 per litre),Highland,,In Stock,https://www.thewhiskyexchange.com/p/83520/tomatin-2015-9-year-old-refil-cask-vatting-gleann-mor-rare-find,https://img.thewhiskyexchange.com/380/tomglm2015.jpg?v=202407241,,,49.95,,4,3,0,3,Apple|Honey|Oak|Cinnamon|Vanilla|Hazelnut,Gleann Mor,Scotland,Highland,,No
2026-01-15 09:17:28,Single Malt,54403,Caperdonich 21 Year Old / Secret Speyside,Caperdonich,70cl / 48%,216.67,(£371.43 per litre),Speyside,,In Stock,https://www.thewhiskyexchange.com/p/54403/caperdonich-21-year-old-secret-speyside,https://img.thewhiskyexchange.com/380/capob.21yov1.jpg?v=202407241,,,260,,3,1,0,3,Orange|Lemon|Vanilla|Pear,Distillery Bottling,Scotland,Speyside,1st Fill   Barrel,
2026-01-15 09:17:28,Single Malt,2068,Glenfarclas 21 Year Old,Glenfarclas,70cl / 43%,165.0,(£282.86 per litre),Speyside,,In Stock,https://www.thewhiskyexchange.com/p/2068/glenfarclas-21-year-old,https://img.thewhiskyexchange.com/380/gfcob.21yo.jpg?v=202407241,4.5,17,198,,4,4,0,4,Vanilla|Liquorice root|Brioche|Cinnamon|Dried Fruit|Apple,Distillery Bottling,Scotland,Speyside,,No
2026-01-15 09:17:28,Single Malt,86685,Glen Grant 2006 / 18 Year Old / Char Oak Barrel / Single Cask Nation,Glen Grant,70cl / 57.6%,95.0,(£162.86 per litre),Speyside,,In Stock,https://www.thewhiskyexchange.com/p/86685/glen-grant-2006-18-year-old-char-oak-barrel-single-cask-nation,https://img.thewhiskyexchange.com/380/ggtscn2006.jpg?v=202407241,,,114,,2,2,,3,Pear|Peach|Custard,Single Cask Nation,Scotland,Speyside,Refill   Barrel,No
2026-01-15 09:17:28,Single Malt,67786,Linkwood 2006 / 16 Year Old / The Whisky Show 2022,Linkwood,70cl / 56.5%,73.29,(£125.64 per litre),Speyside,,In Stock,https://www.thewhiskyexchange.com/p/67786/linkwood-2006-16-year-old-the-whisky-show-2022,https://img.thewhiskyexchange.com/380/lkwtwe2006.jpg?v=202407241,4.5,2,87.95,,3,2,0,3,Orange|Lemon|Elderflower|Pear|Biscuits|Apple,Elixir Distillers,Scotland,Speyside,Hogshead,
2026-01-15 09:17:28,Single Malt,83090,Tomatin 2011 / Discovery Series / Gordon & MacPhail,Tomatin,70cl / 43%,40.79,(£69.93 per litre),Highland,,In Stock,https://www.thewhiskyexchange.com/p/83090/tomatin-2011-discovery-series-gordon-macphail,https://img.thewhiskyexchange.com/380/tomg!m2011.jpg?v=202407241,,,48.95,,4,3,0,3,Peach|Melon|Mixed Herb|Banana|Apple|Gooseberry,Gordon & MacPhail,Scotland,Highland,Bourbon,
2026-01-15 09:17:28,Single Malt,64789,Tamdhu Quercus Alba Distinction / Release 1,Tamdhu,70cl / 48%,53.96,(£92.50 per litre),Speyside,,In Stock,https://www.thewhiskyexchange.com/p/64789/tamdhu-quercus-alba-distinction-release-1,https://img.thewhiskyexchange.com/380/tamob.non9.jpg?v=202407241,5,2,64.75,,3,2,0,3,Plums|Dates|Cinnamon|Oak|Cherry|Dark Chocolate,Distillery Bottling,Scotland,Speyside,Oloroso Sherry,No
2026-01-15 09:17:28,Single Malt,85201,Dalmunach 2018 / 6 Year Old / 1st Fill Bourbon / Carn Mor Strictly Limited,Dalmunach,70cl / 47.5%,42.92,(£73.57 per litre),Speyside,,In Stock,https://www.thewhiskyexchange.com/p/85201/dalmunach-2018-6-year-old-1st-fill-bourbon-carn-mor-strictly-limited,https://img.thewhiskyexchange.com/380/dmncrn2018.jpg?v=202407241,,,51.50,,3,3,0,2,Malt|Pastries|Almond|Grape|Apple|Vanilla,Carn Mor,Scotland,Speyside,First-fill  Bourbon,No
2026-01-15 09:17:28,Single Malt,55343,Glen Keith 21 Year Old / Secret Speyside,Glen Keith,70cl / 43%,151.67,(£260 per litre),Speyside,,In Stock,https://www.thewhiskyexchange.com/p/55343/glen-keith-21-year-old-secret-speyside,https://img.thewhiskyexchange.com/380/gktob.21yo.jpg?v=202407241,,,182,,2,1,0,3,Apple|Lemon|Peach|Marzipan|Vanilla|Toffee,Distillery Bottling,Scotland,Speyside,,
2026-01-15 09:17:28,Single Malt,85177,Ardnamurchan Cask Strength / 2025 Release,Ardnamurchan,70cl / 57.7%,53.96,(£92.50 per litre),Highland,,In Stock,https://www.thewhiskyexchange.com/p/85177/ardnamurchan-cask-strength-2025-release,https://img.thewhiskyexchange.com/380/amcob.non28.jpg?v=202407241,,,64.75,,4,4,3,3,Vanilla|Earth|Peat smoke|Apple|Mango|White Pepper,Distillery Bottling,Scotland,Highland,,No
2026-01-15 09:17:28,Single Malt,45979,Arran Machrie Moor Cask Strength / Peated,Arran,70cl / 56.2%,49.58,(£85 per litre),Island,,In Stock,https://www.thewhiskyexchange.com/p/45979/arran-machrie-moor-cask-strength-peated,https://img.thewhiskyexchange.com/380/arrob.non62.jpg?v=202407241,4.5,5,59.50,,3,4,2,2,Smoke|Lemon|Pineapple|Grass|Brioche|Vanilla,Distillery Bottling,Scotland,Island,,No
2026-01-15 09:17:28,Single Malt,63274,Macallan The Harmony Collection Rich Cacao,Macallan,70cl / 44%,183.33,(£314.29 per litre),Speyside,,In Stock,https://www.thewhiskyexchange.com/p/63274/macallan-the-harmony-collection-rich-cacao,https://img.thewhiskyexchange.com/380/macob.non161.jpg?v=202407241,3.5,3,220,,2,3,0,3,Vanilla|Dark Chocolate|Honey|Dates|Ginger|Oak,Distillery Bottling,Scotland,Speyside,Sherry,No
2026-01-15 09:17:28,Single Malt,68201,Glen Moray 2014 / Oloroso Cask / Warehouse 1 Release,Glen Moray,70cl / 60%,64.58,(£110.71 per litre),Speyside,,In Stock,https://www.thewhiskyexchange.com/p/68201/glen-moray-2014-oloroso-cask-warehouse-1-release,https://img.thewhiskyexchange.com/380/gmyob.2014.jpg?v=202407241,,,77.50,,3,2,0,3,Dried Fruit|Hazelnut|Liquorice root|Blackberry|Leaves|Oak,Distillery Bottling,Scotland,Speyside,Oloroso Sherry,No
2026-01-15 09:17:28,Single Malt,56298,Glenkinchie 2007 Distillers Edition / Bot.2019,Glenkinchie,70cl / 43%,59.96,(£102.79 per litre),Lowland,,In Stock,https://www.thewhiskyexchange.com/p/56298/glenkinchie-2007-distillers-edition-bot2019,https://img.thewhiskyexchange.com/380/gkcob.2007.jpg?v=202407241,,,71.95,,2,2,0,2,Apple|Grass|White Pepper|Vanilla|Lime,Distillery Bottling,Scotland,Lowland,Amontillado Sherry,
2026-01-15 09:17:28,Single Malt,66882,Ardnamurchan AD Single Malt,Ardnamurchan,70cl / 46.8%,40.21,(£68.93 per litre),Highland,,In Stock,https://www.thewhiskyexchange.com/p/66882/ardnamurchan-ad-single-malt,https://img.thewhiskyexchange.com/380/amcob.non14.jpg?v=202407241,5,3,48.25,,3,2,1,3,Lime|Dark Chocolate|Milk Chocolate|Orange|Salt (powder)|Biscuits,Distillery Bottling,Scotland,Highland,,No
2026-01-15 09:17:28,Single Malt,85675,Ardbeg Traigh Bhan 19 Year Old / Batch 6,Ardbeg,70cl / 46.2%,191.67,(£328.57 per litre),Islay,,In Stock,https://www.thewhiskyexchange.com/p/85675/ardbeg-traigh-bhan-19-year-old-batch-6,https://img.thewhiskyexchange.com/380/abgob.19yov5.jpg?v=202407241,,,230,,4,4,4,3,Tar|Pineapple|Smoke|Earth|Dark Chocolate|Walnut,Distillery Bottling,Scotland,Islay,Oloroso Sherry,
2026-01-15 09:17:28,Single Malt,58797,Balvenie 10 Year Old / Founder's Reserve / Bot.2000s,Balvenie,70cl / 40%,187.5,(£321.43 per litre),Speyside,,In Stock,https://www.thewhiskyexchange.com/p/58797/balvenie-10-year-old-founders-reserve-bot2000s,https://img.thewhiskyexchange.com/380/balob.10yov13.jpg?v=202407241,5,2,225,,4,4,0,4,Lemon|Malt|Honeycomb|Cinnamon|Nutmeg|Honeysuckle,Distillery Bottling,Scotland,Speyside,,
2026-01-15 09:17:31,Single Malt,64801,South Star Speyside Single Malt 2011 / 10 Year Old,Undisclosed Distillery,70cl / 48%,41.62,(£71.36 per litre),Speyside,,In Stock,https://www.thewhiskyexchange.com/p/64801/south-star-speyside-single-malt-2011-10-year-old,https://img.thewhiskyexchange.com/380/malts_sss2011.jpg?v=202407241,,,49.95,,2,2,0,3,Apple|Lemon|Pear|Cinnamon|Toffee|Salt (powder),South Star Spirits,Scotland,Speyside,,
2026-01-15 09:17:31,Single Malt,81657,Longmorn 2005 / 19 Year Old / Cask #18070 / Signatory Symington’s Choice,Longmorn,70cl / 62.6%,195.83,(£335.71 per litre),Speyside,,In Stock,https://www.thewhiskyexchange.com/p/81657/longmorn-2005-19-year-old-cask-18070-signatory-symingtons-choice,https://img.thewhiskyexchange.com/380/lgmsig2005.jpg?v=202407241,,,235,,4,3,0,3,Dried Fruit|Caramel|Almond,Signatory,Scotland,Speyside,First-fill Oloroso Sherry Butt,
2026-01-15 09:17:31,Single Malt,85647,Dailuaine Mask of Death 2 10 Year Old / Whisky of Voodoo,Dailuaine,70cl / 55%,55.42,(£95 per litre),Speyside,,In Stock,https://www.thewhiskyexchange.com/p/85647/dailuaine-mask-of-death-2-10-year-old-whisky-of-voodoo,https://img.thewhiskyexchange.com/380/dlnbns10yo.jpg?v=202407241,,,66.50,,4,3,0,3,Dried Fruit|Vanilla|Oak|Cinnamon|Coconut|Meat,Brave New Spirits,Scotland,Speyside,,
2026-01-15 09:17:31,Single Malt,33557,Glen Grant 12 Year Old,Glen Grant,70cl / 40%,36.04,(£61.79 per litre),Speyside,,In Stock,https://www.thewhiskyexchange.com/p/33557/glen-grant-12-year-old,https://img.thewhiskyexchange.com/380/ggtob.12yov4.jpg?v=202407241,5,7,43.25,,2,2,0,2,Apple|Cinnamon|Toffee|Vanilla|Leather,Distillery Bottling,Scotland,Speyside,,
2026-01-15 09:17:31,Single Malt,66506,Jura 14 Year Old American Rye Cask,Jura,70cl / 40%,34.96,(£59.93 per litre),Island,,In Stock,https://www.thewhiskyexchange.com/p/66506/jura-14-year-old-american-rye-cask,https://img.thewhiskyexchange.com/380/iojob.14yo.jpg?v=202407241,,,41.95,,2,3,0,3,Vanilla|Cinnamon|Apple|Hazelnut|Honey|Oak,Distillery Bottling,Scotland,Island,,
2026-01-15 09:17:31,Single Malt,62776,Glenfiddich Pure Malt / Special Old Reserve / House of Stewart / Bot.1980s,Glenfiddich,75cl / 40%,125.0,(£200 per litre),Speyside,,In Stock,https://www.thewhiskyexchange.com/p/62776/glenfiddich-pure-malt-special-old-reserve-house-of-stewart-bot1980s,https://img.thewhiskyexchange.com/380/gfdob.non67.jpg?v=202407241,,,150,,,,,,,Distillery Bottling,Scotland,Speyside,,Yes
2026-01-15 09:17:31,Single Malt,84895,Tullibardine 2015 / 9 Year Old / 100 Proof Edition 44 / Signatory,Tullibardine,70cl / 57.1%,39.12,(£67.07 per litre),Highland,,In Stock,https://www.thewhiskyexchange.com/p/84895/tullibardine-2015-9-year-old-100-proof-edition-44-signatory,https://img.thewhiskyexchange.com/380/tulsig2015.jpg?v=202407241,,,46.95,,4,3,0,4,Blackberry|Dark Chocolate|Toast|Wheat|Barley|Oil,Signatory,Scotland,Highland,Oloroso Sherry Butt,No
2026-01-15 09:17:31,Single Malt,82127,John Crabbie Single Malt,Crabbie,70cl / 40%,24.79,(£42.50 per litre),Lowland,,In Stock,https://www.thewhiskyexchange.com/p/82127/john-crabbie-single-malt,https://img.thewhiskyexchange.com/380/malts_cra2.jpg?v=202407241,,,29.75,,4,4,0,3,Ginger|Sponge cake|Black Pepper|Nutmeg|Caramel,Distillery Bottling,Scotland,Lowland,,
2026-01-15 09:17:31,Single Malt,72584,Tomatin 2010 / Marsala Finish / Italian Collection,Tomatin,70cl / 46%,56.62,(£97.07 per litre),Highland,,In Stock,https://www.thewhiskyexchange.com/p/72584/tomatin-2010-marsala-finish-italian-collection,https://img.thewhiskyexchange.com/380/tomob.2010v1.jpg?v=202407241,,,,,,,,,,,,,,
2026-01-15 09:17:31,Single Malt,68803,Caol Ila 2011 / 11 Year Old / Sherry Finish / Signatory for The Whisky Exchange,Caol Ila,70cl / 60.6%,95.83,(£164.29 per litre),Islay,,In Stock,https://www.thewhiskyexchange.com/p/68803/caol-ila-2011-11-year-old-sherry-finish-signatory-for-the-whisky-exchange,https://img.thewhiskyexchange.com/380/cilsig2011v5.jpg?v=202407241,,,115,,4,2,2,3,Milk Chocolate|Smoke|Strawberry|Lime|Pine|Vanilla,Signatory,Scotland,Islay,Sherry Butt Finish,No
2026-01-15 09:17:31,Single Malt,42530,Jura 12 Year Old,Jura,70cl / 40%,30.62,(£52.50 per litre),Island,,In Stock,https://www.thewhiskyexchange.com/p/42530/jura-12-year-old,https://img.thewhiskyexchange.com/380/iojob.12yov2.jpg?v=202407241,3.5,12,36.75,,2,2,2,3,Smoke|Apricot|Anise (star)|Lime|Milk Chocolate|Vanilla,Distillery Bottling,Scotland,Island,Oloroso Sherry  Finish,Yes
2026-01-15 09:17:31,Single Malt,53993,Glen Keith 1967 / Gordon & MacPhail / Connoisseurs Choice,Glen Keith,70cl / 40%,1041.67,"(£1,785.71 per litre)",Speyside,,In Stock,https://www.thewhiskyexchange.com/p/53993/glen-keith-1967-gordon-macphail-connoisseurs-choice,https://img.thewhiskyexchange.com/380/gktcc.1967v1.jpg?v=202407241,,,1250,,,,,,,Gordon & MacPhail,Scotland,Speyside,,
2026-01-15 09:17:31,Single Malt,85658,Ardbeg 2009 / 15 Year Old / Rivesaltes Cask 26001 / Cask Masters,Ardbeg,70cl / 54.5%,185.0,(£317.14 per litre),Islay,,In Stock,https://www.thewhiskyexchange.com/p/85658/ardbeg-2009-15-year-old-rivesaltes-cask-26001-cask-masters,https://img.thewhiskyexchange.com/380/abgbns2009.jpg?v=202407241,,,,,,,,,,,,,,
2026-01-15 09:17:31,Single Malt,83085,Braes of Glenlivet 1998 / 25 Year Old / #18604801 / Connoisseurs Choice,Braes of Glenlivet (Braeval),70cl / 60.1%,176.67,(£302.86 per litre),Speyside,,In Stock,https://www.thewhiskyexchange.com/p/83085/braes-of-glenlivet-1998-25-year-old-18604801-connoisseurs-choice,https://img.thewhiskyexchange.com/380/brvcc.1998v2.jpg?v=202407241,,,,,,,,,,,,,,
2026-01-15 09:17:31,Single Malt,81478,Tomintoul Merlot Cask Finish,Tomintoul,70cl / 40%,32.71,(£56.07 per litre),Speyside,,In Stock,https://www.thewhiskyexchange.com/p/81478/tomintoul-merlot-cask-finish,https://img.thewhiskyexchange.com/380/tmtob.non12.jpg?v=202407241,,,39.25,,4,4,0,3,Raspberry|Redcurrant|Coffee|Cherry,Distillery Bottling,Scotland,Speyside,Wine  Finish,
2026-01-15 09:17:31,Single Malt,86517,Old Orkney 1999-2005 / 19 Year Old / Decadent Drinks,Old Orkney,70cl / 52%,145.83,(£250 per litre),Island,,In Stock,https://www.thewhiskyexchange.com/p/86517/old-orkney-1999-2005-19-year-old-decadent-drinks,https://img.thewhiskyexchange.com/380/hlpdec19yo.jpg?v=202407241,,,175,,3,2,0,2,Stones|Seashell|Pear|Salt (powder),Decadent Drinks,Scotland,Island,,
2026-01-15 09:17:31,Single Malt,80677,Holyrood Embra Single Malt,Holyrood ,70cl / 43.6%,50.79,(£87.07 per litre),Lowland,,In Stock,https://www.thewhiskyexchange.com/p/80677/holyrood-embra-single-malt,https://img.thewhiskyexchange.com/380/holob.non6.jpg?v=202407241,,,60.95,,3,3,3,4,Smoke|Mint|Dark Chocolate|Apple,Distillery Bottling,Scotland,Lowland,,No
2026-01-15 09:17:31,Single Malt,55894,Inchmurrin 12 Year Old,Inchmurrin,70cl / 46%,35.79,(£61.36 per litre),Highland,,In Stock,https://www.thewhiskyexchange.com/p/55894/inchmurrin-12-year-old,https://img.thewhiskyexchange.com/380/inmob.12yov5.jpg?v=202407241,4,2,42.95,,3,3,0,3,Caramel|Toffee|Apple|Dried Fruit|Anise (star),Distillery Bottling,Scotland,Highland,,
2026-01-15 09:17:31,Single Malt,84709,Tormore 2014 / 10 Year Old / Cask 170453 / Single Cask Nation,Tormore,70cl / 57.2%,59.38,(£101.79 per litre),Speyside,,In Stock,https://www.thewhiskyexchange.com/p/84709/tormore-2014-10-year-old-cask-170453-single-cask-nation,https://img.thewhiskyexchange.com/380/torscn2014.jpg?v=202407241,,,71.25,,3,4,0,3,Cinnamon|Barley|Honeycomb|Black Pepper|Toast,Single Cask Nation,Scotland,Speyside,First Fill  New oak Hogshead,No
2026-01-15 09:17:31,Single Malt,84315,Tomintoul Amarone Cask Finish,Tomintoul,70cl / 40%,32.71,(£56.07 per litre),Highland,,In Stock,https://www.thewhiskyexchange.com/p/84315/tomintoul-amarone-cask-finish,https://img.thewhiskyexchange.com/380/tmtob.non17.jpg?v=202407241,,,39.25,,4,3,0,5,Cherry|Sponge cake|Pineapple|Bread|Oats,Distillery Bottling,Scotland,Speyside,Amarone Wine,
2026-01-15 09:17:31,Single Malt,81563,Tomatin 2008 / 15 Year Old / Palo Cortado Edition,Tomatin,70cl / 46%,70.62,(£121.07 per litre),Highland,,In Stock,https://www.thewhiskyexchange.com/p/81563/tomatin-2008-15-year-old-palo-cortado-edition,https://img.thewhiskyexchange.com/380/tomob.2008v4.jpg?v=202407241,,,84.75,,4,3,0,3,Pecan|Vanilla|Milk Chocolate|Plums,Distillery Bottling,Scotland,Highland,Palo Cortado Sherry Butt,
2026-01-15 09:17:31,Single Malt,81893,Old Orkney 2003 / 20 Year Old / Decadent Drinks for Whisky Show 2024,Old Orkney,70cl / 55.8%,207.5,(£355.71 per litre),Highland,,In Stock,https://www.thewhiskyexchange.com/p/81893/old-orkney-2003-20-year-old-decadent-drinks-for-whisky-show-2024,https://img.thewhiskyexchange.com/380/hlpdec2003.jpg?v=202407241,,,249,,4,4,2,3,Peat smoke|Brine|Lemon|Peach|Heather|Seashell,Decadent Drinks,Scotland,Island,Hogshead,
2026-01-15 09:17:31,Single Malt,84707,Benriach 2008 / 16 Year Old / PX Finish Cask 172583 / Single Cask Nation,Benriach,70cl / 57.5%,99.17,(£170 per litre),Speyside,,In Stock,https://www.thewhiskyexchange.com/p/84707/benriach-2008-16-year-old-px-finish-cask-172583-single-cask-nation,https://img.thewhiskyexchange.com/380/bnrscn2008.jpg?v=202407241,,,119,,4,4,1,3,Dates|Toffee|Raisins|Dark Chocolate|Apple|Oak,Single Cask Nation,Scotland,Speyside,PX   Barrique,No
2026-01-15 09:17:31,Single Malt,51103,Glenlivet 2007 / 12 Year Old / Signatory for The Whisky Exchange,Glenlivet,70cl / 66.3%,145.83,(£250 per litre),Speyside,,In Stock,https://www.thewhiskyexchange.com/p/51103/glenlivet-2007-12-year-old-signatory-for-the-whisky-exchange,https://img.thewhiskyexchange.com/380/glvsig2007v8.jpg?v=202407241,5,3,175,,5,4,0,4,Raisins|Prunes|Dates|Cherry|Fruit Cake|Stewed Fruit,Signatory,Scotland,Speyside,First Fill  Sherry Hogshead,No
2026-01-15 09:17:35,Single Malt,73676,Ardnamurchan Rum Cask / 2023 Release,Ardnamurchan,70cl / 55%,59.96,(£102.79 per litre),Highland,,In Stock,https://www.thewhiskyexchange.com/p/73676/ardnamurchan-rum-cask-2023-release,https://img.thewhiskyexchange.com/380/amcob.non20.jpg?v=202407241,,,71.95,,4,4,2,4,Mango|Milk Chocolate|Candied peel,Distillery Bottling,,Highland,Barrel,No
2026-01-15 09:17:35,Single Malt,30845,Aberfeldy 16 Year Old,Aberfeldy,70cl / 40%,61.25,(£105 per litre),Highland,,In Stock,https://www.thewhiskyexchange.com/p/30845/aberfeldy-16-year-old,https://img.thewhiskyexchange.com/380/abfob.16yov1.jpg?v=202407241,4,10,73.50,,3,3,0,3,Cinnamon|Raisins|Orange|Honey|Ginger|Butterscotch,Distillery Bottling,Scotland,Highland,,Yes
2026-01-15 09:17:35,Single Malt,70052,Bowmore 9 Year Old / Glass Set,Bowmore,70cl / 40%,63.96,(£109.64 per litre),Islay,,In Stock,https://www.thewhiskyexchange.com/p/70052/bowmore-9-year-old-glass-set,https://img.thewhiskyexchange.com/380/bowob.09yov1.jpg?v=202407241,,,76.75,,3,1,3,2,Peat smoke|Honey|Lemon|Orange|Oak,,Scotland,Islay,,
2026-01-15 09:17:35,Single Malt,61867,Talisker 2012 / 8 Year Old / Special Releases 2021,Talisker,70cl / 59.7%,74.96,(£128.50 per litre),Island,,In Stock,https://www.thewhiskyexchange.com/p/61867/talisker-2012-8-year-old-special-releases-2021,https://img.thewhiskyexchange.com/380/talob.08yov16.jpg?v=202407241,5,3,89.95,,4,3,3,1,Smoke|Seaweed|Salt (powder)|Black Pepper|Oak|Iodine (tcp),Distillery Bottling,Scotland,Island,Rum  Finish,
2026-01-15 09:17:35,Single Malt,86471,MacPhail's 12 Year Old / Gordon & MacPhail,MacPhail's,70cl / 40%,36.46,(£62.50 per litre),Speyside,,In Stock,https://www.thewhiskyexchange.com/p/86471/macphails-12-year-old-gordon-macphail,https://img.thewhiskyexchange.com/380/malts_mac12yo.jpg?v=202407241,,,43.75,,3,2,0,2,Dried Fruit|Toffee|Apple|Chestnut|Candied peel,Gordon & MacPhail,Scotland,Speyside,,
2026-01-15 09:17:35,Single Malt,85619,Royal Brackla 2009 / 15 Year Old / Cask 6421 / Connoisseurs Choice UK Exclusive,Royal Brackla,70cl / 58.7%,110.0,(£188.57 per litre),Highland,,In Stock,https://www.thewhiskyexchange.com/p/85619/royal-brackla-2009-15-year-old-cask-6421-connoisseurs-choice-uk-exclusive,https://img.thewhiskyexchange.com/380/rblcc.2009.jpg?v=202407241,,,132,,3,3,0,3,Banana|Black Pepper|Blueberries|Apple|Fudge|Mango,Gordon & MacPhail,Scotland,Highland,First-fill  Bourbon Barrel,No
2026-01-15 09:17:35,Single Malt,82126,Johnny Cree Single Malt,Johnny Cree,70cl / 40%,20.62,(£35.36 per litre),Lowland,,In Stock,https://www.thewhiskyexchange.com/p/82126/johnny-cree-single-malt,https://img.thewhiskyexchange.com/380/malts_joh1.jpg?v=202407241,,,24.75,,3,3,0,3,Oak|Honeycomb|Caramel|Apple|Wildflowers,Distillery Bottling,Scotland,Lowland,,
2026-01-15 09:17:35,Single Malt,81191,Kilchoman Sauternes Cask / 2024 Release,Kilchoman,70cl / 50%,66.62,(£114.21 per litre),Islay,,In Stock,https://www.thewhiskyexchange.com/p/81191/kilchoman-sauternes-cask-2024-release,https://img.thewhiskyexchange.com/380/kilob.non57.jpg?v=202407241,,,79.95,,4,4,4,3,Apricot|Honey|Peat smoke|Butterscotch,Distillery Bottling,Scotland,Islay,,No
2026-01-15 09:17:35,Single Malt,70513,Inchgower 2001 / 21 Year Old / Whisky Sponge Edition 71,Inchgower,70cl / 48.9%,190.0,(£325.71 per litre),Speyside,,In Stock,https://www.thewhiskyexchange.com/p/70513/inchgower-2001-21-year-old-whisky-sponge-edition-71,https://img.thewhiskyexchange.com/380/ingspo2001.jpg?v=202407241,,,228,,2,1,0,3,Wax|Apple|Pear,Decadent Drinks,Scotland,Speyside,Refill   Hogshead,
2026-01-15 09:17:35,Single Malt,28463,Tamdhu Batch Strength / Batch No.1,Tamdhu,70cl / 58.8%,125.0,(£214.29 per litre),Speyside,,In Stock,https://www.thewhiskyexchange.com/p/28463/tamdhu-batch-strength-batch-no1,https://img.thewhiskyexchange.com/380/tamob.non1.jpg?v=202407241,4,3,150,,3,3,0,2,Walnut|Oak|Vanilla|Apricot|Orange|Dried Fruit,Distillery Bottling,Scotland,Speyside,Sherry,Yes
2026-01-15 09:17:35,Single Malt,72899,Benromach Contrasts: Peat Smoke Bourbon 2012,Benromach,70cl / 46%,46.46,(£79.64 per litre),Speyside,,In Stock,https://www.thewhiskyexchange.com/p/72899/benromach-contrasts-peat-smoke-bourbon-2012,https://img.thewhiskyexchange.com/380/brmob.2012v7.jpg?v=202407241,,,55.75,,3,3,3,3,Butterscotch|Oak|Peat smoke|Fudge|Lemon,Distillery Bottling,Scotland,Speyside,First-fill  Bourbon Barrel,
2026-01-15 09:17:35,Single Malt,68103,Glentauchers 2008 / Bot.2022 / Gordon & MacPhail Distillery Labels,Glentauchers,70cl / 46%,73.12,(£125.36 per litre),Speyside,,In Stock,https://www.thewhiskyexchange.com/p/68103/glentauchers-2008-bot2022-gordon-macphail-distillery-labels,https://img.thewhiskyexchange.com/380/gtag!m2008.jpg?v=202407241,,,87.75,,3,2,0,3,Cinnamon|Dates|Almond|Orange|Milk Chocolate|Apple,Gordon & MacPhail,Scotland,Speyside,,
2026-01-15 09:17:35,Single Malt,73604,Aberfeldy 21 Year Old Argentinian Cask,Aberfeldy,70cl / 46%,165.83,(£284.29 per litre),Highland,,In Stock,https://www.thewhiskyexchange.com/p/73604/aberfeldy-21-year-old-argentinian-cask,https://img.thewhiskyexchange.com/380/abfob.21yov3.jpg?v=202407241,,,199,,4,4,0,4,Praline|Butterscotch|Honeycomb|Cherry|Figs,Distillery Bottling,Scotland,Highland,Finish,No
2026-01-15 09:17:35,Single Malt,85512,Glen Moray 2014 / 10 Year Old / Decadent Drams,Glen Moray,70cl / 57.1%,78.96,(£135.36 per litre),Speyside,,In Stock,https://www.thewhiskyexchange.com/p/85512/glen-moray-2014-10-year-old-decadent-drams,https://img.thewhiskyexchange.com/380/gmydec2014.jpg?v=202407241,,,94.75,,4,3,0,4,Dried Fruit|Orange|Sherry|Caramel,Decadent Drinks,Scotland,Speyside,Sherry Hogshead,
2026-01-15 09:17:35,Single Malt,21912,Glenglassaugh Evolution,Glenglassaugh,70cl / 50%,38.29,(£65.64 per litre),Highland,,In Stock,https://www.thewhiskyexchange.com/p/21912/glenglassaugh-evolution,https://img.thewhiskyexchange.com/380/ggsob.non9.jpg?v=202407241,4.5,3,45.95,,2,2,2,3,Raisins|Melon|Cherry|Smoke|Milk Chocolate,Distillery Bottling,Scotland,Highland,Bourbon,No
2026-01-15 09:17:35,Single Malt,67698,Spey Fumare Overture / Artist Trio,Speyside,70cl / 46%,52.08,(£89.29 per litre),Speyside,,In Stock,https://www.thewhiskyexchange.com/p/67698/spey-fumare-overture-artist-trio,https://img.thewhiskyexchange.com/380/spsob.non23.jpg?v=202407241,,,62.50,,3,2,2,3,Honey|Caramel|Malt|Orange|Smoke|Seaweed,Distillery Bottling,Scotland,Speyside,,Yes
2026-01-15 09:17:35,Single Malt,81865,Strathmill 2011 / 12 Year Old / Oloroso Finish / James Eadie,Strathmill,70cl / 58.3%,59.79,(£102.50 per litre),Speyside,,In Stock,https://www.thewhiskyexchange.com/p/81865/strathmill-2011-12-year-old-oloroso-finish-james-eadie,https://img.thewhiskyexchange.com/380/stread2011.jpg?v=202407241,,,71.75,,4,4,0,3,Dark Chocolate|Peach|Orange|Honey,James Eadie,Scotland,Speyside,First-fill Oloroso Sherry Butt Finish,No
2026-01-15 09:17:35,Single Malt,81061,Ardbeg Spectacular / Ardbeg Day 2024,Ardbeg,70cl / 46%,88.33,(£151.43 per litre),Islay,,In Stock,https://www.thewhiskyexchange.com/p/81061/ardbeg-spectacular-ardbeg-day-2024,https://img.thewhiskyexchange.com/380/abgob.non55.jpg?v=202407241,,,106,,4,5,4,3,Praline|Lavender|Toffee|Apple|Peat smoke|Milk Chocolate,Distillery Bottling,Scotland,Islay,,
2026-01-15 09:17:35,Single Malt,68902,Tomintoul 2008 / 14 Year Old / White Port Casks,Tomintoul,70cl / 46%,71.62,(£122.79 per litre),Speyside,,In Stock,https://www.thewhiskyexchange.com/p/68902/tomintoul-2008-14-year-old-white-port-casks,https://img.thewhiskyexchange.com/380/tmtob.2008.jpg?v=202407241,,,85.95,,2,2,0,4,Vanilla|Dried Fruit|Ginger|Caramel|Orange|Apricot,Distillery Bottling,Scotland,Speyside,White Port,No
2026-01-15 09:17:35,Single Malt,71057,Glenallachie 8 Year Old Scottish Oak,Glenallachie,70cl / 48%,55.42,(£95 per litre),Speyside,,In Stock,https://www.thewhiskyexchange.com/p/71057/glenallachie-8-year-old-scottish-oak,https://img.thewhiskyexchange.com/380/gleob.08yov2.jpg?v=202407241,,,66.50,,,,,,Oak,Distillery Bottling,Scotland,Speyside,,No
2026-01-15 09:17:35,Single Malt,85645,Glenglassaugh 2014 / 11 Year Old / Oloroso Sherry Cask 173 / Cask Masters,Glenglassaugh,70cl / 54.3%,60.21,(£103.21 per litre),Highland,,In Stock,https://www.thewhiskyexchange.com/p/85645/glenglassaugh-2014-11-year-old-oloroso-sherry-cask-173-cask-masters,https://img.thewhiskyexchange.com/380/ggsbns2014.jpg?v=202407241,,,72.25,,,,,,Stewed Fruit|Rhubarb|Sherry|Dried Fruit|Dark Chocolate|Nutmeg,Brave New Spirits,Scotland,Highland,First-fill Oloroso Sherry Hogshead,
2026-01-15 09:17:35,Single Malt,84316,Tomintoul Madeira Cask Finish,Tomintoul,70cl / 40%,32.71,(£56.07 per litre),Highland,,In Stock,https://www.thewhiskyexchange.com/p/84316/tomintoul-madeira-cask-finish,https://img.thewhiskyexchange.com/380/tmtob.non18.jpg?v=202407241,,,39.25,,3,3,0,4,Orange|Marmalade|Shortbread|Coffee|Cinnamon|Cherry,Distillery Bottling,Scotland,Speyside,Madeira,
2026-01-15 09:17:35,Single Malt,82298,Glen Scotia 14 Year Old / Icons of Campbeltown Release No.2,Glen Scotia,70cl / 56.8%,77.46,(£132.79 per litre),Campbeltown,,In Stock,https://www.thewhiskyexchange.com/p/82298/glen-scotia-14-year-old-icons-of-campbeltown-release-no2,https://img.thewhiskyexchange.com/380/gstob.14yov1.jpg?v=202407241,,,92.95,,4,4,3,3,Cherry|Toffee|Smoke|Salt (powder)|Honey,Distillery Bottling,Scotland,Campbeltown,,No
2026-01-15 09:17:35,Single Malt,72469,Talisker Natural Cask Strength / Special Releases 2023,Talisker,70cl / 59.7%,94.17,(£161.43 per litre),Island,,In Stock,https://www.thewhiskyexchange.com/p/72469/talisker-natural-cask-strength-special-releases-2023,https://img.thewhiskyexchange.com/380/talob.non24.jpg?v=202407241,,,113,,4,5,4,4,Peat smoke|Dark Chocolate|Strawberry|Cinnamon|Salt (powder),Distillery Bottling,Scotland,Island,Port,
2026-01-15 09:17:40,Blended,552,Johnnie Walker Blue Label,Johnnie Walker,70cl / 40%,140.83,(£241.43 per litre),Blended Scotch Whisky,,In Stock,https://www.thewhiskyexchange.com/p/552/johnnie-walker-blue-label,https://img.thewhiskyexchange.com/380/blend_joh84.jpg?v=202407241,4.5,176,169,,3,3,1,2,Rose|Hazelnut|Honey|Smoke|Dark Chocolate|Tobacco,,Scotland,,,Yes
2026-01-15 09:17:40,Blended,57218,Johnnie Walker Gold Label Reserve / Glass Set,Johnnie Walker,70cl / 40%,47.71,(£81.79 per litre),Blended Scotch Whisky,,In Stock,https://www.thewhiskyexchange.com/p/57218/johnnie-walker-gold-label-reserve-glass-set,https://img.thewhiskyexchange.com/380/blend_joh248.jpg?v=202407241,5,2,57.25,,,,,,,,Scotland,,,
2026-01-15 09:17:40,Blended,61892,Johnnie Walker Gold Label Cracker Pack,Johnnie Walker,20cl / 40%,8.29,(£4.98 per 10cl),Blended Scotch Whisky,,In Stock,https://www.thewhiskyexchange.com/p/61892/johnnie-walker-gold-label-cracker-pack,https://img.thewhiskyexchange.com/380/blend_joh257.jpg?v=202407241,,,9.95,,2,2,1,3,Vanilla|Smoke|Butterscotch|Honeysuckle|Caramel,,Scotland,,,
2026-01-15 09:17:40,Blended,46949,Johnnie Walker Sweet Peat,Johnnie Walker,50cl / 40.8%,29.96,(£71.90 per litre),Blended Scotch Whisky,,In Stock,https://www.thewhiskyexchange.com/p/46949/johnnie-walker-sweet-peat,https://img.thewhiskyexchange.com/380/blend_joh222.jpg?v=202407241,4.5,9,35.95,,3,2,2,3,Vanilla|Caramel|Smoke|Lemon|Grass,,Scotland,,,Yes
2026-01-15 09:17:40,Blended,650,Vat 69,Vat 69,70cl / 40%,19.96,(£34.21 per litre),Blended Scotch Whisky,,In Stock,https://www.thewhiskyexchange.com/p/650/vat-69,https://img.thewhiskyexchange.com/380/blend_vat1.jpg?v=202407241,4.5,127,23.95,,,,,,,,Scotland,,,Yes
2026-01-15 09:17:40,Blended,433,Black & White,Black & White,70cl / 40%,21.04,(£36.07 per litre),Blended Scotch Whisky,,In Stock,https://www.thewhiskyexchange.com/p/433/black-white,https://img.thewhiskyexchange.com/380/blend_bla4.jpg?v=202407241,4.5,71,25.25,,,,,,,,Scotland,,,Yes
2026-01-15 09:17:40,Blended,33092,Dimple Gold Selection,Dimple,70cl / 40%,30.42,(£52.14 per litre),Blended Scotch Whisky,,In Stock,https://www.thewhiskyexchange.com/p/33092/dimple-gold-selection,https://img.thewhiskyexchange.com/380/blend_dim53.jpg?v=202407241,4.5,5,36.50,,,,,,,,Scotland,,,Yes
2026-01-15 09:17:40,Blended,550,Johnnie Walker Black Label 12 Year Old,Johnnie Walker,70cl / 40%,26.04,(£38.93 per litre),Blended Scotch Whisky,Special Offer: £4 Off!,In Stock,https://www.thewhiskyexchange.com/p/550/johnnie-walker-black-label-12-year-old,https://img.thewhiskyexchange.com/380/blend_joh1.jpg?v=202407241,4,189,27.25,31.25,2,2,3,2,Cream|Toffee|Dried Fruit|Smoke|Nutmeg|Caramel,,Scotland,,,Yes
2026-01-15 09:17:40,Blended,57463,Johnnie Walker Blue Label x Robert Wun Year of the Horse,Johnnie Walker,70cl / 40%,187.5,(£321.43 per litre),Blended Scotch Whisky,,In Stock,https://www.thewhiskyexchange.com/p/57463/johnnie-walker-blue-label-x-robert-wun-year-of-the-horse,https://img.thewhiskyexchange.com/380/blend_joh301.jpg?v=202407241,,,225,,4,3,1,3,Nutmeg|Apricot|Candied peel|Honeysuckle|Coal,,Scotland,,,
2026-01-15 09:17:40,Blended,544,J&B Rare,J&B,70cl / 40%,21.04,(£36.07 per litre),Blended Scotch Whisky,,In Stock,https://www.thewhiskyexchange.com/p/544/jb-rare,https://img.thewhiskyexchange.com/380/blend_j!b1.jpg?v=202407241,4.5,78,25.25,,,,,,,,Scotland,,,Yes
2026-01-15 09:17:40,Blended,448,Chivas Regal 12 Year Old,Chivas Regal,70cl / 40%,20.21,(£34.64 per litre),Blended Scotch Whisky,,In Stock,https://www.thewhiskyexchange.com/p/448/chivas-regal-12-year-old,https://img.thewhiskyexchange.com/380/blend_chi1.jpg?v=202407241,4,113,24.25,,,,,,Honey|Vanilla|Apple|Pear|Butterscotch|Heather,,Scotland,,,Yes
2026-01-15 09:17:40,Blended,71563,Maclean's Nose Blended Scotch Whisky,Maclean's Nose,70cl / 46%,27.08,(£46.43 per litre),Blended Scotch Whisky,,In Stock,https://www.thewhiskyexchange.com/p/71563/macleans-nose-blended-scotch-whisky,https://img.thewhiskyexchange.com/380/blend_mac27.jpg?v=202407241,4.5,7,32.50,,3,2,3,1,Peat smoke|Brine|Lemon|Bread|Malt,,Scotland,,,
2026-01-15 09:17:40,Blended,497,Famous Grouse,Famous Grouse,70cl / 40%,16.46,(£28.21 per litre),Blended Scotch Whisky,,In Stock,https://www.thewhiskyexchange.com/p/497/famous-grouse,https://img.thewhiskyexchange.com/380/blend_fam2.jpg?v=202407241,4.5,128,19.75,,,,,,,,Scotland,,,Yes
2026-01-15 09:17:40,Blended,72610,Ballantine's Finest True Music Icons Queen Edition,Ballantine's,70cl / 40%,20.79,(£27.07 per litre),Blended Scotch Whisky,Special Offer: £6 Off!,In Stock,https://www.thewhiskyexchange.com/p/72610/ballantines-finest-true-music-icons-queen-edition,https://img.thewhiskyexchange.com/380/blend_bal118.jpg?v=202407241,,,,,,,,,,,,,,
2026-01-15 09:17:40,Blended,63501,Johnnie Walker Black Ruby,Johnnie Walker,70cl / 40%,31.04,(£53.21 per litre),Blended Scotch Whisky,,In Stock,https://www.thewhiskyexchange.com/p/63501/johnnie-walker-black-ruby,https://img.thewhiskyexchange.com/380/blend_joh316.jpg?v=202407241,,,,,,,,,,,,,,
2026-01-15 09:17:40,Blended,82475,Johnnie Walker Blue Label Diwali Edition / Exclusive to The Whisky Exchange,Johnnie Walker,70cl / 40%,143.33,(£245.71 per litre),Blended Scotch Whisky,,In Stock,https://www.thewhiskyexchange.com/p/82475/johnnie-walker-blue-label-diwali-edition-exclusive-to-the-whisky-exchange,https://img.thewhiskyexchange.com/380/blend_joh291.jpg?v=202407241,,,172,,4,4,1,4,Toffee|Honey|Dried Fruit|Dark Chocolate|Vanilla|Almond,,Scotland,,,
2026-01-15 09:17:40,Blended,86586,Chivas Regal 18 Year Old / Pininfarina Gift Box,Chivas Regal,70cl / 40%,62.46,(£107.07 per litre),Blended Scotch Whisky,,In Stock,https://www.thewhiskyexchange.com/p/86586/chivas-regal-18-year-old-pininfarina-gift-box,https://img.thewhiskyexchange.com/380/blend_chi18yov5.jpg?v=202407241,,,74.95,,2,2,0,3,Chestnut|Apple|Vanilla|Caramel,,Scotland,,,
2026-01-15 09:17:40,Blended,17271,Johnnie Walker Gold Label Reserve,Johnnie Walker,70cl / 40%,42.08,(£57.86 per litre),Blended Scotch Whisky,Special Offer: £10 Off!,In Stock,https://www.thewhiskyexchange.com/p/17271/johnnie-walker-gold-label-reserve,https://img.thewhiskyexchange.com/380/blend_joh104.jpg?v=202407241,4,69,40.50,50.50,2,2,1,3,Caramel|Honeysuckle|Vanilla|Butterscotch|Smoke,,Scotland,,,Yes
2026-01-15 09:17:40,Blended,81827,Royal Salute 21 Year Old Signature Blend,Royal Salute,70cl / 40%,158.33,(£271.43 per litre),Blended Scotch Whisky,,In Stock,https://www.thewhiskyexchange.com/p/81827/royal-salute-21-year-old-signature-blend,https://img.thewhiskyexchange.com/380/blend_roy21yov8.jpg?v=202407241,,,190,,,,,,,,Scotland,,,
2026-01-15 09:17:40,Blended,18213,The Big Ben,Big Ben,50cl / 40%,19.58,(£47 per litre),Blended Scotch Whisky,,In Stock,https://www.thewhiskyexchange.com/p/18213/the-big-ben,https://img.thewhiskyexchange.com/380/blend_big2.jpg?v=202407241,,,23.50,,,,,,,,Scotland,,,Yes
2026-01-15 09:17:40,Blended,68124,Johnnie Walker 18 Year Old,Johnnie Walker,70cl / 40%,76.25,(£116.43 per litre),Blended Scotch Whisky,Special Offer: £10 Off!,In Stock,https://www.thewhiskyexchange.com/p/68124/johnnie-walker-18-year-old,https://img.thewhiskyexchange.com/380/blend_joh18yov2.jpg?v=202407241,3.5,2,81.50,91.50,3,3,1,2,Brine|Butter|Vanilla|Orange|Almond|Smoke,,Scotland,,,Yes
2026-01-15 09:17:40,Blended,21216,Johnnie Walker Blue Label / Small Bottle,Johnnie Walker,20cl / 40%,58.29,(£34.98 per 10cl),Blended Scotch Whisky,,In Stock,https://www.thewhiskyexchange.com/p/21216/johnnie-walker-blue-label-small-bottle,https://img.thewhiskyexchange.com/380/blend_joh134.jpg?v=202407241,5,6,69.95,,3,3,1,2,Rose|Hazelnut|Honey|Smoke|Dark Chocolate|Tobacco,,Scotland,,,Yes
2026-01-15 09:17:40,Blended,17555,Peter Dawson Special / Bot.1980s,Dawson's,37.5cl / 40%,8.29,(£26.53 per litre),Blended Scotch Whisky,,In Stock,https://www.thewhiskyexchange.com/p/17555/peter-dawson-special-bot1980s,https://img.thewhiskyexchange.com/380/blend_daw3.jpg?v=202407241,4.5,4,9.95,,,,,,,,Scotland,,,Yes
2026-01-15 09:17:40,Blended,82466,Buchanan's Deluxe 12 Year Old / Litre,Buchanan's,100cl / 40%,48.96,,Blended Scotch Whisky,,In Stock,https://www.thewhiskyexchange.com/p/82466/buchanans-deluxe-12-year-old-litre,https://img.thewhiskyexchange.com/380/blend_buc12yo.jpg?v=202407241,,,58.75,,,,,,,,Scotland,,,
2026-01-15 09:17:43,Blended,72478,Grand Old Parr 12 Year Old / Litre,Old Parr,100cl / 40%,48.29,,Blended Scotch Whisky,,In Stock,https://www.thewhiskyexchange.com/p/72478/grand-old-parr-12-year-old-litre,https://img.thewhiskyexchange.com/380/blend_par12yo.jpg?v=202407241,,,57.95,,3,3,1,3,Caramel|Stewed Fruit|Lemon|Orange|Peat smoke|Raisins,,Scotland,,,Yes
2026-01-15 09:17:43,Blended,65706,White Heather 15 Year Old,White Heather,70cl / 46%,42.08,(£72.14 per litre),Blended Scotch Whisky,,In Stock,https://www.thewhiskyexchange.com/p/65706/white-heather-15-year-old,https://img.thewhiskyexchange.com/380/blend_whi15yo.jpg?v=202407241,,,50.50,,2,2,1,3,Orange|Pineapple|Butterscotch|Smoke|Ginger|Almond,,Scotland,,,No
2026-01-15 09:17:43,Blended,81207,Antiquary 15 Year Old / Claret Cask Matured,Antiquary,70cl / 40%,32.08,(£55 per litre),Blended Scotch Whisky,,In Stock,https://www.thewhiskyexchange.com/p/81207/antiquary-15-year-old-claret-cask-matured,https://img.thewhiskyexchange.com/380/blend_ant15yov1.jpg?v=202407241,,,38.50,,3,2,0,4,Plums|Cherry|Dark Chocolate|Orange,,Scotland,,Finish,
2026-01-15 09:17:43,Blended,64986,Chivas Regal 18 Year Old / Gift Box,Chivas Regal,70cl / 40%,61.62,(£105.64 per litre),Blended Scotch Whisky,,In Stock,https://www.thewhiskyexchange.com/p/64986/chivas-regal-18-year-old-gift-box,https://img.thewhiskyexchange.com/380/blend_chi18yo.jpg?v=202407241,5,2,73.95,,3,4,1,3,Wildflowers|Smoke|Milk Chocolate|Butterscotch,,Scotland,,,Yes
2026-01-15 09:17:43,Blended,63476,Chivas Regal Extra 13 Year Old / Sherry Cask Matured,Chivas Regal,70cl / 40%,29.38,(£50.36 per litre),Blended Scotch Whisky,,In Stock,https://www.thewhiskyexchange.com/p/63476/chivas-regal-extra-13-year-old-sherry-cask-matured,https://img.thewhiskyexchange.com/380/blend_chi13yo.jpg?v=202407241,,,35.25,,3,2,0,4,Peach|Pear|Caramel|Almond|Vanilla|Cinnamon,,Scotland,,Sherry,
2026-01-15 09:17:43,Blended,47977,Ballantine's Finest True Music Icons Elton John Edition,Ballantine's,70cl / 40%,21.25,(£36.43 per litre),Blended Scotch Whisky,,In Stock,https://www.thewhiskyexchange.com/p/47977/ballantines-finest-true-music-icons-elton-john-edition,https://img.thewhiskyexchange.com/380/blend_bal93.jpg?v=202407241,,,,,,,,,,,,,,
2026-01-15 09:17:43,Blended,86585,Chivas Regal 18 Year Old Pininfarina Level 2 with 2 Glasses,Chivas Regal,70cl / 40%,125.0,(£214.29 per litre),Blended Scotch Whisky,,In Stock,https://www.thewhiskyexchange.com/p/86585/chivas-regal-18-year-old-pininfarina-level-2-with-2-glasses,https://img.thewhiskyexchange.com/380/blend_chi18yov4.jpg?v=202407241,,,150,,2,2,0,3,Chestnut|Vanilla|Nougat|Caramel|Apple,Distillery Bottling,Scotland,,,
2026-01-15 09:17:43,Blended,27930,Robert Burns Blend / Arran,Robert Burns (Arran),70cl / 40%,21.04,(£36.07 per litre),Blended Scotch Whisky,,In Stock,https://www.thewhiskyexchange.com/p/27930/robert-burns-blend-arran,https://img.thewhiskyexchange.com/380/blend_arr1.jpg?v=202407241,3.5,2,25.25,,2,2,1,3,Apple|Liquorice root|Smoke|Toffee|Toast,,Scotland,,,Yes
2026-01-15 09:17:43,Blended,67623,Cutty Sark 12 Year Old,Cutty Sark,70cl / 40%,26.46,(£45.36 per litre),Blended Scotch Whisky,,In Stock,https://www.thewhiskyexchange.com/p/67623/cutty-sark-12-year-old,https://img.thewhiskyexchange.com/380/blend_cut12yo.jpg?v=202407241,,,31.75,,3,2,0,3,Clove|Ginger|Dried Fruit|Marmalade|Pineapple|Salt (powder),,Scotland,,,
2026-01-15 09:17:43,Blended,43112,James Eadie Trade Mark X,James Eadie,70cl / 45.6%,26.62,(£45.64 per litre),Blended Scotch Whisky,,In Stock,https://www.thewhiskyexchange.com/p/43112/james-eadie-trade-mark-x,https://img.thewhiskyexchange.com/380/blend_ead1.jpg?v=202407241,,,31.95,,3,4,1,3,Vanilla|White Pepper|Nutmeg|Peat smoke|Malt,,Scotland,,,
2026-01-15 09:17:43,Blended,29625,Cutty Sark Prohibition,Cutty Sark,70cl / 50%,23.75,(£40.71 per litre),Blended Scotch Whisky,,In Stock,https://www.thewhiskyexchange.com/p/29625/cutty-sark-prohibition,https://img.thewhiskyexchange.com/380/blend_cut22.jpg?v=202407241,4.5,20,28.50,,,,,,,,Scotland,,,Yes
2026-01-15 09:17:43,Blended,15667,Johnnie Walker Double Black,Johnnie Walker,70cl / 40%,31.04,(£53.21 per litre),Blended Scotch Whisky,,In Stock,https://www.thewhiskyexchange.com/p/15667/johnnie-walker-double-black,https://img.thewhiskyexchange.com/380/blend_joh88.jpg?v=202407241,4.5,110,37.25,,2,3,2,2,Smoke|Oak|Tar|Honey|Apple|Sultana,,Scotland,,,Yes
2026-01-15 09:17:43,Blended,459,Cutty Sark,Cutty Sark,70cl / 40%,19.96,(£34.21 per litre),Blended Scotch Whisky,,In Stock,https://www.thewhiskyexchange.com/p/459/cutty-sark,https://img.thewhiskyexchange.com/380/blend_cut1.jpg?v=202407241,3.5,34,23.95,,,,,,,,Scotland,,,Yes
2026-01-15 09:17:43,Blended,562,Johnnie Walker Red Label,Johnnie Walker,70cl / 40%,19.38,(£33.21 per litre),Blended Scotch Whisky,,In Stock,https://www.thewhiskyexchange.com/p/562/johnnie-walker-red-label,https://img.thewhiskyexchange.com/380/blend_joh2.jpg?v=202407241,4,127,23.25,,,,,,,,Scotland,,,Yes
2026-01-15 09:17:43,Blended,20483,Adelphi Private Stock Blended Whisky,Adelphi,70cl / 40%,22.29,(£38.21 per litre),Blended Scotch Whisky,,In Stock,https://www.thewhiskyexchange.com/p/20483/adelphi-private-stock-blended-whisky,https://img.thewhiskyexchange.com/380/blend_ade1.jpg?v=202407241,,,26.75,,,,,,,Adelphi,Scotland,,,Yes
2026-01-15 09:17:43,Blended,5329,Pig's Nose,Pig's Nose,70cl / 40%,19.12,(£32.79 per litre),Blended Scotch Whisky,,In Stock,https://www.thewhiskyexchange.com/p/5329/pigs-nose,https://img.thewhiskyexchange.com/380/blend_pig1.jpg?v=202407241,4,17,22.95,,,,,,,,Scotland,,,Yes
2026-01-15 09:17:43,Blended,86705,Old Parr 18 Year Old,Old Parr,75cl / 40%,62.46,(£99.93 per litre),Blended Scotch Whisky,,In Stock,https://www.thewhiskyexchange.com/p/86705/old-parr-18-year-old,https://img.thewhiskyexchange.com/380/blend_par18yo.jpg?v=202407241,,,74.95,,3,3,0,4,Apple|Dried Fruit|Vanilla|Oak,,Scotland,,,
2026-01-15 09:17:43,Blended,419,Ballantine's Finest,Ballantine's,70cl / 40%,19.79,(£33.93 per litre),Blended Scotch Whisky,,In Stock,https://www.thewhiskyexchange.com/p/419/ballantines-finest,https://img.thewhiskyexchange.com/380/blend_bal5.jpg?v=202407241,4,170,23.75,,2,1,1,2,Malt|Caramel|Smoke|Toffee|Apple,,Scotland,,,Yes
2026-01-15 09:17:43,Blended,81208,Antiquary 21 Year Old / Port Cask Finish,Antiquary,70cl / 40%,78.54,(£134.64 per litre),Blended Scotch Whisky,,In Stock,https://www.thewhiskyexchange.com/p/81208/antiquary-21-year-old-port-cask-finish,https://img.thewhiskyexchange.com/380/blend_ant21yo.jpg?v=202407241,,,94.25,,3,3,0,3,Toffee|Hazelnut|Honeysuckle|Oats,,Scotland,,Port  Finish,
2026-01-15 09:17:43,Blended,18135,MacNaMara Gaelic,MacNaMara,70cl / 40%,24.79,(£42.50 per litre),Blended Scotch Whisky,,In Stock,https://www.thewhiskyexchange.com/p/18135/macnamara-gaelic,https://img.thewhiskyexchange.com/380/blend_mac13.jpg?v=202407241,3.5,2,29.75,,,,,,,,Scotland,,,Yes
2026-01-15 09:17:43,Blended,80101,Isle of Skye 8 Year Old Blended Whisky,Isle of Skye,70cl / 40%,18.96,(£32.50 per litre),Blended Scotch Whisky,,In Stock,https://www.thewhiskyexchange.com/p/80101/isle-of-skye-8-year-old-blended-whisky,https://img.thewhiskyexchange.com/380/blend_isl08yo.jpg?v=202407241,,,22.75,,3,3,3,3,Heather|Seashell|Toffee|Wildflowers,,Scotland,,,
2026-01-15 09:17:43,Blended,84676,Royal Salute 21 Year Old / The Rio de Janeiro Polo Edition,Royal Salute,70cl / 40%,179.17,(£307.14 per litre),Blended Scotch Whisky,,In Stock,https://www.thewhiskyexchange.com/p/84676/royal-salute-21-year-old-the-rio-de-janeiro-polo-edition,https://img.thewhiskyexchange.com/380/blend_roy21yov10.jpg?v=202407241,,,215,,4,4,1,3,Papaya|Mango|Butter|Honeycomb|Malt|Pineapple,,Scotland,,,
2026-01-15 09:17:43,Blended,80667,Johnnie Walker Black Label 12 Year Old Sherry Finish,Johnnie Walker,70cl / 40%,40.42,(£69.29 per litre),Blended Scotch Whisky,,In Stock,https://www.thewhiskyexchange.com/p/80667/johnnie-walker-black-label-12-year-old-sherry-finish,https://img.thewhiskyexchange.com/380/blend_joh12yov3.jpg?v=202407241,,,48.50,,,,,,,,Scotland,,Sherry  Finish,Yes
2026-01-15 09:17:43,Blended,82394,Royal Salute 21 Year Old Harris Reed Edition / Pink Flagon,Royal Salute,70cl / 40%,208.33,(£285.71 per litre),Blended Scotch Whisky,Special Offer: £50 Off!,In Stock,https://www.thewhiskyexchange.com/p/82394/royal-salute-21-year-old-harris-reed-edition-pink-flagon,https://img.thewhiskyexchange.com/380/blend_roy21yov9.jpg?v=202407241,,,200,250,4,4,0,3,Toffee|Dark Chocolate|Geranium|Cashew|Vanilla,,Scotland,,,
2026-01-15 09:17:48,Blended,72732,Ballantine’s 7 Year Old American Barrel x RZA Limited Edition,Ballantine's,70cl / 40%,31.62,(£39.93 per litre),Blended Scotch Whisky,Special Offer: £10 Off!,In Stock,https://www.thewhiskyexchange.com/p/72732/ballantines-7-year-old-american-barrel-x-rza-limited-edition,https://img.thewhiskyexchange.com/380/blend_bal07yov1.jpg?v=202407241,,,27.95,37.95,3,3,1,3,Honeysuckle|Toffee|Apple|Caramel|Pear,,Scotland,,,
2026-01-15 09:17:48,Blended,32646,Orbital 8 Year Old / World Blend / Sherry Cask / Whisky Magazine,Orbital ,70cl / 46%,34.58,(£49.93 per litre),World Blends,Clearance Offer: £6.55 Off!,In Stock,https://www.thewhiskyexchange.com/p/32646/orbital-8-year-old-world-blend-sherry-cask-whisky-magazine,https://img.thewhiskyexchange.com/380/blend_orb2.jpg?v=202407241,,,34.95,41.50,,,,,Butterscotch|Honey|Toffee|Apple|Biscuits|Cinnamon,Whisky Magazine,,,Pedro Ximenez Sherry  Finish,
2026-01-15 09:17:48,Blended,423,Bell's Original,Bell's,70cl / 40%,16.62,(£28.50 per litre),Blended Scotch Whisky,,In Stock,https://www.thewhiskyexchange.com/p/423/bells-original,https://img.thewhiskyexchange.com/380/blend_bel1.jpg?v=202407241,3.5,63,19.95,,1,2,1,1,Mixed Herb|Malt|Heather|Honey|Oak,,Scotland,,,Yes
2026-01-15 09:17:48,Blended,80103,Isle of Skye 18 Year Old Blended Whisky,Isle of Skye,70cl / 40%,60.79,(£104.21 per litre),Blended Scotch Whisky,,In Stock,https://www.thewhiskyexchange.com/p/80103/isle-of-skye-18-year-old-blended-whisky,https://img.thewhiskyexchange.com/380/blend_isl18yo.jpg?v=202407241,,,72.95,,3,4,3,3,Fruit Cake|Toffee|Lime,,Scotland,,,
2026-01-15 09:17:48,Blended,72087,Blended Scotch Whisky 1989 / 34 Year Old / Gleann Mor Rare Find,Various,70cl / 54.9%,197.5,(£338.57 per litre),Blended Scotch Whisky,,In Stock,https://www.thewhiskyexchange.com/p/72087/blended-scotch-whisky-1989-34-year-old-gleann-mor-rare-find,https://img.thewhiskyexchange.com/380/blend_glm1989.jpg?v=202407241,,,237,,3,4,0,3,Orange|Apple|Caramel|Plums,Gleann Mor,Scotland,,,No
2026-01-15 09:17:48,Blended,84137,Johnnie Walker Blue Label x Rahul Mishra 2025 Limited Edition,Johnnie Walker,70cl / 40%,180.0,(£308.57 per litre),Blended Scotch Whisky,,In Stock,https://www.thewhiskyexchange.com/p/84137/johnnie-walker-blue-label-x-rahul-mishra-2025-limited-edition,https://img.thewhiskyexchange.com/380/blend_joh405.jpg?v=202407241,,,216,,3,4,1,3,Honey|Dried Fruit|Smoke|Dark Chocolate|Hazelnut|Rose,,Scotland,,,
2026-01-15 09:17:48,Blended,28714,Hankey Bannister Original,Hankey Bannister,70cl / 40%,17.92,(£30.71 per litre),Blended Scotch Whisky,,In Stock,https://www.thewhiskyexchange.com/p/28714/hankey-bannister-original,https://img.thewhiskyexchange.com/380/blend_han7.jpg?v=202407241,3.5,7,21.50,,,,,,,,Scotland,,,Yes
2026-01-15 09:17:48,Blended,80623,Wildmoor 23 Year Old Dark Moorland,Wildmoor ,70cl / 42%,135.0,(£231.43 per litre),Blended Scotch Whisky,,In Stock,https://www.thewhiskyexchange.com/p/80623/wildmoor-23-year-old-dark-moorland,https://img.thewhiskyexchange.com/380/blend_wil23yo.jpg?v=202407241,,,162,,4,4,1,3,Smoke|Stewed Fruit|Vanilla|Butterscotch|Candied peel|Almond,,Scotland,,Oloroso Sherry  Finish,
2026-01-15 09:17:48,Blended,71094,Woven Whisky Experience N.12 Echoes,Woven,50cl / 47.3%,42.46,(£101.90 per litre),Blended Scotch Whisky,,In Stock,https://www.thewhiskyexchange.com/p/71094/woven-whisky-experience-n12-echoes,https://img.thewhiskyexchange.com/380/blend_wov12.jpg?v=202407241,,,50.95,,3,3,3,2,Apple|Malt|Smoke|Vanilla,,Scotland,,,
2026-01-15 09:17:48,Blended,71642,Royal Salute 21 Year Old The Miami Polo Edition,Royal Salute,70cl / 40%,179.17,(£307.14 per litre),Blended Scotch Whisky,,In Stock,https://www.thewhiskyexchange.com/p/71642/royal-salute-21-year-old-the-miami-polo-edition,https://img.thewhiskyexchange.com/380/blend_roy21yov3.jpg?v=202407241,,,215,,3,1,0,3,Apricot|Pear|White chocolate|Lemon|Honey|Coconut,,Scotland,,,
2026-01-15 09:17:48,Blended,67660,Pure Scot Signature 106,Pure Scot ,70cl / 53%,45.62,(£78.21 per litre),Blended Scotch Whisky,,In Stock,https://www.thewhiskyexchange.com/p/67660/pure-scot-signature-106,https://img.thewhiskyexchange.com/380/blend_pur4.jpg?v=202407241,,,54.75,,3,3,2,3,Oak|Vanilla|Apple|Orange|Ginger|Toffee,,Scotland,,,Yes
2026-01-15 09:17:48,Blended,71810,Ardray Blended Scotch Whisky,Ardray,70cl / 48%,47.92,(£82.14 per litre),Blended Scotch Whisky,,In Stock,https://www.thewhiskyexchange.com/p/71810/ardray-blended-scotch-whisky,https://img.thewhiskyexchange.com/380/blend_ard1.jpg?v=202407241,,,57.50,,3,2,1,3,Vanilla|Custard|Orange|Apple|Plums|Smoke,,Scotland,,,
2026-01-15 09:17:48,Blended,71096,Woven Whisky Experience N.14 Kaleidoscopic,Woven,50cl / 51.7%,70.79,(£169.90 per litre),Blended Scotch Whisky,,In Stock,https://www.thewhiskyexchange.com/p/71096/woven-whisky-experience-n14-kaleidoscopic,https://img.thewhiskyexchange.com/380/blend_wov14.jpg?v=202407241,,,84.95,,3,3,1,2,Wildflowers|Marzipan|Apple|Smoke|Leaves,,Scotland,,,
2026-01-15 09:17:48,Blended,62603,Dewar's Double Double 21 Year Old,Dewar's,50cl / 46%,116.67,(£280 per litre),Blended Scotch Whisky,,In Stock,https://www.thewhiskyexchange.com/p/62603/dewars-double-double-21-year-old,https://img.thewhiskyexchange.com/380/blend_dew21yo.jpg?v=202407241,,,140,,3,3,0,3,Dried Fruit|Cinnamon|Clove|Christmas Cake|Orange|Sultana,Distillery Bottling,Scotland,,Oloroso Sherry  Finish,
2026-01-15 09:17:48,Blended,16105,Johnnie Walker Black Label / Extra Special / Bot.1970s,Johnnie Walker,75cl / 40%,187.5,(£300 per litre),Blended Scotch Whisky,,In Stock,https://www.thewhiskyexchange.com/p/16105/johnnie-walker-black-label-extra-special-bot1970s,https://img.thewhiskyexchange.com/380/blend_joh98.jpg?v=202407241,,,,,,,,,,,,,,
2026-01-15 09:17:48,Blended,11144,Hazelwood Centennial Reserve / 20 Year Old,Hazelwood,70cl / 40%,395.83,(£678.57 per litre),Blended Scotch Whisky,,In Stock,https://www.thewhiskyexchange.com/p/11144/hazelwood-centennial-reserve-20-year-old,https://img.thewhiskyexchange.com/380/blend_haz1.jpg?v=202407241,,,,,,,,,,,,,,
2026-01-15 09:17:48,Blended,63689,J&B 15 Year Old / Reserve / Bot.1990s,J&B,75cl / 40%,83.29,(£133.27 per litre),Blended Scotch Whisky,,In Stock,https://www.thewhiskyexchange.com/p/63689/jb-15-year-old-reserve-bot1990s,https://img.thewhiskyexchange.com/380/blend_j!b41.jpg?v=202407241,,,99.95,,,,,,,,Scotland,,,
2026-01-15 09:17:48,Blended,83612,J&B 15 Year Old Reserve / Litre,J&B,100cl / 40%,62.46,,Blended Scotch Whisky,,In Stock,https://www.thewhiskyexchange.com/p/83612/jb-15-year-old-reserve-litre,https://img.thewhiskyexchange.com/380/blend_j!b15yo.jpg?v=202407241,,,,,,,,,,,,,,
2026-01-15 09:17:48,Blended,82550,Woven Homemade Whisky / Sherried Scotch Blend,Woven,70cl / 46.4%,36.25,(£62.14 per litre),Blended Scotch Whisky,,In Stock,https://www.thewhiskyexchange.com/p/82550/woven-homemade-whisky-sherried-scotch-blend,https://img.thewhiskyexchange.com/380/blend_wov21.jpg?v=202407241,,,,,,,,,,,,,,
2026-01-15 09:17:48,Blended,79555,Compass Box Art & Decadence,Compass Box,70cl / 49%,120.83,(£207.14 per litre),Blended Scotch Whisky,,In Stock,https://www.thewhiskyexchange.com/p/79555/compass-box-art-decadence,https://img.thewhiskyexchange.com/380/blend_com17.jpg?v=202407241,,,145,,,,,,,Compass Box,Scotland,,,No
2026-01-15 09:17:48,Blended,82066,Dewar's Double Double 27 Year Old,Dewar's,50cl / 46%,240.0,(£576 per litre),Blended Scotch Whisky,,In Stock,https://www.thewhiskyexchange.com/p/82066/dewars-double-double-27-year-old,https://img.thewhiskyexchange.com/380/blend_dew27yo.jpg?v=202407241,,,,,,,,,,,,,,
2026-01-15 09:17:48,Blended,41413,Johnnie Walker 18 Year Old / Gold Label / Bot.1990s,Johnnie Walker,75cl / 43%,145.83,(£233.33 per litre),Blended Scotch Whisky,,In Stock,https://www.thewhiskyexchange.com/p/41413/johnnie-walker-18-year-old-gold-label-bot1990s,https://img.thewhiskyexchange.com/380/blend_joh211.jpg?v=202407241,,,,,,,,,,,,,,
2026-01-15 09:17:48,Blended,13126,Teacher's Highland Cream / Bot.1980s,Teacher's,75cl / 40%,66.62,(£106.60 per litre),Blended Scotch Whisky,,In Stock,https://www.thewhiskyexchange.com/p/13126/teachers-highland-cream-bot1980s,https://img.thewhiskyexchange.com/380/blend_tea8.jpg?v=202407241,,,79.95,,,,,,,,Scotland,,,Yes
2026-01-15 09:17:48,Blended,63703,Johnnie Walker Swing / Bot.1980s,Johnnie Walker,75cl / 43.4%,208.33,(£333.33 per litre),Blended Scotch Whisky,,In Stock,https://www.thewhiskyexchange.com/p/63703/johnnie-walker-swing-bot1980s,https://img.thewhiskyexchange.com/380/blend_joh321.jpg?v=202407241,,,250,,,,,,,,Scotland,,,
2026-01-15 09:17:53,Blended,80225,Chivas Regal 15 Year Old XV / Gold Bottle,Chivas Regal,70cl / 40%,42.08,(£72.14 per litre),Blended Scotch Whisky,,In Stock,https://www.thewhiskyexchange.com/p/80225/chivas-regal-15-year-old-xv-gold-bottle,https://img.thewhiskyexchange.com/380/blend_chi15yo.jpg?v=202407241,,,50.50,,,,,,,,Scotland,,,
2026-01-15 09:17:53,Blended,86587,Chivas Regal 18 Year Old American Oak / Ultimate Cask Collection 1,Chivas Regal,100cl / 48%,125.0,,Blended Scotch Whisky,,In Stock,https://www.thewhiskyexchange.com/p/86587/chivas-regal-18-year-old-american-oak-ultimate-cask-collection-1,https://img.thewhiskyexchange.com/380/blend_chi18yov6.jpg?v=202407241,,,150,,2,2,0,3,Vanilla|Nougat|Caramel|Chestnut,,Scotland,,,
2026-01-15 09:17:53,Blended,20000,Chivas Regal 18 Year Old Pininfarina Level 1,Chivas Regal,70cl / 40%,165.83,(£284.29 per litre),Blended Scotch Whisky,,In Stock,https://www.thewhiskyexchange.com/p/20000/chivas-regal-18-year-old-pininfarina-level-1,https://img.thewhiskyexchange.com/380/blend_chi36.jpg?v=202407241,,,199,,,,,,,,Scotland,,,Yes
2026-01-15 09:17:53,Blended,80405,Chivas Regal 18 Year Old French Oak / Ultimate Cask Collection,Chivas Regal,100cl / 48%,125.0,,Blended Scotch Whisky,,In Stock,https://www.thewhiskyexchange.com/p/80405/chivas-regal-18-year-old-french-oak-ultimate-cask-collection,https://img.thewhiskyexchange.com/380/blend_chi18yov1.jpg?v=202407241,,,150,,,,,,Malt|Honey|Stewed Fruit|Butterscotch,,Scotland,,,
2026-01-15 09:17:53,Blended,60013,Ballantine's 23 Year Old,Ballantine's,70cl / 40%,195.0,(£334.29 per litre),Blended Scotch Whisky,,In Stock,https://www.thewhiskyexchange.com/p/60013/ballantines-23-year-old,https://img.thewhiskyexchange.com/380/blend_bal23yo.jpg?v=202407241,,,234,,,,,,Vanilla|Oak|Apple|Pear|Peach|Orange,,Scotland,,,
2026-01-15 09:17:53,Blended,59289,Johnnie Walker Premier,Johnnie Walker,75cl / 43%,208.33,(£333.33 per litre),Blended Scotch Whisky,,In Stock,https://www.thewhiskyexchange.com/p/59289/johnnie-walker-premier,https://img.thewhiskyexchange.com/380/blend_joh303.jpg?v=202407241,,,,,,,,,,,,,,
2026-01-15 09:17:53,Blended,86173,Johnnie Walker Vault The Couture Blend,Johnnie Walker,70cl / 44.8%,1562.5,"(£2,678.57 per litre)",Blended Scotch Whisky,,In Stock,https://www.thewhiskyexchange.com/p/86173/johnnie-walker-vault-the-couture-blend,https://img.thewhiskyexchange.com/380/blend_joh348.jpg?v=202407241,,,,,,,,,,,,,,
2026-01-15 09:17:53,Blended,86797,Dunhill Speyside Gentleman's Blend / Bot.1990s,Dunhill,70cl / 43%,145.83,(£250 per litre),Blended Scotch Whisky,,In Stock,https://www.thewhiskyexchange.com/p/86797/dunhill-speyside-gentlemans-blend-bot1990s,https://img.thewhiskyexchange.com/380/blend_dun24.jpg?v=202407241,,,175,,,,,,,,Scotland,,,
2026-01-15 09:17:53,Blended,86796,Dunhill Old Master / Bot.1990s,Dunhill,70cl / 43%,125.0,(£214.29 per litre),Blended Scotch Whisky,,In Stock,https://www.thewhiskyexchange.com/p/86796/dunhill-old-master-bot1990s,https://img.thewhiskyexchange.com/380/blend_dun23.jpg?v=202407241,,,150,,,,,,,,Scotland,,,
2026-01-15 09:17:53,Blended,86496,Johnnie Walker 12 Year Old / Black Label / Bot.1980s,Johnnie Walker,100cl / 43%,249.17,,Blended Scotch Whisky,,In Stock,https://www.thewhiskyexchange.com/p/86496/johnnie-walker-12-year-old-black-label-bot1980s,https://img.thewhiskyexchange.com/380/blend_joh349.jpg?v=202407241,,,299,,,,,,,,Scotland,,,
2026-01-15 09:17:53,Blended,86434,Adelphi Private Stock Reserve Peated Blended Whisky,Adelphi,70cl / 46%,33.12,(£56.79 per litre),Blended Scotch Whisky,,In Stock,https://www.thewhiskyexchange.com/p/86434/adelphi-private-stock-reserve-peated-blended-whisky,https://img.thewhiskyexchange.com/380/blend_adl1.jpg?v=202407241,,,39.75,,,,,,,,Scotland,,,No
2026-01-15 09:17:53,Blended,86214,Chivas Regal 18 Year Old Margaux Wine Cask / Litre,Chivas Regal,100cl / 48%,104.17,,Blended Scotch Whisky,,In Stock,https://www.thewhiskyexchange.com/p/86214/chivas-regal-18-year-old-margaux-wine-cask-litre,https://img.thewhiskyexchange.com/380/blend_chi18yov3.jpg?v=202407241,,,125,,2,3,0,2,Apricot|Toast|Vanilla|Blackberry|Toffee,,Scotland,,Margaux Red Wine,
2026-01-15 09:17:53,Blended,86164,J&B Jet / 15 Year Old / Bot.1990s,J&B,75cl / 43%,74.96,(£119.93 per litre),Blended Scotch Whisky,,In Stock,https://www.thewhiskyexchange.com/p/86164/jb-jet-15-year-old-bot1990s,https://img.thewhiskyexchange.com/380/blend_j!b15yov1.jpg?v=202407241,,,89.95,,,,,,,,Scotland,,,
2026-01-15 09:17:53,Blended,86122,Ballantine's 17 Year Old / Bot.1960s,Ballantine's,75cl / 43%,500.0,(£800 per litre),Blended Scotch Whisky,,In Stock,https://www.thewhiskyexchange.com/p/86122/ballantines-17-year-old-bot1960s,https://img.thewhiskyexchange.com/380/blend_bal135.jpg?v=202407241,,,600,,,,,,,,Scotland,,,
2026-01-15 09:17:53,Blended,85900,Royal Salute 26 Year Old Kingdom Edition / Colheita Port Finish,Royal Salute,70cl / 40%,458.33,(£785.71 per litre),Blended Scotch Whisky,,In Stock,https://www.thewhiskyexchange.com/p/85900/royal-salute-26-year-old-kingdom-edition-colheita-port-finish,https://img.thewhiskyexchange.com/380/blend_roy26yo.jpg?v=202407241,,,,,,,,,,,,,,
2026-01-15 09:17:53,Blended,85822,Bell's 8 Year Old Extra Special / Millennium 2000,Bell's,70cl / 40%,83.29,(£142.79 per litre),Blended Scotch Whisky,,In Stock,https://www.thewhiskyexchange.com/p/85822/bells-8-year-old-extra-special-millennium-2000,https://img.thewhiskyexchange.com/380/blend_bel83.jpg?v=202407241,,,99.95,,,,,,,,Scotland,,,
2026-01-15 09:17:53,Blended,85712,Whyte & Mackay 21 Year Old / Masters Reserve,Whyte & Mackay,70cl / 43%,165.83,(£284.29 per litre),Blended Scotch Whisky,,In Stock,https://www.thewhiskyexchange.com/p/85712/whyte-mackay-21-year-old-masters-reserve,https://img.thewhiskyexchange.com/380/blend_why66.jpg?v=202407241,,,199,,,,,,,,Scotland,,,
2026-01-15 09:17:53,Blended,85681,Chivas Regal 18 Year Old / Bot.1990s,Chivas Regal,70cl / 40%,145.83,(£250 per litre),Blended Scotch Whisky,,In Stock,https://www.thewhiskyexchange.com/p/85681/chivas-regal-18-year-old-bot1990s,https://img.thewhiskyexchange.com/380/blend_chi116.jpg?v=202407241,,,175,,,,,,,,Scotland,,,
2026-01-15 09:17:53,Blended,85550,Something Special / Bot.1980s,Something Special,75cl / 40%,125.0,(£200 per litre),Blended Scotch Whisky,,In Stock,https://www.thewhiskyexchange.com/p/85550/something-special-bot1980s,https://img.thewhiskyexchange.com/380/blend_som14.jpg?v=202407241,,,150,,,,,,,,Scotland,,,
2026-01-15 09:17:53,Blended,85328,Johnnie Walker Masters of Flavour 48 Year Old,Johnnie Walker,70cl / 41.8%,15625.0,"(£26,785.71 per litre)",Blended Scotch Whisky,,In Stock,https://www.thewhiskyexchange.com/p/85328/johnnie-walker-masters-of-flavour-48-year-old,https://img.thewhiskyexchange.com/380/blend_joh48yo.jpg?v=202407241,,,18750,,4,4,2,3,Seaweed|Blackcurrant|Cinnamon|Apple|Leather|Earth,,Scotland,,,
2026-01-15 09:17:53,Blended,85327,Johnnie Walker Masters Ruby Reserve 40 Year Old,Johnnie Walker,70cl / 43%,11875.0,"(£20,357.14 per litre)",Blended Scotch Whisky,,In Stock,https://www.thewhiskyexchange.com/p/85327/johnnie-walker-masters-ruby-reserve-40-year-old,https://img.thewhiskyexchange.com/380/blend_joh40yo.jpg?v=202407241,,,,,,,,,,,,,,
2026-01-15 09:17:53,Blended,85310,John Player Special / Bot.1980s,John Player ,100cl / 40%,49.96,,Blended Scotch Whisky,,In Stock,https://www.thewhiskyexchange.com/p/85310/john-player-special-bot1980s,https://img.thewhiskyexchange.com/380/blend_joh347.jpg?v=202407241,,,59.95,,,,,,,,Scotland,,,
2026-01-15 09:17:53,Blended,85256,Johnnie Walker Old Harmony / Bot.1980s,Johnnie Walker,75cl / 43%,249.17,(£398.67 per litre),Blended Scotch Whisky,,In Stock,https://www.thewhiskyexchange.com/p/85256/johnnie-walker-old-harmony-bot1980s,https://img.thewhiskyexchange.com/380/blend_joh346.jpg?v=202407241,,,,,,,,,,,,,,
2026-01-15 09:17:53,Blended,85082,Lochside 1964 Single Blend / 61 Year Old / Duncan Taylor,Lochside,70cl / 45.8%,3437.5,"(£5,892.86 per litre)",Blended Scotch Whisky,,In Stock,https://www.thewhiskyexchange.com/p/85082/lochside-1964-single-blend-61-year-old-duncan-taylor,https://img.thewhiskyexchange.com/380/blend_lcs1964.jpg?v=202407241,,,4125,,4,4,0,3,Apple|Maple syrup|Strawberry|Mushroom|Leather|Raspberry,Duncan Taylor,Scotland,,Sherry,
2026-01-15 09:17:57,Blended,84935,Logan De Luxe / Bot.1970s,Logan ,100cl / 40%,125.0,,Blended Scotch Whisky,,In Stock,https://www.thewhiskyexchange.com/p/84935/logan-de-luxe-bot1970s,https://img.thewhiskyexchange.com/380/blend_log19.jpg?v=202407241,,,150,,,,,,,,Scotland,,,
2026-01-15 09:17:57,Blended,84660,Chivas The Queen's Award for Export 1995,Chivas,75cl / 43%,249.17,(£398.67 per litre),Blended Scotch Whisky,,In Stock,https://www.thewhiskyexchange.com/p/84660/chivas-the-queens-award-for-export-1995,https://img.thewhiskyexchange.com/380/blend_chi114.jpg?v=202407241,,,,,,,,,,,,,,
2026-01-15 09:17:57,Blended,84631,Tarot 3 The Empress Blended Scotch 2007 / 17 Year Old / North Star,North Star Spirits,70cl / 45.5%,41.62,(£71.36 per litre),Blended Scotch Whisky,,In Stock,https://www.thewhiskyexchange.com/p/84631/tarot-3-the-empress-blended-scotch-2007-17-year-old-north-star,https://img.thewhiskyexchange.com/380/blend_nss2007.jpg?v=202407241,,,49.95,,4,3,0,3,Malt|Hazelnut|Honey|Butter|Dried Fruit|Oak,North Star Spirits,Scotland,,,
2026-01-15 09:17:57,Blended,84320,Whyte & Mackay 21 Year Old / Gold Medallion / Bot.1980s,Whyte & Mackay,75cl / 43%,165.83,(£265.33 per litre),Blended Scotch Whisky,,In Stock,https://www.thewhiskyexchange.com/p/84320/whyte-mackay-21-year-old-gold-medallion-bot1980s,https://img.thewhiskyexchange.com/380/blend_why65.jpg?v=202407241,,,199,,,,,,,,Scotland,,,
2026-01-15 09:17:57,Blended,83502,Anchor Blend / Bot.1960s,Anchor,70cl / 40%,125.0,(£214.29 per litre),Blended Scotch Whisky,,In Stock,https://www.thewhiskyexchange.com/p/83502/anchor-blend-bot1960s,https://img.thewhiskyexchange.com/380/blend_anc1.jpg?v=202407241,,,150,,,,,,,,Scotland,,,
2026-01-15 09:17:57,Blended,83135,Grand Old Parr De Luxe / Bot.1970s,Old Parr,100cl / 43%,145.83,,Blended Scotch Whisky,,In Stock,https://www.thewhiskyexchange.com/p/83135/grand-old-parr-de-luxe-bot1970s,https://img.thewhiskyexchange.com/380/blend_par56.jpg?v=202407241,,,,,,,,,,,,,,
2026-01-15 09:17:57,Blended,83134,Grand Old Parr De Luxe / Bot.1970s,Old Parr,113cl / 40%,145.83,(£154.87 per litre),Blended Scotch Whisky,,In Stock,https://www.thewhiskyexchange.com/p/83134/grand-old-parr-de-luxe-bot1970s,https://img.thewhiskyexchange.com/380/blend_par55.jpg?v=202407241,,,,,,,,,,,,,,
2026-01-15 09:17:57,Blended,83132,Ballantine's 12 Year Old / Bot.1980s,Ballantine's,75cl / 40%,112.5,(£180 per litre),Blended Scotch Whisky,,In Stock,https://www.thewhiskyexchange.com/p/83132/ballantines-12-year-old-bot1980s,https://img.thewhiskyexchange.com/380/blend_bal129.jpg?v=202407241,,,135,,,,,,,,Scotland,,,
2026-01-15 09:17:57,Blended,83045,Bell's Royal Reserve 20 Year Old / Bot.1970s,Bell's,75cl / 43%,187.5,(£300 per litre),Blended Scotch Whisky,,In Stock,https://www.thewhiskyexchange.com/p/83045/bells-royal-reserve-20-year-old-bot1970s,https://img.thewhiskyexchange.com/380/blend_bel82.jpg?v=202407241,,,,,,,,,,,,,,
2026-01-15 09:17:57,Blended,83022,Chivas Imperial 18 Year Old / Bot.1990s,Chivas,70cl / 43%,165.83,(£284.29 per litre),Blended Scotch Whisky,,In Stock,https://www.thewhiskyexchange.com/p/83022/chivas-imperial-18-year-old-bot1990s,https://img.thewhiskyexchange.com/380/blend_chi113.jpg?v=202407241,,,,,,,,,,,,,,
2026-01-15 09:17:57,Blended,82996,Bell's Extra Special / Bot.1980s,Bell's,75cl / 40%,79.12,(£126.60 per litre),Blended Scotch Whisky,,In Stock,https://www.thewhiskyexchange.com/p/82996/bells-extra-special-bot1980s,https://img.thewhiskyexchange.com/380/blend_bel80.jpg?v=202407241,,,94.95,,,,,,,,Scotland,,,
2026-01-15 09:17:57,Blended,82994,Bell's Extra Special / Bot.1970s,Bell's,100cl / 43%,125.0,,Blended Scotch Whisky,,In Stock,https://www.thewhiskyexchange.com/p/82994/bells-extra-special-bot1970s,https://img.thewhiskyexchange.com/380/blend_bel79.jpg?v=202407241,,,,,,,,,,,,,,
2026-01-15 09:17:57,Blended,82804,Old Parr Seasons Summer,Old Parr,50cl / 43%,104.17,(£250 per litre),Blended Scotch Whisky,,In Stock,https://www.thewhiskyexchange.com/p/82804/old-parr-seasons-summer,https://img.thewhiskyexchange.com/380/blend_par54.jpg?v=202407241,,,125,,,,,,,,Scotland,,,
2026-01-15 09:17:57,Blended,82590,Whyte & Mackay 21 Year Old / Bot.1980s,Whyte & Mackay,75cl / 43%,165.83,(£265.33 per litre),Blended Scotch Whisky,,In Stock,https://www.thewhiskyexchange.com/p/82590/whyte-mackay-21-year-old-bot1980s,https://img.thewhiskyexchange.com/380/blend_why63.jpg?v=202407241,,,199,,,,,,,,Scotland,,,
2026-01-15 09:17:57,Blended,82484,Ballantine's 17 Year Old / Bot.1980s,Ballantine's,75cl / 43%,208.33,(£333.33 per litre),Blended Scotch Whisky,,In Stock,https://www.thewhiskyexchange.com/p/82484/ballantines-17-year-old-bot1980s,https://img.thewhiskyexchange.com/380/blend_bal127.jpg?v=202407241,,,250,,,,,,,,Scotland,,,
2026-01-15 09:17:57,Blended,82370,Johnnie Walker Premier,Johnnie Walker,75cl / 43%,208.33,(£333.33 per litre),Blended Scotch Whisky,,In Stock,https://www.thewhiskyexchange.com/p/82370/johnnie-walker-premier,https://img.thewhiskyexchange.com/380/blend_joh290.jpg?v=202407241,,,,,,,,,,,,,,
2026-01-15 09:17:57,Blended,82285,Ballantine's 19 Year Old Signature / Bot.1980s,Ballantine's,75cl / 43%,165.83,(£265.33 per litre),Blended Scotch Whisky,,In Stock,https://www.thewhiskyexchange.com/p/82285/ballantines-19-year-old-signature-bot1980s,https://img.thewhiskyexchange.com/380/blend_bal125.jpg?v=202407241,,,199,,,,,,,,Scotland,,,
2026-01-15 09:17:57,Blended,82281,Whyte & Mackay 21 Year Old / Special Reserve / Bot.1980s,Whyte & Mackay,75cl / 43%,165.83,(£265.33 per litre),Blended Scotch Whisky,,In Stock,https://www.thewhiskyexchange.com/p/82281/whyte-mackay-21-year-old-special-reserve-bot1980s,https://img.thewhiskyexchange.com/380/blend_why62.jpg?v=202407241,,,199,,,,,,,,Scotland,,,
2026-01-15 09:17:57,Blended,82252,William Lawson's 8 Year Old / Bot.1970s,William Lawson's,75cl / 43%,125.0,(£200 per litre),Blended Scotch Whisky,,In Stock,https://www.thewhiskyexchange.com/p/82252/william-lawsons-8-year-old-bot1970s,https://img.thewhiskyexchange.com/380/blend_law5.jpg?v=202407241,,,150,,,,,,,,Scotland,,,
2026-01-15 09:17:57,Blended,82226,Big T 5 Year Old / Bot.1980s,Big T ,100cl / 40%,70.79,,Blended Scotch Whisky,,In Stock,https://www.thewhiskyexchange.com/p/82226/big-t-5-year-old-bot1980s,https://img.thewhiskyexchange.com/380/blend_big4.jpg?v=202407241,,,84.95,,,,,,,,Scotland,,,
2026-01-15 09:17:57,Blended,82118,Johnnie Walker Blue Label Ice Chalet,Johnnie Walker,70cl / 43%,270.83,(£464.29 per litre),Blended Scotch Whisky,,In Stock,https://www.thewhiskyexchange.com/p/82118/johnnie-walker-blue-label-ice-chalet,https://img.thewhiskyexchange.com/380/blend_joh289.jpg?v=202407241,,,325,,4,4,2,3,Heather|Honeycomb|Peat smoke|Stewed Fruit|Vanilla,,Scotland,,,
2026-01-15 09:17:57,Blended,82067,Dewar's Double Double 32 Year Old,Dewar's,50cl / 46%,341.67,(£820 per litre),Blended Scotch Whisky,,In Stock,https://www.thewhiskyexchange.com/p/82067/dewars-double-double-32-year-old,https://img.thewhiskyexchange.com/380/blend_dew32yo.jpg?v=202407241,,,410,,4,4,0,4,Dried Fruit|Raisins|Hazelnut|Honey,,Scotland,,Pedro Ximenez  Sherry  Finish,No
2026-01-15 09:17:57,Blended,81874,White Heather 8 Year Old / Bot.1980s,White Heather,75cl / 40%,145.83,(£233.33 per litre),Blended Scotch Whisky,,In Stock,https://www.thewhiskyexchange.com/p/81874/white-heather-8-year-old-bot1980s,https://img.thewhiskyexchange.com/380/blend_whi99.jpg?v=202407241,,,,,,,,,,,,,,
2026-01-15 09:17:57,Blended,81809,White Heather De Luxe / Bot.1970s,White Heather,75cl / 40%,145.83,(£233.33 per litre),Blended Scotch Whisky,,In Stock,https://www.thewhiskyexchange.com/p/81809/white-heather-de-luxe-bot1970s,https://img.thewhiskyexchange.com/380/blend_whi98.jpg?v=202407241,,,175,,,,,,,,Scotland,,,
2026-01-15 09:18:01,Blended,81808,Big T / 5 Year Old / Bot.1970s,Big T ,75cl / 40%,83.29,(£133.27 per litre),Blended Scotch Whisky,,In Stock,https://www.thewhiskyexchange.com/p/81808/big-t-5-year-old-bot1970s,https://img.thewhiskyexchange.com/380/blend_big3.jpg?v=202407241,,,99.95,,,,,,,,Scotland,,,
2026-01-15 09:18:01,Blended,81779,Royal Salute 21 Year Old Harris Reed Edition / Gold Flagon,Royal Salute,70cl / 40%,208.33,(£285.71 per litre),Blended Scotch Whisky,Special Offer: £50 Off!,In Stock,https://www.thewhiskyexchange.com/p/81779/royal-salute-21-year-old-harris-reed-edition-gold-flagon,https://img.thewhiskyexchange.com/380/blend_roy21yov7.jpg?v=202407241,,,200,250,4,4,0,3,Peach|Dark Chocolate|Coconut|Cinnamon|Pecan,,Scotland,,,
2026-01-15 09:18:01,Blended,81767,Whyte & Mackay 18 Year Old / Founders Reserve / Bot.1980s,Whyte & Mackay,75cl / 43%,125.0,(£200 per litre),Blended Scotch Whisky,,In Stock,https://www.thewhiskyexchange.com/p/81767/whyte-mackay-18-year-old-founders-reserve-bot1980s,https://img.thewhiskyexchange.com/380/blend_why58.jpg?v=202407241,,,150,,,,,,,,Scotland,,,
2026-01-15 09:18:01,Blended,81509,Ballantine's 12 Year Old / Litre / Bot.1980s,Ballantine's,100cl / 43%,145.83,,Blended Scotch Whisky,,In Stock,https://www.thewhiskyexchange.com/p/81509/ballantines-12-year-old-litre-bot1980s,https://img.thewhiskyexchange.com/380/blend_bal124.jpg?v=202407241,,,,,,,,,,,,,,
2026-01-15 09:18:01,Blended,81328,Johnnie Walker 15 Year Old / Gold Label / Bot.1990s,Johnnie Walker,75cl / 43%,416.67,(£666.67 per litre),Blended Scotch Whisky,,In Stock,https://www.thewhiskyexchange.com/p/81328/johnnie-walker-15-year-old-gold-label-bot1990s,https://img.thewhiskyexchange.com/380/blend_joh288.jpg?v=202407241,,,,,,,,,,,,,,
2026-01-15 09:18:01,Blended,81274,Chivas Regal 25 Year Old,Chivas Regal,70cl / 40%,298.33,(£511.43 per litre),Blended Scotch Whisky,Special Offer: Free Pair of Chivas Cufflinks,In Stock,https://www.thewhiskyexchange.com/p/81274/chivas-regal-25-year-old,https://img.thewhiskyexchange.com/380/blend_chi25yo.jpg?v=202407241,,,358,,3,3,1,3,Orange|Peach|Marzipan|Walnut|Butterscotch,,Scotland,,,
2026-01-15 09:18:01,Blended,81209,Antiquary 30 Year Old / Sherry Cask Finish,Antiquary,70cl / 40%,220.83,(£378.57 per litre),Blended Scotch Whisky,,In Stock,https://www.thewhiskyexchange.com/p/81209/antiquary-30-year-old-sherry-cask-finish,https://img.thewhiskyexchange.com/380/blend_ant30yo.jpg?v=202407241,,,265,,4,4,0,3,Walnut|Cashew|Stewed Fruit|Plums|White Pepper|Honeycomb,,Scotland,,Sherry  Finish,
2026-01-15 09:18:01,Blended,80812,Chivas Imperial 18 Year Old / Bot.1990s,Chivas,70cl / 43%,165.83,(£284.29 per litre),Blended Scotch Whisky,,In Stock,https://www.thewhiskyexchange.com/p/80812/chivas-imperial-18-year-old-bot1990s,https://img.thewhiskyexchange.com/380/blend_chi112.jpg?v=202407241,,,,,,,,,,,,,,
2026-01-15 09:18:01,Blended,80752,White Horse / Bot.1960s,White Horse,75.7cl / 43%,332.5,(£527.08 per litre),Blended Scotch Whisky,,In Stock,https://www.thewhiskyexchange.com/p/80752/white-horse-bot1960s,https://img.thewhiskyexchange.com/380/blend_whi97.jpg?v=202407241,,,399,,,,,,,,Scotland,,,
2026-01-15 09:18:01,Blended,80701,House of Commons 12 Year Old / Bot.1980s,House of Commons,75cl / 40%,125.0,(£200 per litre),Blended Scotch Whisky,,In Stock,https://www.thewhiskyexchange.com/p/80701/house-of-commons-12-year-old-bot1980s,https://img.thewhiskyexchange.com/380/blend_hou12.jpg?v=202407241,,,150,,,,,,,,Scotland,,,Yes
2026-01-15 09:18:01,Blended,80658,Compass Box Celestial,Compass Box,70cl / 50%,237.5,(£407.14 per litre),Blended Scotch Whisky,,In Stock,https://www.thewhiskyexchange.com/p/80658/compass-box-celestial,https://img.thewhiskyexchange.com/380/blend_com18.jpg?v=202407241,,,285,,,,,,,,Scotland,,,No
2026-01-15 09:18:01,Blended,80624,Wildmoor 30 Year Old Rugged Coast,Wildmoor ,70cl / 42%,308.33,(£528.57 per litre),Blended Scotch Whisky,,In Stock,https://www.thewhiskyexchange.com/p/80624/wildmoor-30-year-old-rugged-coast,https://img.thewhiskyexchange.com/380/blend_wil30yo.jpg?v=202407241,,,,,,,,,,,,,,
2026-01-15 09:18:01,Blended,80396,Royal Salute 21 Year Old Peated Blend,Royal Salute,70cl / 40%,137.5,(£235.71 per litre),Blended Scotch Whisky,,In Stock,https://www.thewhiskyexchange.com/p/80396/royal-salute-21-year-old-peated-blend,https://img.thewhiskyexchange.com/380/blend_roy21yov6.jpg?v=202407241,,,165,,,,,,Peat smoke|Hazelnut|Clove|Orange|Mango|Peach,,Scotland,,,
2026-01-15 09:18:01,Blended,80218,Black & White / Bot.1970s,Black & White,75cl / 40%,100.0,(£160 per litre),Blended Scotch Whisky,,In Stock,https://www.thewhiskyexchange.com/p/80218/black-white-bot1970s,https://img.thewhiskyexchange.com/380/blend_bla98.jpg?v=202407241,,,120,,,,,,,,Scotland,,,
2026-01-15 09:18:01,Blended,80141,Bell's 12 Year Old / Bot.1990s,Bell's,100cl / 43%,112.5,,Blended Scotch Whisky,,In Stock,https://www.thewhiskyexchange.com/p/80141/bells-12-year-old-bot1990s,https://img.thewhiskyexchange.com/380/blend_bel76.jpg?v=202407241,,,135,,,,,,,,Scotland,,,Yes
2026-01-15 09:18:01,Blended,80106,Isle of Skye 30 Year Old Blended Whisky,Isle of Skye,70cl / 40%,249.17,(£427.14 per litre),Blended Scotch Whisky,,In Stock,https://www.thewhiskyexchange.com/p/80106/isle-of-skye-30-year-old-blended-whisky,https://img.thewhiskyexchange.com/380/blend_isl30yo.jpg?v=202407241,,,,,,,,,,,,,,
2026-01-15 09:18:01,Blended,80104,Isle of Skye 21 Year Old Blended Whisky,Isle of Skye,70cl / 40%,98.33,(£168.57 per litre),Blended Scotch Whisky,,In Stock,https://www.thewhiskyexchange.com/p/80104/isle-of-skye-21-year-old-blended-whisky,https://img.thewhiskyexchange.com/380/blend_isl21yo.jpg?v=202407241,,,118,,3,3,3,3,Honey|Oats|Banana|Mango|Peat smoke,,Scotland,,,
2026-01-15 09:18:01,Blended,80102,Isle of Skye 12 Year Old Blended Whisky,Isle of Skye,70cl / 40%,27.46,(£47.07 per litre),Blended Scotch Whisky,,In Stock,https://www.thewhiskyexchange.com/p/80102/isle-of-skye-12-year-old-blended-whisky,https://img.thewhiskyexchange.com/380/blend_isl12yo.jpg?v=202407241,,,32.95,,3,3,3,3,Apricot|Dark Chocolate|Peat smoke|Gooseberry,,Scotland,,,
2026-01-15 09:18:01,Blended,79936,The Scotsman 8 Year Old / Bot.1970s,The Scotsman,75cl / 40%,145.83,(£233.33 per litre),Blended Scotch Whisky,,In Stock,https://www.thewhiskyexchange.com/p/79936/the-scotsman-8-year-old-bot1970s,https://img.thewhiskyexchange.com/380/blend_sco14.jpg?v=202407241,,,175,,,,,,,,Scotland,,,
2026-01-15 09:18:01,Blended,79788,Whyte & Mackay 18 Year Old / Founders Reserve,Whyte & Mackay,70cl / 40%,125.0,(£214.29 per litre),Blended Scotch Whisky,,In Stock,https://www.thewhiskyexchange.com/p/79788/whyte-mackay-18-year-old-founders-reserve,https://img.thewhiskyexchange.com/380/blend_why56.jpg?v=202407241,,,150,,,,,,,,Scotland,,,Yes
2026-01-15 09:18:01,Blended,79600,Buchanan's Deluxe / Bot.1950s / Spring Cap,Buchanan's,75cl / 43%,270.83,(£433.33 per litre),Blended Scotch Whisky,,In Stock,https://www.thewhiskyexchange.com/p/79600/buchanans-deluxe-bot1950s-spring-cap,https://img.thewhiskyexchange.com/380/blend_buc27.jpg?v=202407241,,,,,,,,,,,,,,
2026-01-15 09:18:01,Blended,73599,Johnnie Walker 18 Year Old Gold Label / Bot.1990s,Johnnie Walker,100cl / 43%,165.83,,Blended Scotch Whisky,,In Stock,https://www.thewhiskyexchange.com/p/73599/johnnie-walker-18-year-old-gold-label-bot1990s,https://img.thewhiskyexchange.com/380/blend_joh284.jpg?v=202407241,,,199,,,,,,,,Scotland,,,Yes
2026-01-15 09:18:01,Blended,73565,Cutty Sark Centenary Edition 23 Year Old,Cutty Sark,70cl / 52.2%,715.83,"(£1,227.14 per litre)",Blended Scotch Whisky,,In Stock,https://www.thewhiskyexchange.com/p/73565/cutty-sark-centenary-edition-23-year-old,https://img.thewhiskyexchange.com/380/blend_cut23yo.jpg?v=202407241,,,859,,3,3,0,3,Tobacco|Ginger|Malt|Candied peel,,Scotland,,,
2026-01-15 09:18:01,Blended,73549,Dimple / Bot.1950s / Spring Cap,Dimple,75cl / 40%,208.33,(£333.33 per litre),Blended Scotch Whisky,,In Stock,https://www.thewhiskyexchange.com/p/73549/dimple-bot1950s-spring-cap,https://img.thewhiskyexchange.com/380/blend_dim67.jpg?v=202407241,,,,,,,,,,,,,,
2026-01-15 09:18:06,Blended,73336,Ballantine's 12 Year Old / Bot.1980s,Ballantine's,75cl / 43%,112.5,(£180 per litre),Blended Scotch Whisky,,In Stock,https://www.thewhiskyexchange.com/p/73336/ballantines-12-year-old-bot1980s,https://img.thewhiskyexchange.com/380/blend_bal120.jpg?v=202407241,,,,,,,,,,,,,,
2026-01-15 09:18:06,Blended,73206,Haig Gold Label / NAAFI Stores / Bot.1950s,Haig,75cl / 40%,208.33,(£333.33 per litre),Blended Scotch Whisky,,In Stock,https://www.thewhiskyexchange.com/p/73206/haig-gold-label-naafi-stores-bot1950s,https://img.thewhiskyexchange.com/380/blend_hai61.jpg?v=202407241,,,250,,,,,,,,Scotland,,,
2026-01-15 09:18:06,Blended,73109,Black Bull 18 Year Old / Faldo Special Editio,Black Bull,70cl / 50%,101.67,(£174.29 per litre),Blended Scotch Whisky,,In Stock,https://www.thewhiskyexchange.com/p/73109/black-bull-18-year-old-faldo-special-editio,https://img.thewhiskyexchange.com/380/blend_bla18yo.jpg?v=202407241,,,,,,,,,,,,,,
2026-01-15 09:18:06,Blended,72863,Woven Whisky Experience N.17,Woven,50cl / 46.1%,58.54,(£140.50 per litre),Blended Scotch Whisky,,In Stock,https://www.thewhiskyexchange.com/p/72863/woven-whisky-experience-n17,https://img.thewhiskyexchange.com/380/blend_wov17.jpg?v=202407241,,,,,,,,,,,,,,
2026-01-15 09:18:06,Blended,72861,Woven Whisky Experience N.15,Woven,50cl / 45.8%,43.29,(£103.90 per litre),Blended Scotch Whisky,,In Stock,https://www.thewhiskyexchange.com/p/72861/woven-whisky-experience-n15,https://img.thewhiskyexchange.com/380/blend_wov15.jpg?v=202407241,,,51.95,,4,3,1,2,,,Scotland,,,
2026-01-15 09:18:06,Blended,72646,Compass Box Metropolis,Compass Box,70cl / 46%,212.5,(£364.29 per litre),Blended Scotch Whisky,,In Stock,https://www.thewhiskyexchange.com/p/72646/compass-box-metropolis,https://img.thewhiskyexchange.com/380/blend_com16.jpg?v=202407241,,,255,,,,,,,Compass Box,Scotland,,,No
2026-01-15 09:18:06,Blended,72481,Dewar's 12 Year Old,Dewar's,70cl / 40%,31.62,(£54.21 per litre),Blended Scotch Whisky,,In Stock,https://www.thewhiskyexchange.com/p/72481/dewars-12-year-old,https://img.thewhiskyexchange.com/380/blend_dew12yov1.jpg?v=202407241,,,,,,,,,,,,,,
2026-01-15 09:18:06,Blended,72455,Johnnie Walker 18 Year Old / Gold Label / Bot.1990s,Johnnie Walker,75cl / 40%,145.83,(£233.33 per litre),Blended Scotch Whisky,,In Stock,https://www.thewhiskyexchange.com/p/72455/johnnie-walker-18-year-old-gold-label-bot1990s,https://img.thewhiskyexchange.com/380/blend_joh283.jpg?v=202407241,,,175,,,,,,,,Scotland,,,Yes
2026-01-15 09:18:06,Blended,72217,Storyman Blended Whisky,Storyman,70cl / 46%,46.04,(£78.93 per litre),Blended Scotch Whisky,,In Stock,https://www.thewhiskyexchange.com/p/72217/storyman-blended-whisky,https://img.thewhiskyexchange.com/380/blend_sto1.jpg?v=202407241,,,55.25,,3,3,1,2,Vanilla|Caramel|Toffee|Apple|Apricot|Pear,,Scotland,,,
2026-01-15 09:18:06,Blended,71665,Cutty Sark 33 Year Old,Cutty Sark,70cl / 41.7%,538.33,(£922.86 per litre),Blended Scotch Whisky,,In Stock,https://www.thewhiskyexchange.com/p/71665/cutty-sark-33-year-old,https://img.thewhiskyexchange.com/380/blend_cut33yo.jpg?v=202407241,,,,,,,,,,,,,,
2026-01-15 09:18:06,Blended,71246,Gilbey's Spey Royal / Bot.1970s,Gilbey's,75cl / 40%,125.0,(£200 per litre),Blended Scotch Whisky,,In Stock,https://www.thewhiskyexchange.com/p/71246/gilbeys-spey-royal-bot1970s,https://img.thewhiskyexchange.com/380/blend_gil15.jpg?v=202407241,,,,,,,,,,,,,,
2026-01-15 09:18:06,Blended,71215,Hankey Bannister 21 Year Old / Batch 3,Hankey Bannister,70cl / 40%,97.5,(£167.14 per litre),Blended Scotch Whisky,,In Stock,https://www.thewhiskyexchange.com/p/71215/hankey-bannister-21-year-old-batch-3,https://img.thewhiskyexchange.com/380/blend_han21yo.jpg?v=202407241,,,117,,3,3,0,3,Dried Fruit|Vanilla|Toffee|Christmas Cake|Dark Chocolate|Cream,,Scotland,,,
2026-01-15 09:18:06,Blended,71095,Woven Whisky Experience N.13 Catalyst,Woven,50cl / 47.1%,53.29,(£127.90 per litre),Blended Scotch Whisky,,In Stock,https://www.thewhiskyexchange.com/p/71095/woven-whisky-experience-n13-catalyst,https://img.thewhiskyexchange.com/380/blend_wov13.jpg?v=202407241,,,63.95,,3,3,1,3,Dark Chocolate|Brine|Oak|Cinnamon|Cacao|Black Pepper,,Scotland,,,
2026-01-15 09:18:06,Blended,70503,Compass Box Delos,Compass Box,70cl / 49%,208.33,(£357.14 per litre),Blended Scotch Whisky,,In Stock,https://www.thewhiskyexchange.com/p/70503/compass-box-delos,https://img.thewhiskyexchange.com/380/blend_com15.jpg?v=202407241,,,250,,2,1,0,3,Orange|Pear|Vanilla|Honey|Heather|Pineapple,,Scotland,,,No
2026-01-15 09:18:06,Blended,70365,Royal Salute House of Quinn by Richard Quinn,Royal Salute,70cl / 49.8%,7916.67,"(£13,571.43 per litre)",Blended Scotch Whisky,,In Stock,https://www.thewhiskyexchange.com/p/70365/royal-salute-house-of-quinn-by-richard-quinn,https://img.thewhiskyexchange.com/380/blend_roy82.jpg?v=202407241,,,9500,,,,,,,,Scotland,,,
2026-01-15 09:18:06,Blended,70354,Ballantine's 21 Year Old,Ballantine's,70cl / 40%,112.5,(£192.86 per litre),Blended Scotch Whisky,,In Stock,https://www.thewhiskyexchange.com/p/70354/ballantines-21-year-old,https://img.thewhiskyexchange.com/380/blend_bal21yo.jpg?v=202407241,5,2,135,,2,2,0,3,Honey|Cinnamon|Apple|Dried Fruit|Honeysuckle|Oak,,Scotland,,,
2026-01-15 09:18:06,Blended,70247,Johnnie Walker Gold Label Reserve / Small Bottle,Johnnie Walker,20cl / 40%,8.29,(£4.98 per 10cl),Blended Scotch Whisky,,In Stock,https://www.thewhiskyexchange.com/p/70247/johnnie-walker-gold-label-reserve-small-bottle,https://img.thewhiskyexchange.com/380/blend_joh281.jpg?v=202407241,,,9.95,,2,2,1,3,Caramel|Honeysuckle|Vanilla|Butterscotch|Smoke,,Scotland,,,
2026-01-15 09:18:06,Blended,69911,Something Special De Luxe Whisky / Bot.1980s,Something Special,75cl / 40%,125.0,(£200 per litre),Blended Scotch Whisky,,In Stock,https://www.thewhiskyexchange.com/p/69911/something-special-de-luxe-whisky-bot1980s,https://img.thewhiskyexchange.com/380/blend_som11.jpg?v=202407241,,,150,,,,,,,,Scotland,,,
2026-01-15 09:18:06,Blended,69891,Johnnie Walker Premier,Johnnie Walker,75cl / 43%,208.33,(£333.33 per litre),Blended Scotch Whisky,,In Stock,https://www.thewhiskyexchange.com/p/69891/johnnie-walker-premier,https://img.thewhiskyexchange.com/380/blend_joh280.jpg?v=202407241,,,250,,,,,,,,Scotland,,,Yes
2026-01-15 09:18:06,Blended,69453,Johnnie Walker Swing / Bot.1960s,Johnnie Walker,76cl / 43%,332.5,(£525 per litre),Blended Scotch Whisky,,In Stock,https://www.thewhiskyexchange.com/p/69453/johnnie-walker-swing-bot1960s,https://img.thewhiskyexchange.com/380/blend_joh277.jpg?v=202407241,,,399,,,,,,,,Scotland,,,Yes
2026-01-15 09:18:06,Blended,68755,Whyte & Mackay 21 Year Old,Whyte & Mackay,70cl / 43%,165.83,(£284.29 per litre),Blended Scotch Whisky,,In Stock,https://www.thewhiskyexchange.com/p/68755/whyte-mackay-21-year-old,https://img.thewhiskyexchange.com/380/blend_why52.jpg?v=202407241,,,199,,,,,,,,Scotland,,,
2026-01-15 09:18:06,Blended,68705,Johnnie Walker Premier,Johnnie Walker,75cl / 43%,208.33,(£333.33 per litre),Blended Scotch Whisky,,In Stock,https://www.thewhiskyexchange.com/p/68705/johnnie-walker-premier,https://img.thewhiskyexchange.com/380/blend_joh274.jpg?v=202407241,,,250,,,,,,,,Scotland,,,Yes
2026-01-15 09:18:06,Blended,68633,Johnnie Walker Red Label / Bot.1980s / Large Bottle,Johnnie Walker,200cl / 43%,229.17,(£137.50 per litre),Blended Scotch Whisky,,In Stock,https://www.thewhiskyexchange.com/p/68633/johnnie-walker-red-label-bot1980s-large-bottle,https://img.thewhiskyexchange.com/380/blend_joh404.jpg?v=202407241,,,,,,,,,,,,,,
2026-01-15 09:18:06,Blended,68614,Golden Heather / Bot.1970s,Golden Heather ,75cl / 40%,125.0,(£200 per litre),Blended Scotch Whisky,,In Stock,https://www.thewhiskyexchange.com/p/68614/golden-heather-bot1970s,https://img.thewhiskyexchange.com/380/blend_gol6.jpg?v=202407241,,,150,,,,,,,,Scotland,,,
2026-01-15 09:18:11,Blended,68489,Personalised 42 Year Old Blended Scotch / Sherry Cask,Various,70cl / 46.6%,249.17,(£427.14 per litre),Blended Scotch Whisky,,In Stock,https://www.thewhiskyexchange.com/p/68489/personalised-42-year-old-blended-scotch-sherry-cask,https://img.thewhiskyexchange.com/380/blend_twe42yo.jpg?v=202407241,,,,,,,,,,,,,,
2026-01-15 09:18:11,Blended,68254,Compass Box Ultramarine,Compass Box,70cl / 51%,182.5,(£312.86 per litre),Blended Scotch Whisky,,In Stock,https://www.thewhiskyexchange.com/p/68254/compass-box-ultramarine,https://img.thewhiskyexchange.com/380/blend_com14.jpg?v=202407241,,,219,,3,4,2,3,Toffee|Clove|Dried Fruit|Smoke|Hazelnut|Oak,,Scotland,,,No
2026-01-15 09:18:11,Blended,68180,Dewar's White Label / Bot.1980s,Dewar's,75cl / 40%,91.67,(£146.67 per litre),Blended Scotch Whisky,,In Stock,https://www.thewhiskyexchange.com/p/68180/dewars-white-label-bot1980s,https://img.thewhiskyexchange.com/380/blend_dew77.jpg?v=202407241,,,110,,,,,,,,Scotland,,,Yes
2026-01-15 09:18:11,Blended,68163,Ballantine's 17 Year Old / Bot.1980s,Ballantine's,75cl / 43%,208.33,(£333.33 per litre),Blended Scotch Whisky,,In Stock,https://www.thewhiskyexchange.com/p/68163/ballantines-17-year-old-bot1980s,https://img.thewhiskyexchange.com/380/blend_bal116.jpg?v=202407241,,,250,,,,,,,,Scotland,,,Yes
2026-01-15 09:18:11,Blended,68050,Johnnie Walker Swing / Bot.1980s,Johnnie Walker,75cl / 43%,208.33,(£333.33 per litre),Blended Scotch Whisky,,In Stock,https://www.thewhiskyexchange.com/p/68050/johnnie-walker-swing-bot1980s,https://img.thewhiskyexchange.com/380/blend_joh402.jpg?v=202407241,,,250,,,,,,,,Scotland,,,Yes
2026-01-15 09:18:11,Blended,67723,Chivas Regal 12 Year Old / Bot.1980s,Chivas Regal,378cl / 43%,375.0,(£119.05 per litre),Blended Scotch Whisky,,In Stock,https://www.thewhiskyexchange.com/p/67723/chivas-regal-12-year-old-bot1980s,https://img.thewhiskyexchange.com/380/blend_chi101.jpg?v=202407241,,,450,,,,,,,,Scotland,,,Yes
2026-01-15 09:18:11,Blended,67659,Pure Scot Virgin Oak,Pure Scot ,70cl / 43%,36.88,(£63.21 per litre),Blended Scotch Whisky,,In Stock,https://www.thewhiskyexchange.com/p/67659/pure-scot-virgin-oak,https://img.thewhiskyexchange.com/380/blend_pur3.jpg?v=202407241,,,44.25,,2,3,1,3,Apple|Oak|Honey|Ginger|Nutmeg|Orange,,Scotland,,New oak,Yes
2026-01-15 09:18:11,Blended,67543,Dewar's White Label Centennial Flagon / 1886-1986 / Bot.1980s,Dewar's,75cl / 40%,208.33,(£333.33 per litre),Blended Scotch Whisky,,In Stock,https://www.thewhiskyexchange.com/p/67543/dewars-white-label-centennial-flagon-1886-1986-bot1980s,https://img.thewhiskyexchange.com/380/blend_dew80.jpg?v=202407241,,,250,,,,,,,,Scotland,,,Yes
2026-01-15 09:18:11,Blended,67529,Ballantine's 17 Year Old / Bot.1960s,Ballantine's,75cl / 40%,500.0,(£800 per litre),Blended Scotch Whisky,,In Stock,https://www.thewhiskyexchange.com/p/67529/ballantines-17-year-old-bot1960s,https://img.thewhiskyexchange.com/380/blend_bal113.jpg?v=202407241,,,,,,,,,,,,,,
2026-01-15 09:18:11,Blended,67511,Bell's Extra Special / Bot.1970s,Bell's,75cl / 40%,83.29,(£133.27 per litre),Blended Scotch Whisky,,In Stock,https://www.thewhiskyexchange.com/p/67511/bells-extra-special-bot1970s,https://img.thewhiskyexchange.com/380/blend_bel69.jpg?v=202407241,,,99.95,,,,,,,,Scotland,,,Yes
2026-01-15 09:18:11,Blended,67474,Golden Age Blended Whisky / Bot.1970s,Golden Age,75.7cl / 40%,125.0,(£198.15 per litre),Blended Scotch Whisky,,In Stock,https://www.thewhiskyexchange.com/p/67474/golden-age-blended-whisky-bot1970s,https://img.thewhiskyexchange.com/380/blend_gol5.jpg?v=202407241,,,,,,,,,,,,,,
2026-01-15 09:18:11,Blended,67086,Dewar's Ancestor / Bot.1970s,Dewar's,75cl / 40%,165.83,(£265.33 per litre),Blended Scotch Whisky,,In Stock,https://www.thewhiskyexchange.com/p/67086/dewars-ancestor-bot1970s,https://img.thewhiskyexchange.com/380/blend_dew79.jpg?v=202407241,,,,,,,,,,,,,,
2026-01-15 09:18:11,Blended,67031,Knightrider / Bot.1960s,Knightrider ,70cl / 40%,125.0,(£214.29 per litre),Blended Scotch Whisky,,In Stock,https://www.thewhiskyexchange.com/p/67031/knightrider-bot1960s,https://img.thewhiskyexchange.com/380/blend_kni.jpg?v=202407241,,,150,,,,,,,,Scotland,,,
2026-01-15 09:18:11,Blended,67030,Glendrostan / Bot.1960s,Glendrostan,70cl / 40%,165.83,(£284.29 per litre),Blended Scotch Whisky,,In Stock,https://www.thewhiskyexchange.com/p/67030/glendrostan-bot1960s,https://img.thewhiskyexchange.com/380/blend_gle24.jpg?v=202407241,,,199,,,,,,,,Scotland,,,
2026-01-15 09:18:11,Blended,66994,Royal Salute Platinum Jubilee / Richmond Brooch (Yellow),Royal Salute,70cl / 50.8%,12312.5,"(£21,107.14 per litre)",Blended Scotch Whisky,,In Stock,https://www.thewhiskyexchange.com/p/66994/royal-salute-platinum-jubilee-richmond-brooch-yellow,https://img.thewhiskyexchange.com/380/blend_roy79.jpg?v=202407241,,,,,,,,,,,,,,
2026-01-15 09:18:11,Blended,66992,Royal Salute Platinum Jubilee / Pearl & Diamond Brooch (Pink),Royal Salute,70cl / 50.8%,12312.5,"(£21,107.14 per litre)",Blended Scotch Whisky,,In Stock,https://www.thewhiskyexchange.com/p/66992/royal-salute-platinum-jubilee-pearl-diamond-brooch-pink,https://img.thewhiskyexchange.com/380/blend_roy77.jpg?v=202407241,,,,,,,,,,,,,,
2026-01-15 09:18:11,Blended,66991,Royal Salute Platinum Jubilee / Teck Corsage Brooch (Blue),Royal Salute,70cl / 50.8%,12312.5,"(£21,107.14 per litre)",Blended Scotch Whisky,,In Stock,https://www.thewhiskyexchange.com/p/66991/royal-salute-platinum-jubilee-teck-corsage-brooch-blue,https://img.thewhiskyexchange.com/380/blend_roy76.jpg?v=202407241,,,14775,,3,3,0,3,Orange|Dried Fruit|Clove|Caramel|Ginger|Almond,Chivas Brothers,Scotland,,,
2026-01-15 09:18:11,Blended,66990,Royal Salute Platinum Jubilee / Queen Adelaide's Brooch (Green),Royal Salute,70cl / 50.8%,12312.5,"(£21,107.14 per litre)",Blended Scotch Whisky,,In Stock,https://www.thewhiskyexchange.com/p/66990/royal-salute-platinum-jubilee-queen-adelaides-brooch-green,https://img.thewhiskyexchange.com/380/blend_roy75.jpg?v=202407241,,,,,,,,,,,,,,
2026-01-15 09:18:11,Blended,66989,Royal Salute Platinum Jubilee / Kent Amethyst Brooch (Purple),Royal Salute,70cl / 50.8%,12312.5,"(£21,107.14 per litre)",Blended Scotch Whisky,,In Stock,https://www.thewhiskyexchange.com/p/66989/royal-salute-platinum-jubilee-kent-amethyst-brooch-purple,https://img.thewhiskyexchange.com/380/blend_roy74.jpg?v=202407241,,,,,,,,,,,,,,
2026-01-15 09:18:11,Blended,66436,Ballantine's 12 Year Old / Bot.1980s,Ballantine's,100cl / 43%,145.83,,Blended Scotch Whisky,,In Stock,https://www.thewhiskyexchange.com/p/66436/ballantines-12-year-old-bot1980s,https://img.thewhiskyexchange.com/380/blend_bal111.jpg?v=202407241,,,175,,,,,,,,Scotland,,,
2026-01-15 09:18:11,Blended,66279,White Heather / De Luxe / Bot.1970s,White Heather,75cl / 43.4%,145.83,(£233.33 per litre),Blended Scotch Whisky,,In Stock,https://www.thewhiskyexchange.com/p/66279/white-heather-de-luxe-bot1970s,https://img.thewhiskyexchange.com/380/blend_whi90.jpg?v=202407241,,,,,,,,,,,,,,
2026-01-15 09:18:11,Blended,66253,James Haddow Special Liqueur / 10 Year Old /  Bot.1960s,James Haddow,75cl / 40%,104.17,(£166.67 per litre),Blended Scotch Whisky,,In Stock,https://www.thewhiskyexchange.com/p/66253/james-haddow-special-liqueur-10-year-old-bot1960s,https://img.thewhiskyexchange.com/380/blend_had.jpg?v=202407241,,,125,,,,,,,,Scotland,,,
2026-01-15 09:18:11,Blended,66164,White Horse / Bot.1970s,White Horse,75cl / 40%,125.0,(£200 per litre),Blended Scotch Whisky,,In Stock,https://www.thewhiskyexchange.com/p/66164/white-horse-bot1970s,https://img.thewhiskyexchange.com/380/blend_whi89.jpg?v=202407241,,,,,,,,,,,,,,
2026-01-15 09:18:11,Blended,66113,Wm. Maxwell / Rigby & Evens / Bot.1940s,Wm. Maxwell,75cl / 40%,249.17,(£398.67 per litre),Blended Scotch Whisky,,In Stock,https://www.thewhiskyexchange.com/p/66113/wm-maxwell-rigby-evens-bot1940s,https://img.thewhiskyexchange.com/380/blend_max3.jpg?v=202407241,,,299,,,,,,,,Scotland,,,
2026-01-15 09:18:16,Blended,66112,Barker's Old Highland / Bot.1960s,Barker's,75cl / 40%,208.33,(£333.33 per litre),Blended Scotch Whisky,,In Stock,https://www.thewhiskyexchange.com/p/66112/barkers-old-highland-bot1960s,https://img.thewhiskyexchange.com/380/blend_bar3.jpg?v=202407241,,,250,,,,,,,,Scotland,,,
2026-01-15 09:18:16,Blended,65871,Ballantine's 12 Year Old /  Bot.1980s,Ballantine's,75cl / 43%,112.5,(£180 per litre),Blended Scotch Whisky,,In Stock,https://www.thewhiskyexchange.com/p/65871/ballantines-12-year-old-bot1980s,https://img.thewhiskyexchange.com/380/blend_bal108.jpg?v=202407241,,,135,,,,,,,,Scotland,,,
2026-01-15 09:18:16,Blended,65861,White Horse / Bot.1960s,White Horse,75cl / 40%,332.5,(£532 per litre),Blended Scotch Whisky,,In Stock,https://www.thewhiskyexchange.com/p/65861/white-horse-bot1960s,https://img.thewhiskyexchange.com/380/blend_whi88.jpg?v=202407241,,,399,,,,,,,,Scotland,,,Yes
2026-01-15 09:18:16,Blended,65708,Johnnie Walker Black Label / Bot.1970s,Johnnie Walker,75cl / 40%,187.5,(£300 per litre),Blended Scotch Whisky,,In Stock,https://www.thewhiskyexchange.com/p/65708/johnnie-walker-black-label-bot1970s,https://img.thewhiskyexchange.com/380/blend_joh335.jpg?v=202407241,,,225,,,,,,,,Scotland,,,
2026-01-15 09:18:16,Blended,65626,Laird O' Logan De Luxe / 12 Year Old / Bot.1980s,Laird O' Logan,75cl / 43%,100.0,(£160 per litre),Blended Scotch Whisky,,In Stock,https://www.thewhiskyexchange.com/p/65626/laird-o-logan-de-luxe-12-year-old-bot1980s,https://img.thewhiskyexchange.com/380/blend_log15.jpg?v=202407241,,,120,,,,,,,,Scotland,,,
2026-01-15 09:18:16,Blended,65170,Ben Nevis 40 Year Old / Single Blend / Bot.2002,Ben Nevis,70cl / 40%,1125.0,"(£1,928.57 per litre)",Blended Scotch Whisky,,In Stock,https://www.thewhiskyexchange.com/p/65170/ben-nevis-40-year-old-single-blend-bot2002,https://img.thewhiskyexchange.com/380/blend_dew78.jpg?v=202407241,,,,,,,,,,,,,,
2026-01-15 09:18:16,Blended,65077,Ballantine's 21 Year Old / Blue Ceramic,Ballantine's,70cl / 43%,208.33,(£357.14 per litre),Blended Scotch Whisky,,In Stock,https://www.thewhiskyexchange.com/p/65077/ballantines-21-year-old-blue-ceramic,https://img.thewhiskyexchange.com/380/blend_bal107.jpg?v=202407241,,,250,,,,,,,,Scotland,,,Yes
2026-01-15 09:18:16,Blended,65076,Bell's Extra Special / Bot.1980s,Bell's,75cl / 40%,79.12,(£126.60 per litre),Blended Scotch Whisky,,In Stock,https://www.thewhiskyexchange.com/p/65076/bells-extra-special-bot1980s,https://img.thewhiskyexchange.com/380/blend_bel68.jpg?v=202407241,,,94.95,,,,,,,,Scotland,,,Yes
2026-01-15 09:18:16,Blended,64963,Dunhill Old Master,Dunhill,75cl / 43%,125.0,(£200 per litre),Blended Scotch Whisky,,In Stock,https://www.thewhiskyexchange.com/p/64963/dunhill-old-master,https://img.thewhiskyexchange.com/380/blend_dun17.jpg?v=202407241,,,150,,,,,,,,Scotland,,,
2026-01-15 09:18:16,Blended,64422,Bell's 12 Year Old / Bot.1990s,Bell's,100cl / 43%,125.0,,Blended Scotch Whisky,,In Stock,https://www.thewhiskyexchange.com/p/64422/bells-12-year-old-bot1990s,https://img.thewhiskyexchange.com/380/blend_bel67.jpg?v=202407241,,,150,,,,,,,,Scotland,,,Yes
2026-01-15 09:18:16,Blended,64270,Compass Box Vellichor,Compass Box,70cl / 46%,315.83,(£541.43 per litre),Blended Scotch Whisky,,In Stock,https://www.thewhiskyexchange.com/p/64270/compass-box-vellichor,https://img.thewhiskyexchange.com/380/blend_com9.jpg?v=202407241,,,,,,,,,,,,,,
2026-01-15 09:18:16,Blended,64138,Sandy Macdonald / Bot.1960s / Spring Cap,Sandy Macdonald,75cl / 43%,187.5,(£300 per litre),Blended Scotch Whisky,,In Stock,https://www.thewhiskyexchange.com/p/64138/sandy-macdonald-bot1960s-spring-cap,https://img.thewhiskyexchange.com/380/blend_san13.jpg?v=202407241,,,225,,,,,,,,Scotland,,,
2026-01-15 09:18:16,Blended,64057,Johnnie Walker Kilmarnock 400 / 15 Year Old / Bot.1990s,Johnnie Walker,75cl / 43%,666.67,"(£1,066.67 per litre)",Blended Scotch Whisky,,In Stock,https://www.thewhiskyexchange.com/p/64057/johnnie-walker-kilmarnock-400-15-year-old-bot1990s,https://img.thewhiskyexchange.com/380/blend_joh327.jpg?v=202407241,,,800,,,,,,,,Scotland,,,Yes
2026-01-15 09:18:16,Blended,64023,Bell's Extra Special / Bot.1970s,Bell's,113cl / 40%,125.0,(£132.74 per litre),Blended Scotch Whisky,,In Stock,https://www.thewhiskyexchange.com/p/64023/bells-extra-special-bot1970s,https://img.thewhiskyexchange.com/380/blend_bel65.jpg?v=202407241,,,,,,,,,,,,,,
2026-01-15 09:18:16,Blended,63989,Johnnie Walker Swing / Bot.1980s,Johnnie Walker,75cl / 43%,208.33,(£333.33 per litre),Blended Scotch Whisky,,In Stock,https://www.thewhiskyexchange.com/p/63989/johnnie-walker-swing-bot1980s,https://img.thewhiskyexchange.com/380/blend_joh324.jpg?v=202407241,,,,,,,,,,,,,,
2026-01-15 09:18:16,Blended,63684,King's Choice / Bot.1960s,King's Choice,75cl / 43%,208.33,(£333.33 per litre),Blended Scotch Whisky,,In Stock,https://www.thewhiskyexchange.com/p/63684/kings-choice-bot1960s,https://img.thewhiskyexchange.com/380/blend_kin56.jpg?v=202407241,,,250,,,,,,,,Scotland,,,
2026-01-15 09:18:16,Blended,63605,Johnnie Walker 18 Year Old Gold Label / Centenary Bend,Johnnie Walker,75cl / 40%,145.83,(£233.33 per litre),Blended Scotch Whisky,,In Stock,https://www.thewhiskyexchange.com/p/63605/johnnie-walker-18-year-old-gold-label-centenary-bend,https://img.thewhiskyexchange.com/380/blend_joh318.jpg?v=202407241,,,175,,,,,,,,Scotland,,,
2026-01-15 09:18:16,Blended,63604,Something Special De Luxe Whisky / 1970s,Something Special,75cl / 40%,145.83,(£233.33 per litre),Blended Scotch Whisky,,In Stock,https://www.thewhiskyexchange.com/p/63604/something-special-de-luxe-whisky-1970s,https://img.thewhiskyexchange.com/380/blend_som8.jpg?v=202407241,,,175,,,,,,,,Scotland,,,Yes
2026-01-15 09:18:16,Blended,63593,Old Parr Seasons Collection,Old Parr,50cl / 43%,458.33,"(£1,100 per litre)",Blended Scotch Whisky,,In Stock,https://www.thewhiskyexchange.com/p/63593/old-parr-seasons-collection,https://img.thewhiskyexchange.com/380/blend_par47.jpg?v=202407241,,,550,,,,,,,,Scotland,,,Yes
2026-01-15 09:18:16,Blended,62980,Johnnie Walker Red Label / Bot.1980s,Johnnie Walker,113cl / 40%,145.83,(£154.87 per litre),Blended Scotch Whisky,,In Stock,https://www.thewhiskyexchange.com/p/62980/johnnie-walker-red-label-bot1980s,https://img.thewhiskyexchange.com/380/blend_joh314.jpg?v=202407241,,,175,,,,,,,,Scotland,,,
2026-01-15 09:18:16,Blended,62979,Johnnie Walker Premier,Johnnie Walker,75cl / 43%,208.33,(£333.33 per litre),Blended Scotch Whisky,,In Stock,https://www.thewhiskyexchange.com/p/62979/johnnie-walker-premier,https://img.thewhiskyexchange.com/380/blend_joh313.jpg?v=202407241,,,250,,,,,,,,Scotland,,,
2026-01-15 09:18:16,Blended,62947,Ainslie's Royal Edinburgh / Bot.1960s,Ainslie's,225cl / 43%,833.33,(£444.44 per litre),Blended Scotch Whisky,,In Stock,https://www.thewhiskyexchange.com/p/62947/ainslies-royal-edinburgh-bot1960s,https://img.thewhiskyexchange.com/380/blend_ain4.jpg?v=202407241,,,1000,,,,,,,,Scotland,,,Yes
2026-01-15 09:18:16,Blended,62922,Chivas Legend - Special Reserve,Chivas,100cl / 43%,187.5,,Blended Scotch Whisky,,In Stock,https://www.thewhiskyexchange.com/p/62922/chivas-legend-special-reserve,https://img.thewhiskyexchange.com/380/blend_chi95.jpg?v=202407241,,,,,,,,,,,,,,
2026-01-15 09:18:16,Blended,62445,Berry Brothers & Co. Choicest Liqueur Scotch / Bot.1950s,Berry Bros & Rudd,75cl / 40%,666.67,"(£1,066.67 per litre)",Blended Scotch Whisky,,In Stock,https://www.thewhiskyexchange.com/p/62445/berry-brothers-co-choicest-liqueur-scotch-bot1950s,https://img.thewhiskyexchange.com/380/blend_ber6.jpg?v=202407241,,,,,,,,,,,,,,
2026-01-15 09:18:19,Blended,62390,Chivas Regal / Bot.1910s,Chivas Regal,75cl / 40%,2083.33,"(£3,333.33 per litre)",Blended Scotch Whisky,,In Stock,https://www.thewhiskyexchange.com/p/62390/chivas-regal-bot1910s,https://img.thewhiskyexchange.com/380/blend_chi93.jpg?v=202407241,,,2500,,,,,,,,Scotland,,,Yes
2026-01-15 09:18:19,Blended,62308,Johnnie Walker Red Label / Bot.1970s,Johnnie Walker,75cl / 40%,125.0,(£200 per litre),Blended Scotch Whisky,,In Stock,https://www.thewhiskyexchange.com/p/62308/johnnie-walker-red-label-bot1970s,https://img.thewhiskyexchange.com/380/blend_joh311.jpg?v=202407241,,,150,,,,,,,,Scotland,,,
2026-01-15 09:18:19,Blended,61931,Johnnie Walker Blue Label Ghost and Rare / Pittyvaich,Johnnie Walker,70cl / 43.8%,243.33,(£417.14 per litre),Blended Scotch Whisky,,In Stock,https://www.thewhiskyexchange.com/p/61931/johnnie-walker-blue-label-ghost-and-rare-pittyvaich,https://img.thewhiskyexchange.com/380/blend_joh263.jpg?v=202407241,5,2,292,,,,,,Ginger|Apple|Blackberry|Vanilla|Cinnamon|Raspberry,,Scotland,,,
2026-01-15 09:18:19,Blended,61858,Johnnie Walker Swing / Bot.1970s,Johnnie Walker,75cl / 40%,229.17,(£366.67 per litre),Blended Scotch Whisky,,In Stock,https://www.thewhiskyexchange.com/p/61858/johnnie-walker-swing-bot1970s,https://img.thewhiskyexchange.com/380/blend_joh256.jpg?v=202407241,,,,,,,,,,,,,,
2026-01-15 09:18:19,Blended,60597,Chivas Regal 12 Year Old / Bot.1970s,Chivas Regal,75cl / 43%,125.0,(£200 per litre),Blended Scotch Whisky,,In Stock,https://www.thewhiskyexchange.com/p/60597/chivas-regal-12-year-old-bot1970s,https://img.thewhiskyexchange.com/380/blend_chi89.jpg?v=202407241,,,150,,,,,,,,Scotland,,,
2026-01-15 09:18:19,Blended,60555,Old Court De Luxe / Bot.1960s,Old Court,70cl / 40%,375.0,(£642.86 per litre),Blended Scotch Whisky,,In Stock,https://www.thewhiskyexchange.com/p/60555/old-court-de-luxe-bot1960s,https://img.thewhiskyexchange.com/380/blend_cou3.jpg?v=202407241,,,,,,,,,,,,,,
2026-01-15 09:18:19,Blended,60433,Johnnie Walker Black Label / Extra Special / Bot.1980s,Johnnie Walker,75cl / 40%,187.5,(£300 per litre),Blended Scotch Whisky,,In Stock,https://www.thewhiskyexchange.com/p/60433/johnnie-walker-black-label-extra-special-bot1980s,https://img.thewhiskyexchange.com/380/blend_joh306.jpg?v=202407241,,,225,,,,,,,,Scotland,,,
2026-01-15 09:18:19,Blended,60030,Dewar's 8 Year Old Caribbean Smooth,Dewar's,70cl / 40%,24.38,(£41.79 per litre),Blended Scotch Whisky,,In Stock,https://www.thewhiskyexchange.com/p/60030/dewars-8-year-old-caribbean-smooth,https://img.thewhiskyexchange.com/380/blend_dew08yo.jpg?v=202407241,,,,,,,,,,,,,,
2026-01-15 09:18:19,Blended,59745,Gilmour Thomson's Royal Whisky / Bot.1960s,Gilmour Thomson's ,75cl / 40%,416.67,(£666.67 per litre),Blended Scotch Whisky,,In Stock,https://www.thewhiskyexchange.com/p/59745/gilmour-thomsons-royal-whisky-bot1960s,https://img.thewhiskyexchange.com/380/blend_gil14.jpg?v=202407241,,,500,,,,,,,,Scotland,,,
2026-01-15 09:18:19,Blended,59744,Findlater's 12 Year Old / Bot.1940s,Findlater's,75cl / 43%,375.0,(£600 per litre),Blended Scotch Whisky,,In Stock,https://www.thewhiskyexchange.com/p/59744/findlaters-12-year-old-bot1940s,https://img.thewhiskyexchange.com/380/blend_fin12.jpg?v=202407241,,,,,,,,,,,,,,
2026-01-15 09:18:19,Blended,59740,Gilbey's Spey Royal / Bot.1950s,Gilbey's,75cl / 40%,332.5,(£532 per litre),Blended Scotch Whisky,,In Stock,https://www.thewhiskyexchange.com/p/59740/gilbeys-spey-royal-bot1950s,https://img.thewhiskyexchange.com/380/blend_gil13.jpg?v=202407241,,,399,,,,,,,,Scotland,,,
2026-01-15 09:18:19,Blended,59375,White Horse Cellar / Bot.1950s,White Horse,75cl / 43.4%,833.33,"(£1,333.33 per litre)",Blended Scotch Whisky,,In Stock,https://www.thewhiskyexchange.com/p/59375/white-horse-cellar-bot1950s,https://img.thewhiskyexchange.com/380/blend_whi81.jpg?v=202407241,,,1000,,,,,,,,Scotland,,,
2026-01-15 09:18:19,Blended,58798,Chivas Regal 12 Year Old / Bot.1980s,Chivas Regal,75cl / 43%,125.0,(£200 per litre),Blended Scotch Whisky,,In Stock,https://www.thewhiskyexchange.com/p/58798/chivas-regal-12-year-old-bot1980s,https://img.thewhiskyexchange.com/380/blend_chi86.jpg?v=202407241,,,,,,,,,,,,,,
2026-01-15 09:18:19,Blended,58758,Compass Box Artist Blend,Compass Box,70cl / 43%,33.29,(£57.07 per litre),Blended Scotch Whisky,,In Stock,https://www.thewhiskyexchange.com/p/58758/compass-box-artist-blend,https://img.thewhiskyexchange.com/380/blend_com5.jpg?v=202407241,,,39.95,,,,,,Vanilla|Oak|Apple|Peach|Plums|Cinnamon,,Scotland,,,
2026-01-15 09:18:19,Blended,58262,Bell's Royal Reserve 20 Year Old / Bot.1970s,Bell's,75cl / 40%,187.5,(£300 per litre),Blended Scotch Whisky,,In Stock,https://www.thewhiskyexchange.com/p/58262/bells-royal-reserve-20-year-old-bot1970s,https://img.thewhiskyexchange.com/380/blend_bel63.jpg?v=202407241,,,225,,,,,,,,Scotland,,,
2026-01-15 09:18:19,Blended,58204,Long John Special Reserve / Bot.1970s,Long John,75.7cl / 40%,91.67,(£145.31 per litre),Blended Scotch Whisky,,In Stock,https://www.thewhiskyexchange.com/p/58204/long-john-special-reserve-bot1970s,https://img.thewhiskyexchange.com/380/blend_lon19.jpg?v=202407241,,,110,,,,,,,,Scotland,,,
2026-01-15 09:18:19,Blended,57552,Savoy Hotel London Blended Scotch Whisky / Bot.1960s,Savoy,75cl / 43%,150.0,(£240 per litre),Blended Scotch Whisky,,In Stock,https://www.thewhiskyexchange.com/p/57552/savoy-hotel-london-blended-scotch-whisky-bot1960s,https://img.thewhiskyexchange.com/380/blend_sav2.jpg?v=202407241,,,180,,,,,,,,Scotland,,,
2026-01-15 09:18:19,Blended,56776,The Last Drop 56 Year Old Blended Whisky / Release No.16,The Last Drop,75cl / 47.2%,3125.0,"(£5,000 per litre)",Blended Scotch Whisky,,In Stock,https://www.thewhiskyexchange.com/p/56776/the-last-drop-56-year-old-blended-whisky-release-no16,https://img.thewhiskyexchange.com/380/blend_las56yo.jpg?v=202407241,,,3750,,3,4,0,3,,The Last Drop,Scotland,,Bourbon  Finish,
2026-01-15 09:18:19,Blended,56243,Spey Cast 1937 / Bot.1970s / Sherry Cask,Spey Cast,75cl / 40%,1875.0,"(£3,000 per litre)",Blended Scotch Whisky,,In Stock,https://www.thewhiskyexchange.com/p/56243/spey-cast-1937-bot1970s-sherry-cask,https://img.thewhiskyexchange.com/380/blend_spe6.jpg?v=202407241,,,2250,,,,,,,,Scotland,,,
2026-01-15 09:18:19,Blended,53025,Royal Household / Bot.1980s,Royal Household,75cl / 43%,291.67,(£466.67 per litre),Blended Scotch Whisky,,In Stock,https://www.thewhiskyexchange.com/p/53025/royal-household-bot1980s,https://img.thewhiskyexchange.com/380/blend_roy73.jpg?v=202407241,,,,,,,,,,,,,,
2026-01-15 09:18:19,Blended,51555,Quartermaster 11 Year Old / Whisky Works,Whisky Works,70cl / 46.4%,63.75,(£109.29 per litre),Blended Scotch Whisky,,In Stock,https://www.thewhiskyexchange.com/p/51555/quartermaster-11-year-old-whisky-works,https://img.thewhiskyexchange.com/380/blend_wwo1.jpg?v=202407241,,,,,,,,,,,,,,
2026-01-15 09:18:19,Blended,51322,Black & White De Luxe / Bot.1950s / Spring Cap,Black & White,75.7cl / 43.4%,833.33,"(£1,321 per litre)",Blended Scotch Whisky,,In Stock,https://www.thewhiskyexchange.com/p/51322/black-white-de-luxe-bot1950s-spring-cap,https://img.thewhiskyexchange.com/380/blend_bla78.jpg?v=202407241,,,1000,,,,,,,,Scotland,,,
2026-01-15 09:18:19,Blended,51061,Monarch Of The Highlands / Bot.1950s,Monarch Of The Highlands,75cl / 40%,291.67,(£466.67 per litre),Blended Scotch Whisky,,In Stock,https://www.thewhiskyexchange.com/p/51061/monarch-of-the-highlands-bot1950s,https://img.thewhiskyexchange.com/380/blend_old11.jpg?v=202407241,,,350,,,,,,,,Scotland,,,
2026-01-15 09:18:19,Blended,50605,J&B Rare / Bot.1980s,J&B,75cl / 40%,62.46,(£99.93 per litre),Blended Scotch Whisky,,In Stock,https://www.thewhiskyexchange.com/p/50605/jb-rare-bot1980s,https://img.thewhiskyexchange.com/380/blend_j!b36.jpg?v=202407241,,,,,,,,,,,,,,
2026-01-15 09:18:23,Blended,49349,Neal's Royal Extra Special / Bot.1960s,Neal's,75cl / 43%,208.33,(£333.33 per litre),Blended Scotch Whisky,,In Stock,https://www.thewhiskyexchange.com/p/49349/neals-royal-extra-special-bot1960s,https://img.thewhiskyexchange.com/380/blend_nea1.jpg?v=202407241,,,250,,,,,,,,Scotland,,,
2026-01-15 09:18:23,Blended,49206,Royal Salute 52 Year Old / Time Series,Royal Salute,70cl / 44.8%,20000.0,"(£34,285.71 per litre)",Blended Scotch Whisky,,In Stock,https://www.thewhiskyexchange.com/p/49206/royal-salute-52-year-old-time-series,https://img.thewhiskyexchange.com/380/blend_roy52yo.jpg?v=202407241,,,24000,,2,2,0,3,Clove|Ginger|Orange|Pear|Dark Chocolate|Hazelnut,,Scotland,,Finish,
2026-01-15 09:18:23,Blended,49203,Black & White 12 bottles with Wooden Case / Bot.1950,Black & White,900cl / 43.4%,3750.0,(£500 per litre),Blended Scotch Whisky,,In Stock,https://www.thewhiskyexchange.com/p/49203/black-white-12-bottles-with-wooden-case-bot1950,https://img.thewhiskyexchange.com/380/blend_bla77.jpg?v=202407241,,,4500,,,,,,,,Scotland,,,
2026-01-15 09:18:23,Blended,48476,White Heather 8 Year Old / De Luxe / Bot.1970s,White Heather,75cl / 43.4%,165.83,(£265.33 per litre),Blended Scotch Whisky,,In Stock,https://www.thewhiskyexchange.com/p/48476/white-heather-8-year-old-de-luxe-bot1970s,https://img.thewhiskyexchange.com/380/blend_whi73.jpg?v=202407241,,,199,,,,,,,,Scotland,,,
2026-01-15 09:18:23,Blended,48468,Baxter's Barley Bree / Extra Special / Bot.1950s,Baxter's,75cl / 40%,229.17,(£366.67 per litre),Blended Scotch Whisky,,In Stock,https://www.thewhiskyexchange.com/p/48468/baxters-barley-bree-extra-special-bot1950s,https://img.thewhiskyexchange.com/380/blend_bax1.jpg?v=202407241,,,275,,,,,,,,Scotland,,,
2026-01-15 09:18:23,Blended,48425,Grand Coronation 15 Year Old / Bot.1950s,Grand Coronation,75cl / 43%,291.67,(£466.67 per litre),Blended Scotch Whisky,,In Stock,https://www.thewhiskyexchange.com/p/48425/grand-coronation-15-year-old-bot1950s,https://img.thewhiskyexchange.com/380/blend_gra49.jpg?v=202407241,,,350,,,,,,,,Scotland,,,
2026-01-15 09:18:23,Blended,48422,Ballantine's 12 Year Old /  Bot.1980s,Ballantine's,75cl / 43%,112.5,(£180 per litre),Blended Scotch Whisky,,In Stock,https://www.thewhiskyexchange.com/p/48422/ballantines-12-year-old-bot1980s,https://img.thewhiskyexchange.com/380/blend_bal96.jpg?v=202407241,,,135,,,,,,,,Scotland,,,
2026-01-15 09:18:23,Blended,48089,J & G Stewart / Bot.1930s,J & G Stewart,70cl / 40%,458.33,(£785.71 per litre),Blended Scotch Whisky,,In Stock,https://www.thewhiskyexchange.com/p/48089/j-g-stewart-bot1930s,https://img.thewhiskyexchange.com/380/blend_ste8.jpg?v=202407241,,,550,,,,,,,,Scotland,,,
2026-01-15 09:18:23,Blended,47959,Dewar's 12 Year Old / Bot.1970s,Dewar's,75cl / 43.5%,165.83,(£265.33 per litre),Blended Scotch Whisky,,In Stock,https://www.thewhiskyexchange.com/p/47959/dewars-12-year-old-bot1970s,https://img.thewhiskyexchange.com/380/blend_dew68.jpg?v=202407241,,,,,,,,,,,,,,
2026-01-15 09:18:23,Blended,47731,Fine Old Mountain Dew / Bot.1950s,Samuel Webster & Sons.,75.5cl / 40%,332.5,(£528.48 per litre),Blended Scotch Whisky,,In Stock,https://www.thewhiskyexchange.com/p/47731/fine-old-mountain-dew-bot1950s,https://img.thewhiskyexchange.com/380/blend_mou1.jpg?v=202407241,,,399,,,,,,,,Scotland,,,
2026-01-15 09:18:23,Blended,46655,Dewar's White Label / Bot.1950s,Dewar's,75cl / 43%,249.17,(£398.67 per litre),Blended Scotch Whisky,,In Stock,https://www.thewhiskyexchange.com/p/46655/dewars-white-label-bot1950s,https://img.thewhiskyexchange.com/380/blend_dew66.jpg?v=202407241,,,299,,,,,,,,Scotland,,,
2026-01-15 09:18:23,Blended,46647,Bell's De Luxe 12 Year Old / Bot.1960s,Bell's,75cl / 43%,412.5,(£660 per litre),Blended Scotch Whisky,,In Stock,https://www.thewhiskyexchange.com/p/46647/bells-de-luxe-12-year-old-bot1960s,https://img.thewhiskyexchange.com/380/blend_bel57.jpg?v=202407241,,,,,,,,,,,,,,
2026-01-15 09:18:23,Blended,45334,Auld Alliance Whisky Armagnac Blend,Auld Alliance,70cl / 40%,187.5,(£321.43 per litre),Blended Scotch Whisky,,In Stock,https://www.thewhiskyexchange.com/p/45334/auld-alliance-whisky-armagnac-blend,https://img.thewhiskyexchange.com/380/blend_aul2.jpg?v=202407241,,,,,,,,,,,,,,
2026-01-15 09:18:23,Blended,45329,Chivas Brothers Oldest / Litre,Chivas,100cl / 43%,208.33,,Blended Scotch Whisky,,In Stock,https://www.thewhiskyexchange.com/p/45329/chivas-brothers-oldest-litre,https://img.thewhiskyexchange.com/380/blend_chi76.jpg?v=202407241,,,250,,,,,,,,Scotland,,,
2026-01-15 09:18:23,Blended,45099,Famous Grouse / Bot.1950s,Famous Grouse,75.7cl / 43%,208.33,(£330.25 per litre),Blended Scotch Whisky,,In Stock,https://www.thewhiskyexchange.com/p/45099/famous-grouse-bot1950s,https://img.thewhiskyexchange.com/380/blend_fam43.jpg?v=202407241,,,,,,,,,,,,,,
2026-01-15 09:18:23,Blended,44941,Famous Grouse / Bot.1950s,Famous Grouse,75.7cl / 43%,458.33,(£726.55 per litre),Blended Scotch Whisky,,In Stock,https://www.thewhiskyexchange.com/p/44941/famous-grouse-bot1950s,https://img.thewhiskyexchange.com/380/blend_fam42.jpg?v=202407241,,,,,,,,,,,,,,
2026-01-15 09:18:23,Blended,44863,Gilbey's Spey Royal / Bot.1950s,Gilbey's,75cl / 40%,375.0,(£600 per litre),Blended Scotch Whisky,,In Stock,https://www.thewhiskyexchange.com/p/44863/gilbeys-spey-royal-bot1950s,https://img.thewhiskyexchange.com/380/blend_gil10.jpg?v=202407241,,,450,,,,,,,,Scotland,,,
2026-01-15 09:18:23,Blended,44474,Royal Salute 21 Year Old / Bot.1970s / Brown Spode Decanter,Royal Salute,75.7cl / 40%,291.67,(£462.35 per litre),Blended Scotch Whisky,,In Stock,https://www.thewhiskyexchange.com/p/44474/royal-salute-21-year-old-bot1970s-brown-spode-decanter,https://img.thewhiskyexchange.com/380/blend_roy62.jpg?v=202407241,,,,,,,,,,,,,,
2026-01-15 09:18:23,Blended,44296,Ballantine's 12 Year Old / Bot.1980s,Ballantine's,100cl / 43%,145.83,,Blended Scotch Whisky,,In Stock,https://www.thewhiskyexchange.com/p/44296/ballantines-12-year-old-bot1980s,https://img.thewhiskyexchange.com/380/blend_bal86.jpg?v=202407241,,,,,,,,,,,,,,
2026-01-15 09:18:23,Blended,44161,Scotland's Ripe Old Age 27 Year Old / Bot.1950s,Scotland's Ripe Old Age,75cl / 43.4%,708.33,"(£1,133.33 per litre)",Blended Scotch Whisky,,In Stock,https://www.thewhiskyexchange.com/p/44161/scotlands-ripe-old-age-27-year-old-bot1950s,https://img.thewhiskyexchange.com/380/blend_sco11.jpg?v=202407241,,,850,,,,,,,,Scotland,,,
2026-01-15 09:18:23,Blended,44160,Scotland's Ripe Old Age 27 Year Old / Bot.1950s,Scotland's Ripe Old Age,75cl / 43.4%,708.33,"(£1,133.33 per litre)",Blended Scotch Whisky,,In Stock,https://www.thewhiskyexchange.com/p/44160/scotlands-ripe-old-age-27-year-old-bot1950s,https://img.thewhiskyexchange.com/380/blend_sco10.jpg?v=202407241,,,850,,,,,,,,Scotland,,,
2026-01-15 09:18:23,Blended,44108,White Horse / Bot.1950s / Spring Cap,White Horse,75cl / 43.4%,833.33,"(£1,333.33 per litre)",Blended Scotch Whisky,,In Stock,https://www.thewhiskyexchange.com/p/44108/white-horse-bot1950s-spring-cap,https://img.thewhiskyexchange.com/380/blend_whi67.jpg?v=202407241,,,,,,,,,,,,,,
2026-01-15 09:18:23,Blended,44106,Heather Dew / Bot.1940s,Heather Dew,75cl / 43.4%,500.0,(£800 per litre),Blended Scotch Whisky,,In Stock,https://www.thewhiskyexchange.com/p/44106/heather-dew-bot1940s,https://img.thewhiskyexchange.com/380/blend_hea3.jpg?v=202407241,,,600,,,,,,,,Scotland,,,
2026-01-15 09:18:23,Blended,44104,Harvey's Special / Bot.1940s / Spring Cap,Harvey's,75cl / 43.4%,625.0,"(£1,000 per litre)",Blended Scotch Whisky,,In Stock,https://www.thewhiskyexchange.com/p/44104/harveys-special-bot1940s-spring-cap,https://img.thewhiskyexchange.com/380/blend_har12.jpg?v=202407241,,,750,,,,,,,,Scotland,,,
2026-01-15 09:18:27,Blended,44080,Glen Garry / Bot.1950s,Glen Garry,75cl / 43.4%,291.67,(£466.67 per litre),Blended Scotch Whisky,,In Stock,https://www.thewhiskyexchange.com/p/44080/glen-garry-bot1950s,https://img.thewhiskyexchange.com/380/blend_gle16.jpg?v=202407241,,,350,,,,,,,,Scotland,,,
2026-01-15 09:18:27,Blended,43809,Long John Special Reserve / Bot.1970s / 226cl (2 Quarts),Long John,226cl / 40%,291.67,(£154.87 per litre),Blended Scotch Whisky,,In Stock,https://www.thewhiskyexchange.com/p/43809/long-john-special-reserve-bot1970s-226cl-2-quarts,https://img.thewhiskyexchange.com/380/blend_lon14.jpg?v=202407241,,,350,,,,,,,,Scotland,,,
2026-01-15 09:18:27,Blended,43248,White Heather 5 Year Old / Bot.1970s,White Heather,75cl / 43.4%,145.83,(£233.33 per litre),Blended Scotch Whisky,,In Stock,https://www.thewhiskyexchange.com/p/43248/white-heather-5-year-old-bot1970s,https://img.thewhiskyexchange.com/380/blend_whi66.jpg?v=202407241,,,175,,,,,,,,Scotland,,,
2026-01-15 09:18:27,Blended,43180,Grand Old Parr Elizabethan / Edition 11,Old Parr,82cl / 43%,1458.33,"(£2,134.15 per litre)",Blended Scotch Whisky,,In Stock,https://www.thewhiskyexchange.com/p/43180/grand-old-parr-elizabethan-edition-11,https://img.thewhiskyexchange.com/380/blend_par40.jpg?v=202407241,,,,,,,,,,,,,,
2026-01-15 09:18:27,Blended,43152,Ballantine's 30 Year Old / Bot.1980s,Ballantine's,75cl / 43%,541.67,(£866.67 per litre),Blended Scotch Whisky,,In Stock,https://www.thewhiskyexchange.com/p/43152/ballantines-30-year-old-bot1980s,https://img.thewhiskyexchange.com/380/blend_bal83.jpg?v=202407241,,,650,,,,,,,,Scotland,,,
2026-01-15 09:18:27,Blended,43134,Uam Var Famous Scotch Whisky / Bot.1960s,Uam Var ,75.7cl / 40%,332.5,(£527.08 per litre),Blended Scotch Whisky,,In Stock,https://www.thewhiskyexchange.com/p/43134/uam-var-famous-scotch-whisky-bot1960s,https://img.thewhiskyexchange.com/380/blend_uam1.jpg?v=202407241,,,399,,,,,,,,Scotland,,,
2026-01-15 09:18:27,Blended,42929,Dewar's Half Gallon / Spring Cap / Bot.1950s,Dewar's,227cl / 40%,625.0,(£330.40 per litre),Blended Scotch Whisky,,In Stock,https://www.thewhiskyexchange.com/p/42929/dewars-half-gallon-spring-cap-bot1950s,https://img.thewhiskyexchange.com/380/blend_dew61.jpg?v=202407241,,,750,,,,,,,,Scotland,,,
2026-01-15 09:18:27,Blended,42904,Long John Special Reserve / Bot.1940s,Long John,75cl / 43%,1000.0,"(£1,600 per litre)",Blended Scotch Whisky,,In Stock,https://www.thewhiskyexchange.com/p/42904/long-john-special-reserve-bot1940s,https://img.thewhiskyexchange.com/380/blend_lon13.jpg?v=202407241,,,,,,,,,,,,,,
2026-01-15 09:18:27,Blended,42839,Chivas Regal 12 Year Old / Bot.1970s,Chivas Regal,75.7cl / 43%,125.0,(£198.15 per litre),Blended Scotch Whisky,,In Stock,https://www.thewhiskyexchange.com/p/42839/chivas-regal-12-year-old-bot1970s,https://img.thewhiskyexchange.com/380/blend_chi71.jpg?v=202407241,,,150,,,,,,,,Scotland,,,
2026-01-15 09:18:27,Blended,41994,Teacher's 1 Imperial Gallon,Teacher's,454cl / 40%,375.0,(£99.12 per litre),Blended Scotch Whisky,,In Stock,https://www.thewhiskyexchange.com/p/41994/teachers-1-imperial-gallon,https://img.thewhiskyexchange.com/380/blend_tea22.jpg?v=202407241,,,,,,,,,,,,,,
2026-01-15 09:18:27,Blended,41716,Dewar's Signature 25 Year Old,Dewar's,70cl / 40%,162.5,(£278.57 per litre),Blended Scotch Whisky,,In Stock,https://www.thewhiskyexchange.com/p/41716/dewars-signature-25-year-old,https://img.thewhiskyexchange.com/380/blend_dew60.jpg?v=202407241,5,3,195,,,,,,,,Scotland,,,Yes
2026-01-15 09:18:27,Blended,41408,Chivas 1990 Jubilee Reserve / Queen's Award,Chivas,75cl / 40%,249.17,(£398.67 per litre),Blended Scotch Whisky,,In Stock,https://www.thewhiskyexchange.com/p/41408/chivas-1990-jubilee-reserve-queens-award,https://img.thewhiskyexchange.com/380/blend_chi68.jpg?v=202407241,,,299,,,,,,,,Scotland,,,
2026-01-15 09:18:27,Blended,41404,Ballantine's Gold Seal / 12 Year Old / Bot.1980s,Ballantine's,100cl / 43%,104.17,,Blended Scotch Whisky,,In Stock,https://www.thewhiskyexchange.com/p/41404/ballantines-gold-seal-12-year-old-bot1980s,https://img.thewhiskyexchange.com/380/blend_bal81.jpg?v=202407241,,,125,,,,,,,,Scotland,,,
2026-01-15 09:18:27,Blended,40999,Chivas The Queen's Award for Export 1995,Chivas,75cl / 43%,249.17,(£398.67 per litre),Blended Scotch Whisky,,In Stock,https://www.thewhiskyexchange.com/p/40999/chivas-the-queens-award-for-export-1995,https://img.thewhiskyexchange.com/380/blend_chi66.jpg?v=202407241,,,299,,,,,,,,Scotland,,,
2026-01-15 09:18:27,Blended,40804,Seagram 25 Year Old Club,Seagram,70cl / 40%,187.5,(£321.43 per litre),Blended Scotch Whisky,,In Stock,https://www.thewhiskyexchange.com/p/40804/seagram-25-year-old-club,https://img.thewhiskyexchange.com/380/blend_sea1.jpg?v=202407241,,,225,,,,,,,,Scotland,,,
2026-01-15 09:18:27,Blended,40793,Putachieside Liquer Whisky / Bot.1970s,Putachieside,75cl / 43%,332.5,(£532 per litre),Blended Scotch Whisky,,In Stock,https://www.thewhiskyexchange.com/p/40793/putachieside-liquer-whisky-bot1970s,https://img.thewhiskyexchange.com/380/blend_put2.jpg?v=202407241,,,399,,,,,,,,Scotland,,,
2026-01-15 09:18:27,Blended,40417,Bell's De Luxe 12 Year Old / Bot.1980s,Bell's,75cl / 40%,91.67,(£146.67 per litre),Blended Scotch Whisky,,In Stock,https://www.thewhiskyexchange.com/p/40417/bells-de-luxe-12-year-old-bot1980s,https://img.thewhiskyexchange.com/380/blend_bel51.jpg?v=202407241,,,110,,,,,,,,Scotland,,,
2026-01-15 09:18:27,Blended,39769,Ballantines 17 Year Old / Bot.1970s,Ballantine's,75cl / 43%,312.5,(£500 per litre),Blended Scotch Whisky,,In Stock,https://www.thewhiskyexchange.com/p/39769/ballantines-17-year-old-bot1970s,https://img.thewhiskyexchange.com/380/blend_bal77.jpg?v=202407241,,,375,,,,,,,,Scotland,,,
2026-01-15 09:18:27,Blended,39768,Ballantine's 12 Year Old / Bot.1980s,Ballantine's,75cl / 43%,112.5,(£180 per litre),Blended Scotch Whisky,,In Stock,https://www.thewhiskyexchange.com/p/39768/ballantines-12-year-old-bot1980s,https://img.thewhiskyexchange.com/380/blend_bal76.jpg?v=202407241,,,135,,,,,,,,Scotland,,,
2026-01-15 09:18:27,Blended,39726,Islay Mist 8 Year Old / Bot.1970s,Islay Mist,75cl / 43%,375.0,(£600 per litre),Blended Scotch Whisky,,In Stock,https://www.thewhiskyexchange.com/p/39726/islay-mist-8-year-old-bot1970s,https://img.thewhiskyexchange.com/380/blend_isl23.jpg?v=202407241,,,450,,,,,,,,Scotland,,,
2026-01-15 09:18:27,Blended,39243,Lauder's / Royal Northern Cream Whisky / Bot.1960s,Lauder's ,75cl / 43%,145.83,(£233.33 per litre),Blended Scotch Whisky,,In Stock,https://www.thewhiskyexchange.com/p/39243/lauders-royal-northern-cream-whisky-bot1960s,https://img.thewhiskyexchange.com/380/blend_lau1.jpg?v=202407241,,,175,,,,,,,,Scotland,,,
2026-01-15 09:18:27,Blended,39227,Inver House / Red Plaid / Bot.1980s,Inver House,75cl / 40%,125.0,(£200 per litre),Blended Scotch Whisky,,In Stock,https://www.thewhiskyexchange.com/p/39227/inver-house-red-plaid-bot1980s,https://img.thewhiskyexchange.com/380/blend_inv9.jpg?v=202407241,,,,,,,,,,,,,,
2026-01-15 09:18:27,Blended,38639,Mitchells & Butlers Very Old / Bot.1950s,Mitchells & Butlers,75cl / 46%,291.67,(£466.67 per litre),Blended Scotch Whisky,,In Stock,https://www.thewhiskyexchange.com/p/38639/mitchells-butlers-very-old-bot1950s,https://img.thewhiskyexchange.com/380/blend_mit3.jpg?v=202407241,,,350,,,,,,,,Scotland,,,
2026-01-15 09:18:27,Blended,37111,Ballantine's 30 Year Old / Bot.1970s,Ballantine's,75cl / 43%,625.0,"(£1,000 per litre)",Blended Scotch Whisky,,In Stock,https://www.thewhiskyexchange.com/p/37111/ballantines-30-year-old-bot1970s,https://img.thewhiskyexchange.com/380/blend_bal71.jpg?v=202407241,,,,,,,,,,,,,,
2026-01-15 09:18:32,Blended,35959,Johnnie Walker Red Label / Bot.1950s,Johnnie Walker,75cl / 40%,291.67,(£466.67 per litre),Blended Scotch Whisky,,In Stock,https://www.thewhiskyexchange.com/p/35959/johnnie-walker-red-label-bot1950s,https://img.thewhiskyexchange.com/380/blend_joh194.jpg?v=202407241,,,,,,,,,,,,,,
2026-01-15 09:18:32,Blended,34751,Whyte & Mackay Triple Matured,Whyte & Mackay,70cl / 40%,17.92,(£30.71 per litre),Blended Scotch Whisky,,In Stock,https://www.thewhiskyexchange.com/p/34751/whyte-mackay-triple-matured,https://img.thewhiskyexchange.com/380/blend_why43.jpg?v=202407241,4,17,21.50,,,,,,,,Scotland,,,
2026-01-15 09:18:32,Blended,34036,Glenrosa / Bot.1940s,Glenrosa,75cl / 40%,375.0,(£600 per litre),Blended Scotch Whisky,,In Stock,https://www.thewhiskyexchange.com/p/34036/glenrosa-bot1940s,https://img.thewhiskyexchange.com/380/blend_gle12.jpg?v=202407241,,,450,,,,,,,,Scotland,,,
2026-01-15 09:18:32,Blended,32609,Dewar's Victoria Vat / Bot.1930s / Spring Cap,Dewar's,75cl / 43%,1250.0,"(£2,000 per litre)",Blended Scotch Whisky,,In Stock,https://www.thewhiskyexchange.com/p/32609/dewars-victoria-vat-bot1930s-spring-cap,https://img.thewhiskyexchange.com/380/blend_dew55.jpg?v=202407241,,,1500,,,,,,,,Scotland,,,
2026-01-15 09:18:32,Blended,32192,Johnnie Walker White Label / Bot.~1900,Johnnie Walker,75cl / 40%,15000.0,"(£24,000 per litre)",Blended Scotch Whisky,,In Stock,https://www.thewhiskyexchange.com/p/32192/johnnie-walker-white-label-bot1900,https://img.thewhiskyexchange.com/380/blend_joh183.jpg?v=202407241,,,,,,,,,,,,,,
2026-01-15 09:18:32,Blended,32033,Johnnie Walker Swing / Bot.1960s,Johnnie Walker,75cl / 43%,332.5,(£532 per litre),Blended Scotch Whisky,,In Stock,https://www.thewhiskyexchange.com/p/32033/johnnie-walker-swing-bot1960s,https://img.thewhiskyexchange.com/380/blend_joh182.jpg?v=202407241,,,399,,,,,,,,Scotland,,,Yes
2026-01-15 09:18:32,Blended,31408,Ballantine's 17 Year Old,Ballantine's,70cl / 40%,61.25,(£105 per litre),Blended Scotch Whisky,,In Stock,https://www.thewhiskyexchange.com/p/31408/ballantines-17-year-old,https://img.thewhiskyexchange.com/380/blend_bal66.jpg?v=202407241,4,4,73.50,,3,3,2,3,Cream|Vanilla|Biscuits|Lemon|Smoke,,Scotland,,,Yes
2026-01-15 09:18:32,Blended,31377,Ballantine's 17 Year Old / Bot.1980s,Ballantine's,75cl / 43%,208.33,(£333.33 per litre),Blended Scotch Whisky,,In Stock,https://www.thewhiskyexchange.com/p/31377/ballantines-17-year-old-bot1980s,https://img.thewhiskyexchange.com/380/blend_bal64.jpg?v=202407241,,,250,,,,,,,,Scotland,,,Yes
2026-01-15 09:18:32,Blended,31379,Ballantine's 17 Year Old / Bot.1970s,Ballantine's,75cl / 43%,291.67,(£466.67 per litre),Blended Scotch Whisky,,In Stock,https://www.thewhiskyexchange.com/p/31379/ballantines-17-year-old-bot1970s,https://img.thewhiskyexchange.com/380/blend_bal65.jpg?v=202407241,,,350,,,,,,,,Scotland,,,Yes
2026-01-15 09:18:32,Blended,31335,Famous Grouse Smoky Black,Famous Grouse,70cl / 40%,16.25,(£27.86 per litre),Blended Scotch Whisky,,In Stock,https://www.thewhiskyexchange.com/p/31335/famous-grouse-smoky-black,https://img.thewhiskyexchange.com/380/blend_fam39.jpg?v=202407241,4,50,19.50,,,,,,,,Scotland,,,Yes
2026-01-15 09:18:32,Blended,30971,Gilbey's Spey Royal / Bot.1950s,Gilbey's,75cl / 40%,332.5,(£532 per litre),Blended Scotch Whisky,,In Stock,https://www.thewhiskyexchange.com/p/30971/gilbeys-spey-royal-bot1950s,https://img.thewhiskyexchange.com/380/blend_gil7.jpg?v=202407241,,,399,,,,,,,,Scotland,,,
2026-01-15 09:18:32,Blended,30756,Grand Old Parr Elizabethan,Old Parr,78cl / 43%,1458.33,"(£2,243.59 per litre)",Blended Scotch Whisky,,In Stock,https://www.thewhiskyexchange.com/p/30756/grand-old-parr-elizabethan,https://img.thewhiskyexchange.com/380/blend_par32.jpg?v=202407241,,,1750,,,,,,,,Scotland,,,Yes
2026-01-15 09:18:32,Blended,30241,Bell's Prince Charles Visit to Cherrybank Garden / Small,Bell's,18.75cl / 43%,249.17,(£159.47 per 10cl),Blended Scotch Whisky,,In Stock,https://www.thewhiskyexchange.com/p/30241/bells-prince-charles-visit-to-cherrybank-garden-small,https://img.thewhiskyexchange.com/380/bells_pri2.jpg?v=202407241,,,299,,,,,,,,Scotland,,,Yes
2026-01-15 09:18:32,Blended,30082,Dunhill Old Master,Dunhill,70cl / 43%,125.0,(£214.29 per litre),Blended Scotch Whisky,,In Stock,https://www.thewhiskyexchange.com/p/30082/dunhill-old-master,https://img.thewhiskyexchange.com/380/blend_dun11.jpg?v=202407241,,,150,,,,,,,,Scotland,,,Yes
2026-01-15 09:18:32,Blended,29926,Bell's Hawaii / 12 Year Old,Bell's,75cl / 43%,208.33,(£333.33 per litre),Blended Scotch Whisky,,In Stock,https://www.thewhiskyexchange.com/p/29926/bells-hawaii-12-year-old,https://img.thewhiskyexchange.com/380/bells_haw2.jpg?v=202407241,,,,,,,,,,,,,,
2026-01-15 09:18:32,Blended,29339,Johnnie Walker Old Harmony / Bot.1970s,Johnnie Walker,75cl / 43%,249.17,(£398.67 per litre),Blended Scotch Whisky,,In Stock,https://www.thewhiskyexchange.com/p/29339/johnnie-walker-old-harmony-bot1970s,https://img.thewhiskyexchange.com/380/blend_joh176.jpg?v=202407241,,,,,,,,,,,,,,
2026-01-15 09:18:32,Blended,28429,Black Bull Kyloe,Black Bull,70cl / 50%,25.21,(£43.21 per litre),Blended Scotch Whisky,,In Stock,https://www.thewhiskyexchange.com/p/28429/black-bull-kyloe,https://img.thewhiskyexchange.com/380/blend_bla57.jpg?v=202407241,,,30.25,,,,,,,Duncan Taylor,Scotland,,,Yes
2026-01-15 09:18:32,Blended,28390,House of Commons 12 Year Old / Bot.1970s,House of Commons,75cl / 40%,145.83,(£233.33 per litre),Blended Scotch Whisky,,In Stock,https://www.thewhiskyexchange.com/p/28390/house-of-commons-12-year-old-bot1970s,https://img.thewhiskyexchange.com/380/blend_hou7.jpg?v=202407241,,,175,,,,,,,,Scotland,,,Yes
2026-01-15 09:18:32,Blended,26487,Black & White / Bot.1930s,Black & White,75cl / 43.4%,625.0,"(£1,000 per litre)",Blended Scotch Whisky,,In Stock,https://www.thewhiskyexchange.com/p/26487/black-white-bot1930s,https://img.thewhiskyexchange.com/380/blend_bla56.jpg?v=202407241,,,750,,,,,,,,Scotland,,,
2026-01-15 09:18:32,Blended,25990,Dewar's Victoria Vat / Bot.1950s / Spring Cap,Dewar's,75cl / 43%,833.33,"(£1,333.33 per litre)",Blended Scotch Whisky,,In Stock,https://www.thewhiskyexchange.com/p/25990/dewars-victoria-vat-bot1950s-spring-cap,https://img.thewhiskyexchange.com/380/blend_dew50.jpg?v=202407241,,,1000,,,,,,,,Scotland,,,Yes
2026-01-15 09:18:32,Blended,25919,Bell's Extra Special / Bot.1970s,Bell's,75cl / 40%,83.29,(£133.27 per litre),Blended Scotch Whisky,,In Stock,https://www.thewhiskyexchange.com/p/25919/bells-extra-special-bot1970s,https://img.thewhiskyexchange.com/380/blend_bel46.jpg?v=202407241,,,99.95,,,,,,,,Scotland,,,Yes
2026-01-15 09:18:32,Blended,25394,Buchanan's Deluxe / Bot.1950s / Spring Cap,Buchanan's,75cl / 43%,291.67,(£466.67 per litre),Blended Scotch Whisky,,In Stock,https://www.thewhiskyexchange.com/p/25394/buchanans-deluxe-bot1950s-spring-cap,https://img.thewhiskyexchange.com/380/blend_buc20.jpg?v=202407241,,,350,,,,,,,,Scotland,,,Yes
2026-01-15 09:18:32,Blended,25393,Ballantine's 17 Year Old / Bot.1980s,Ballantine's,75cl / 43%,208.33,(£333.33 per litre),Blended Scotch Whisky,,In Stock,https://www.thewhiskyexchange.com/p/25393/ballantines-17-year-old-bot1980s,https://img.thewhiskyexchange.com/380/blend_bal55.jpg?v=202407241,,,250,,,,,,,,Scotland,,,Yes
2026-01-15 09:18:32,Blended,25369,Royal Salute LXX 21 Year Old,Royal Salute,70cl / 40%,375.0,(£642.86 per litre),Blended Scotch Whisky,,In Stock,https://www.thewhiskyexchange.com/p/25369/royal-salute-lxx-21-year-old,https://img.thewhiskyexchange.com/380/blend_roy41.jpg?v=202407241,,,450,,,,,,,,Scotland,,,Yes
2026-01-15 09:18:36,Blended,24226,Bell's Extra Special / Bot.1980s,Bell's,75cl / 40%,79.12,(£126.60 per litre),Blended Scotch Whisky,,In Stock,https://www.thewhiskyexchange.com/p/24226/bells-extra-special-bot1980s,https://img.thewhiskyexchange.com/380/blend_bel45.jpg?v=202407241,,,,,,,,,,,,,,
2026-01-15 09:18:36,Blended,24219,Johnnie Walker Swing / Bot.1980s,Johnnie Walker,75cl / 40%,208.33,(£333.33 per litre),Blended Scotch Whisky,,In Stock,https://www.thewhiskyexchange.com/p/24219/johnnie-walker-swing-bot1980s,https://img.thewhiskyexchange.com/380/blend_joh154.jpg?v=202407241,,,250,,,,,,,,Scotland,,,Yes
2026-01-15 09:18:36,Blended,24212,Haig's Gold Label / Bot.1950s / Spring Cap,Haig,75cl / 40%,208.33,(£333.33 per litre),Blended Scotch Whisky,,In Stock,https://www.thewhiskyexchange.com/p/24212/haigs-gold-label-bot1950s-spring-cap,https://img.thewhiskyexchange.com/380/blend_hai34.jpg?v=202407241,,,,,,,,,,,,,,
2026-01-15 09:18:36,Blended,24112,Lord Elcho Blended Whisky,Lord Elcho,70cl / 40%,22.08,(£37.86 per litre),Blended Scotch Whisky,,In Stock,https://www.thewhiskyexchange.com/p/24112/lord-elcho-blended-whisky,https://img.thewhiskyexchange.com/380/blend_lor2.jpg?v=202407241,5,2,26.50,,,,,,,Wemyss,Scotland,,,Yes
2026-01-15 09:18:36,Blended,24096,Johnnie Walker Red Label / Bot.1960s,Johnnie Walker,75cl / 40%,229.17,(£366.67 per litre),Blended Scotch Whisky,,In Stock,https://www.thewhiskyexchange.com/p/24096/johnnie-walker-red-label-bot1960s,https://img.thewhiskyexchange.com/380/blend_joh148.jpg?v=202407241,,,275,,,,,,,,Scotland,,,Yes
2026-01-15 09:18:36,Blended,23911,Hankey Bannister Heritage Blend,Hankey Bannister,70cl / 46%,26.62,(£45.64 per litre),Blended Scotch Whisky,,In Stock,https://www.thewhiskyexchange.com/p/23911/hankey-bannister-heritage-blend,https://img.thewhiskyexchange.com/380/blend_han5.jpg?v=202407241,5,3,31.95,,,,,,,,Scotland,,,Yes
2026-01-15 09:18:36,Blended,23852,Hazelwood Reserve / 90th Birthday Edition,Hazelwood,75cl / 51.4%,2083.33,"(£3,333.33 per litre)",Blended Scotch Whisky,,In Stock,https://www.thewhiskyexchange.com/p/23852/hazelwood-reserve-90th-birthday-edition,https://img.thewhiskyexchange.com/380/blend_haz3.jpg?v=202407241,,,2500,,,,,,,,Scotland,,,Yes
2026-01-15 09:18:36,Blended,23817,Ballantine's 40 Year Old / 2018 Release,Ballantine's,70cl / 43%,6000.0,"(£10,285.71 per litre)",Blended Scotch Whisky,,In Stock,https://www.thewhiskyexchange.com/p/23817/ballantines-40-year-old-2018-release,https://img.thewhiskyexchange.com/380/blend_bal52.jpg?v=202407241,,,7200,,,,,,,,Scotland,,,Yes
2026-01-15 09:18:36,Blended,22607,Royal Salute 21 Year Old / Bot.1980s / Brown Wade Decanter,Royal Salute,75cl / 40%,291.67,(£466.67 per litre),Blended Scotch Whisky,,In Stock,https://www.thewhiskyexchange.com/p/22607/royal-salute-21-year-old-bot1980s-brown-wade-decanter,https://img.thewhiskyexchange.com/380/blend_roy37.jpg?v=202407241,,,350,,,,,,,,,,,Yes
2026-01-15 09:18:36,Blended,22211,Buchanan's Master,Buchanan's,75cl / 40%,81.25,(£130 per litre),Blended Scotch Whisky,,In Stock,https://www.thewhiskyexchange.com/p/22211/buchanans-master,https://img.thewhiskyexchange.com/380/blend_buc17.jpg?v=202407241,4.5,6,97.50,,,,,,,,Scotland,,,Yes
2026-01-15 09:18:36,Blended,22127,Chivas Regal 12 Year Old / Bot.1970s,Chivas Regal,75cl / 43%,125.0,(£200 per litre),Blended Scotch Whisky,,In Stock,https://www.thewhiskyexchange.com/p/22127/chivas-regal-12-year-old-bot1970s,https://img.thewhiskyexchange.com/380/blend_chi41.jpg?v=202407241,,,150,,,,,,,,Scotland,,,Yes
2026-01-15 09:18:36,Blended,22100,Dimple Haig / Bot.1960s / Spring Cap,Dimple,75cl / 40%,187.5,(£300 per litre),Blended Scotch Whisky,,In Stock,https://www.thewhiskyexchange.com/p/22100/dimple-haig-bot1960s-spring-cap,https://img.thewhiskyexchange.com/380/blend_dim38.jpg?v=202407241,,,,,,,,,,,,,,
2026-01-15 09:18:36,Blended,22003,Haig Gold Label / Bot.1960s / Spring Cap,Haig,75cl / 40%,165.83,(£265.33 per litre),Blended Scotch Whisky,,In Stock,https://www.thewhiskyexchange.com/p/22003/haig-gold-label-bot1960s-spring-cap,https://img.thewhiskyexchange.com/380/blend_hai32.jpg?v=202407241,,,199,,,,,,,,Scotland,,,Yes
2026-01-15 09:18:36,Blended,21586,Lord Elcho 15 Year Old / Wemyss Malts,Lord Elcho,70cl / 40%,42.46,(£72.79 per litre),Blended Scotch Whisky,,In Stock,https://www.thewhiskyexchange.com/p/21586/lord-elcho-15-year-old-wemyss-malts,https://img.thewhiskyexchange.com/380/blend_lor1.jpg?v=202407241,5,2,50.95,,,,,,,Wemyss,Scotland,,,Yes
2026-01-15 09:18:36,Blended,21337,Johnnie Walker Swing / Bot.1980s,Johnnie Walker,75cl / 40%,208.33,(£333.33 per litre),Blended Scotch Whisky,,In Stock,https://www.thewhiskyexchange.com/p/21337/johnnie-walker-swing-bot1980s,https://img.thewhiskyexchange.com/380/blend_joh136.jpg?v=202407241,,,250,,,,,,,,Scotland,,,Yes
2026-01-15 09:18:36,Blended,21333,Alex Ferguson / Bot.1930s,Alex Ferguson,75cl / 40%,412.5,(£660 per litre),Blended Scotch Whisky,,In Stock,https://www.thewhiskyexchange.com/p/21333/alex-ferguson-bot1930s,https://img.thewhiskyexchange.com/380/blend_ale2.jpg?v=202407241,,,495,,,,,,,,Scotland,,,Yes
2026-01-15 09:18:36,Blended,21331,Haig & Haig 12 Year Old / Bot.1940s / Spring Cap,Haig,75cl / 43.4%,332.5,(£532 per litre),Blended Scotch Whisky,,In Stock,https://www.thewhiskyexchange.com/p/21331/haig-haig-12-year-old-bot1940s-spring-cap,https://img.thewhiskyexchange.com/380/blend_hai31.jpg?v=202407241,,,,,,,,,,,,,,
2026-01-15 09:18:36,Blended,20676,Gilbey's Spey Royal / Bot.1940s,Gilbey's,75cl / 40%,625.0,"(£1,000 per litre)",Blended Scotch Whisky,,In Stock,https://www.thewhiskyexchange.com/p/20676/gilbeys-spey-royal-bot1940s,https://img.thewhiskyexchange.com/380/blend_gil4.jpg?v=202407241,,,,,,,,,,,,,,
2026-01-15 09:18:36,Blended,20661,White Horse / Bot.1950s / Spring Cap,White Horse,75cl / 43.4%,833.33,"(£1,333.33 per litre)",Blended Scotch Whisky,,In Stock,https://www.thewhiskyexchange.com/p/20661/white-horse-bot1950s-spring-cap,https://img.thewhiskyexchange.com/380/blend_whi53.jpg?v=202407241,,,1000,,,,,,,,Scotland,,,Yes
2026-01-15 09:18:36,Blended,20655,Stewart's Cream of the Barley 21 Year Old / Bot.1940s,Stewart's,75cl / 40%,1000.0,"(£1,600 per litre)",Blended Scotch Whisky,,In Stock,https://www.thewhiskyexchange.com/p/20655/stewarts-cream-of-the-barley-21-year-old-bot1940s,https://img.thewhiskyexchange.com/380/blend_ste7.jpg?v=202407241,,,1200,,,,,,,,Scotland,,,Yes
2026-01-15 09:18:36,Blended,20572,Crabbie & Cree Blended Scotch Whisky,Crabbie,70cl / 40%,24.96,(£42.79 per litre),Blended Scotch Whisky,,In Stock,https://www.thewhiskyexchange.com/p/20572/crabbie-cree-blended-scotch-whisky,https://img.thewhiskyexchange.com/380/blend_cra12.jpg?v=202407241,,,29.95,,,,,,,,Scotland,,,Yes
2026-01-15 09:18:36,Blended,20438,Logan's De Luxe / Bot.1970s,Logan's,75cl / 40%,195.83,(£313.33 per litre),Blended Scotch Whisky,,In Stock,https://www.thewhiskyexchange.com/p/20438/logans-de-luxe-bot1970s,https://img.thewhiskyexchange.com/380/blend_log7.jpg?v=202407241,,,,,,,,,,,,,,
2026-01-15 09:18:36,Blended,20118,Findlater's  V.O. / 10 Years Old / Bot.1940s,Findlater's,75cl / 43%,332.5,(£532 per litre),Blended Scotch Whisky,,In Stock,https://www.thewhiskyexchange.com/p/20118/findlaters-vo-10-years-old-bot1940s,https://img.thewhiskyexchange.com/380/blend_fin9.jpg?v=202407241,,,399,,,,,,,,,,,Yes
2026-01-15 09:18:36,Blended,20001,Chivas Regal 18 Year Old Pininfarina Ice Drop Glass Pack,Chivas Regal,70cl / 40%,229.17,(£392.86 per litre),Blended Scotch Whisky,,In Stock,https://www.thewhiskyexchange.com/p/20001/chivas-regal-18-year-old-pininfarina-ice-drop-glass-pack,https://img.thewhiskyexchange.com/380/blend_chi37.jpg?v=202407241,,,275,,,,,,,,Scotland,,,Yes
2026-01-15 09:18:40,Blended,19881,Haig's Gold Label / Cork Stopper / Bot.1940s (GEORGE VI),Haig,75cl / 40%,458.33,(£733.33 per litre),Blended Scotch Whisky,,In Stock,https://www.thewhiskyexchange.com/p/19881/haigs-gold-label-cork-stopper-bot1940s-george-vi,https://img.thewhiskyexchange.com/380/blend_hai30.jpg?v=202407241,,,550,,,,,,,,Scotland,,,Yes
2026-01-15 09:18:40,Blended,19605,Auld Alliance Whisky Armagnac Blend,Auld Alliance,70cl / 40%,187.5,(£321.43 per litre),Blended Scotch Whisky,,In Stock,https://www.thewhiskyexchange.com/p/19605/auld-alliance-whisky-armagnac-blend,https://img.thewhiskyexchange.com/380/blend_aul1.jpg?v=202407241,,,225,,,,,,,,,,,Yes
2026-01-15 09:18:40,Blended,19541,Johnnie Walker Blue Label for Singapore Duty Free,Johnnie Walker,75cl / 43%,187.5,(£300 per litre),Blended Scotch Whisky,,In Stock,https://www.thewhiskyexchange.com/p/19541/johnnie-walker-blue-label-for-singapore-duty-free,https://img.thewhiskyexchange.com/380/blend_joh125.jpg?v=202407241,,,225,,,,,,,,Scotland,,,Yes
2026-01-15 09:18:40,Blended,19012,Bell's Royal Reserve 20 Year Old / Bot.1970s,Bell's,75cl / 43%,187.5,(£300 per litre),Blended Scotch Whisky,,In Stock,https://www.thewhiskyexchange.com/p/19012/bells-royal-reserve-20-year-old-bot1970s,https://img.thewhiskyexchange.com/380/blend_bel37.jpg?v=202407241,,,225,,,,,,,,Scotland,,,Yes
2026-01-15 09:18:40,Blended,18975,Chivas Regal 12 Year Old / Bot.1980s / US Gallon,Chivas Regal,378cl / 43%,375.0,(£119.05 per litre),Blended Scotch Whisky,,In Stock,https://www.thewhiskyexchange.com/p/18975/chivas-regal-12-year-old-bot1980s-us-gallon,https://img.thewhiskyexchange.com/380/blend_chi35.jpg?v=202407241,,,450,,,,,,,,Scotland,,,Yes
2026-01-15 09:18:40,Blended,18295,Sandy Macdonald / Bot.1950s,Sandy Macdonald,75cl / 43%,312.5,(£500 per litre),Blended Scotch Whisky,,In Stock,https://www.thewhiskyexchange.com/p/18295/sandy-macdonald-bot1950s,https://img.thewhiskyexchange.com/380/blend_san4.jpg?v=202407241,,,375,,,,,,,,Scotland,,,Yes
2026-01-15 09:18:40,Blended,18293,Gilbey's 8 Year Old / Bot.1950s,Gilbey's,75cl / 43%,208.33,(£333.33 per litre),Blended Scotch Whisky,,In Stock,https://www.thewhiskyexchange.com/p/18293/gilbeys-8-year-old-bot1950s,https://img.thewhiskyexchange.com/380/blend_gil3.jpg?v=202407241,,,250,,,,,,,,Scotland,,,Yes
2026-01-15 09:18:40,Blended,18229,Award 76 Special Reserve / Chivas,Chivas,75cl / 40%,249.17,(£398.67 per litre),Blended Scotch Whisky,,In Stock,https://www.thewhiskyexchange.com/p/18229/award-76-special-reserve-chivas,https://img.thewhiskyexchange.com/380/blend_chi34.jpg?v=202407241,,,299,,,,,,,,Scotland,,,Yes
2026-01-15 09:18:40,Blended,17980,Ballantine's 17 Year Old / Bot.1970s,Ballantine's,75cl / 43%,291.67,(£466.67 per litre),Blended Scotch Whisky,,In Stock,https://www.thewhiskyexchange.com/p/17980/ballantines-17-year-old-bot1970s,https://img.thewhiskyexchange.com/380/blend_bal37.jpg?v=202407241,,,350,,,,,,,,Scotland,,,Yes
2026-01-15 09:18:40,Blended,17958,Johnnie Walker Oldest,Johnnie Walker,75cl / 43%,625.0,"(£1,000 per litre)",Blended Scotch Whisky,,In Stock,https://www.thewhiskyexchange.com/p/17958/johnnie-walker-oldest,https://img.thewhiskyexchange.com/380/blend_joh114.jpg?v=202407241,,,750,,,,,,,,Scotland,,,Yes
2026-01-15 09:18:40,Blended,17562,Wright & Greigs Blended Whisky / Bot.1980s / Large Bottle,Wright & Greigs,114cl / 40%,41.04,(£43.20 per litre),Blended Scotch Whisky,,In Stock,https://www.thewhiskyexchange.com/p/17562/wright-greigs-blended-whisky-bot1980s-large-bottle,https://img.thewhiskyexchange.com/380/blend_wri1.jpg?v=202407241,,,,,,,,,,,,,,
2026-01-15 09:18:40,Blended,17070,MacNaMara Rum Cask Finish Blended Scotch Whisky,MacNaMara,70cl / 40%,26.04,(£44.64 per litre),Blended Scotch Whisky,,In Stock,https://www.thewhiskyexchange.com/p/17070/macnamara-rum-cask-finish-blended-scotch-whisky,https://img.thewhiskyexchange.com/380/blend_mac10.jpg?v=202407241,4.5,12,31.25,,,,,,,,Scotland,,Rum  Finish,Yes
2026-01-15 09:18:40,Blended,16209,Bulloch Lade's / Bot.1950s / Spring Cap,Bulloch Lade,75cl / 43.4%,412.5,(£660 per litre),Blended Scotch Whisky,,In Stock,https://www.thewhiskyexchange.com/p/16209/bulloch-lades-bot1950s-spring-cap,https://img.thewhiskyexchange.com/380/blend_bul3.jpg?v=202407241,,,495,,,,,,,,Scotland,,,Yes
2026-01-15 09:18:40,Blended,15943,Haig Gold Label / Bot.1960s / Spring Cap,Haig,75cl / 40%,249.17,(£398.67 per litre),Blended Scotch Whisky,,In Stock,https://www.thewhiskyexchange.com/p/15943/haig-gold-label-bot1960s-spring-cap,https://img.thewhiskyexchange.com/380/blend_hai22.jpg?v=202407241,,,299,,,,,,,,Scotland,,,Yes
2026-01-15 09:18:40,Blended,15918,Chivas Regal 12 Year Old / Bot.1970s,Chivas Regal,75cl / 43%,125.0,(£200 per litre),Blended Scotch Whisky,,In Stock,https://www.thewhiskyexchange.com/p/15918/chivas-regal-12-year-old-bot1970s,https://img.thewhiskyexchange.com/380/blend_chi32.jpg?v=202407241,,,,,,,,,,,,,,
2026-01-15 09:18:40,Blended,15917,Bell's Extra Special / Bot.1970s,Bell's,75.7cl / 40%,83.29,(£132.03 per litre),Blended Scotch Whisky,,In Stock,https://www.thewhiskyexchange.com/p/15917/bells-extra-special-bot1970s,https://img.thewhiskyexchange.com/380/blend_bel29.jpg?v=202407241,,,99.95,,,,,,,,Scotland,,,Yes
2026-01-15 09:18:40,Blended,15894,Hazelwood Janet Sheed Roberts / 110th Birthday Edition,Hazelwood,70cl / 55%,375.0,(£642.86 per litre),Blended Scotch Whisky,,In Stock,https://www.thewhiskyexchange.com/p/15894/hazelwood-janet-sheed-roberts-110th-birthday-edition,https://img.thewhiskyexchange.com/380/blend_haz2.jpg?v=202407241,,,450,,,,,,,,Scotland,,,Yes
2026-01-15 09:18:40,Blended,15321,Black & White / Bot.1939 / Late King George V,Black & White,75cl / 40%,625.0,"(£1,000 per litre)",Blended Scotch Whisky,,In Stock,https://www.thewhiskyexchange.com/p/15321/black-white-bot1939-late-king-george-v,https://img.thewhiskyexchange.com/380/blend_bla32.jpg?v=202407241,,,,,,,,,,,,,,
2026-01-15 09:18:40,Blended,14170,Chivas Silver Jubilee (1952-1977),Chivas,75cl / 40%,375.0,(£600 per litre),Blended Scotch Whisky,,In Stock,https://www.thewhiskyexchange.com/p/14170/chivas-silver-jubilee-1952-1977,https://img.thewhiskyexchange.com/380/blend_chi29.jpg?v=202407241,,,,,,,,,,,,,,
2026-01-15 09:18:40,Blended,14007,Ballantine's Celebration,Ballantine's,70cl / 47%,100.0,(£171.43 per litre),Blended Scotch Whisky,,In Stock,https://www.thewhiskyexchange.com/p/14007/ballantines-celebration,https://img.thewhiskyexchange.com/380/blend_bal29.jpg?v=202407241,,,120,,,,,,,,,,,Yes
2026-01-15 09:18:40,Blended,13960,Ballantine's 12 Year Old / Bot.1980s,Ballantine's,75cl / 40%,112.5,(£180 per litre),Blended Scotch Whisky,,In Stock,https://www.thewhiskyexchange.com/p/13960/ballantines-12-year-old-bot1980s,https://img.thewhiskyexchange.com/380/blend_bal28.jpg?v=202407241,,,,,,,,,,,,,,
2026-01-15 09:18:40,Blended,13647,Bulloch Lade's Gold Label / Bot.1950s / Spring Cap,Bulloch Lade,75cl / 40%,375.0,(£600 per litre),Blended Scotch Whisky,,In Stock,https://www.thewhiskyexchange.com/p/13647/bulloch-lades-gold-label-bot1950s-spring-cap,https://img.thewhiskyexchange.com/380/blend_bul2.jpg?v=202407241,,,,,,,,,,,,,,
2026-01-15 09:18:40,Blended,13527,The John Walker / Baccarat Crystal Decanter,Johnnie Walker,70cl / 40%,2916.67,"(£5,000 per litre)",Blended Scotch Whisky,,In Stock,https://www.thewhiskyexchange.com/p/13527/the-john-walker-baccarat-crystal-decanter,https://img.thewhiskyexchange.com/380/blend_joh77.jpg?v=202407241,5,2,3500,,,,,,,,Scotland,,,Yes
2026-01-15 09:18:40,Blended,13454,Johnnie Walker Swing / Bot.1980s,Johnnie Walker,75cl / 43%,208.33,(£333.33 per litre),Blended Scotch Whisky,,In Stock,https://www.thewhiskyexchange.com/p/13454/johnnie-walker-swing-bot1980s,https://img.thewhiskyexchange.com/380/blend_joh76.jpg?v=202407241,,,250,,,,,,,,Scotland,,,Yes
2026-01-15 09:18:44,Blended,13109,Chivas Regal 12 Year Old / Bot.1980s,Chivas Regal,70cl / 40%,91.67,(£157.14 per litre),Blended Scotch Whisky,,In Stock,https://www.thewhiskyexchange.com/p/13109/chivas-regal-12-year-old-bot1980s,https://img.thewhiskyexchange.com/380/blend_chi24.jpg?v=202407241,,,,,,,,,,,,,,
2026-01-15 09:18:44,Blended,12687,Sandy Macdonald / Bot.1960s / Spring Cap,Sandy Macdonald,75cl / 43%,187.5,(£300 per litre),Blended Scotch Whisky,,In Stock,https://www.thewhiskyexchange.com/p/12687/sandy-macdonald-bot1960s-spring-cap,https://img.thewhiskyexchange.com/380/blend_san2.jpg?v=202407241,,,225,,,,,,,,Scotland,,,Yes
2026-01-15 09:18:44,Blended,12092,Famous Grouse / Small Bottle,Famous Grouse,20cl / 40%,5.79,(£3.48 per 10cl),Blended Scotch Whisky,,In Stock,https://www.thewhiskyexchange.com/p/12092/famous-grouse-small-bottle,https://img.thewhiskyexchange.com/380/blend_fam17.jpg?v=202407241,,,6.95,,,,,,,,Scotland,,,Yes
2026-01-15 09:18:44,Blended,11872,Dunhill Speyside Gentleman's Blend,Dunhill,70cl / 43%,145.83,(£250 per litre),Blended Scotch Whisky,,In Stock,https://www.thewhiskyexchange.com/p/11872/dunhill-speyside-gentlemans-blend,https://img.thewhiskyexchange.com/380/blend_dun7.jpg?v=202407241,,,175,,,,,,,,Scotland,,,Yes
2026-01-15 09:18:44,Blended,11609,King William IV VOP / Bot.1950s,King William,75cl / 43%,312.5,(£500 per litre),Blended Scotch Whisky,,In Stock,https://www.thewhiskyexchange.com/p/11609/king-william-iv-vop-bot1950s,https://img.thewhiskyexchange.com/380/blend_kin23.jpg?v=202407241,,,375,,,,,,,,Scotland,,,Yes
2026-01-15 09:18:44,Blended,11576,Grant's Standfast / Bot.1970s,Grant's,75cl / 40%,66.62,(£106.60 per litre),Blended Scotch Whisky,,In Stock,https://www.thewhiskyexchange.com/p/11576/grants-standfast-bot1970s,https://img.thewhiskyexchange.com/380/blend_gra15.jpg?v=202407241,,,79.95,,,,,,,,Scotland,,,Yes
2026-01-15 09:18:44,Blended,11537,Whyte & Mackay 30 Year Old / Rare Reserve,Whyte & Mackay,70cl / 43%,332.5,(£570 per litre),Blended Scotch Whisky,,In Stock,https://www.thewhiskyexchange.com/p/11537/whyte-mackay-30-year-old-rare-reserve,https://img.thewhiskyexchange.com/380/blend_why30.jpg?v=202407241,,,399,,,,,,,,Scotland,,,Yes
2026-01-15 09:18:44,Blended,10362,Chivas Imperial 18 Year Old,Chivas,70cl / 43%,165.83,(£284.29 per litre),Blended Scotch Whisky,,In Stock,https://www.thewhiskyexchange.com/p/10362/chivas-imperial-18-year-old,https://img.thewhiskyexchange.com/380/blend_chi14.jpg?v=202407241,,,199,,,,,,,,Scotland,,,Yes
2026-01-15 09:18:44,Blended,10050,Haig's Gold Label / 1940s / Spring Cap,Haig,75cl / 40%,375.0,(£600 per litre),Blended Scotch Whisky,,In Stock,https://www.thewhiskyexchange.com/p/10050/haigs-gold-label-1940s-spring-cap,https://img.thewhiskyexchange.com/380/blend_hai17.jpg?v=202407241,,,450,,,,,,,,Scotland,,,Yes
2026-01-15 09:18:44,Blended,10008,Dunhillion 23 Year Old,Dunhillion,75cl / 43%,375.0,(£600 per litre),Blended Scotch Whisky,,In Stock,https://www.thewhiskyexchange.com/p/10008/dunhillion-23-year-old,https://img.thewhiskyexchange.com/380/blend_dun5.jpg?v=202407241,,,,,,,,,,,,,,
2026-01-15 09:18:44,Blended,9357,Old Parr Seasons / Autumn,Old Parr,50cl / 43%,165.83,(£398 per litre),Blended Scotch Whisky,,In Stock,https://www.thewhiskyexchange.com/p/9357/old-parr-seasons-autumn,https://img.thewhiskyexchange.com/380/blend_par16.jpg?v=202407241,,,,,,,,,,,,,,
2026-01-15 09:18:44,Blended,9282,The Royal Household / Bot.1980s,The Royal Household,75cl / 40%,458.33,(£733.33 per litre),Blended Scotch Whisky,,In Stock,https://www.thewhiskyexchange.com/p/9282/the-royal-household-bot1980s,https://img.thewhiskyexchange.com/380/blend_roy17.jpg?v=202407241,,,550,,,,,,,,Scotland,,,Yes
2026-01-15 09:18:44,Blended,9241,Royal Salute 50 Year Old / Coronation Cask,Royal Salute,70cl / 40%,20833.33,"(£35,714.29 per litre)",Blended Scotch Whisky,,In Stock,https://www.thewhiskyexchange.com/p/9241/royal-salute-50-year-old-coronation-cask,https://img.thewhiskyexchange.com/380/blend_roy16.jpg?v=202407241,5,4,25000,,,,,,,,Scotland,,,Yes
2026-01-15 09:18:44,Blended,8774,Old Parr 15 Year Old / Britain's Best Factory 1997,Old Parr,75cl / 43%,125.0,(£200 per litre),Blended Scotch Whisky,,In Stock,https://www.thewhiskyexchange.com/p/8774/old-parr-15-year-old-britains-best-factory-1997,https://img.thewhiskyexchange.com/380/blend_par13.jpg?v=202407241,,,,,,,,,,,,,,
2026-01-15 09:18:44,Blended,8671,Royal Salute The Coronation of King Charles III Edition,Royal Salute,70cl / 52.3%,16666.67,"(£28,571.43 per litre)",Blended Scotch Whisky,,In Stock,https://www.thewhiskyexchange.com/p/8671/royal-salute-the-coronation-of-king-charles-iii-edition,https://img.thewhiskyexchange.com/380/blend_roy13.jpg?v=202407241,,,,,,,,,,,,,,
2026-01-15 09:18:44,Blended,8359,Buchanan's Deluxe / Bot.1950s / Spring Cap,Buchanan's,75cl / 40%,291.67,(£466.67 per litre),Blended Scotch Whisky,,In Stock,https://www.thewhiskyexchange.com/p/8359/buchanans-deluxe-bot1950s-spring-cap,https://img.thewhiskyexchange.com/380/blend_buc8.jpg?v=202407241,,,350,,,,,,,,Scotland,,,Yes
2026-01-15 09:18:44,Blended,8157,Chivas Regal 12 Year Old / Silver Jubilee / Bot.1970s,Chivas Regal,75cl / 43%,165.83,(£265.33 per litre),Blended Scotch Whisky,,In Stock,https://www.thewhiskyexchange.com/p/8157/chivas-regal-12-year-old-silver-jubilee-bot1970s,https://img.thewhiskyexchange.com/380/blend_chi18.jpg?v=202407241,,,,,,,,,,,,,,
2026-01-15 09:18:44,Blended,7842,Dewar's White Label / Bot.1970s,Dewar's,75cl / 40%,125.0,(£200 per litre),Blended Scotch Whisky,,In Stock,https://www.thewhiskyexchange.com/p/7842/dewars-white-label-bot1970s,https://img.thewhiskyexchange.com/380/blend_dew25.jpg?v=202407241,,,,,,,,,,,,,,
2026-01-15 09:18:44,Blended,7696,The Director's Blend / Bot.2005 / Diageo,Diageo,70cl / 45%,125.0,(£214.29 per litre),Blended Scotch Whisky,,In Stock,https://www.thewhiskyexchange.com/p/7696/the-directors-blend-bot2005-diageo,https://img.thewhiskyexchange.com/380/blend_dia1.jpg?v=202407241,,,150,,,,,,,,Scotland,,,Yes
2026-01-15 09:18:44,Blended,7693,Buchanan's Red Seal,Buchanan's,75cl / 40%,213.33,(£341.33 per litre),Blended Scotch Whisky,,In Stock,https://www.thewhiskyexchange.com/p/7693/buchanans-red-seal,https://img.thewhiskyexchange.com/380/blend_buc6.jpg?v=202407241,,,,,,,,,,,,,,
2026-01-15 09:18:44,Blended,7655,Johnnie Walker Deco,Johnnie Walker,35cl / 40%,458.33,"(£1,571.43 per litre)",Blended Scotch Whisky,,In Stock,https://www.thewhiskyexchange.com/p/7655/johnnie-walker-deco,https://img.thewhiskyexchange.com/380/blend_joh47.jpg?v=202407241,,,550,,,,,,,,Scotland,,,Yes
2026-01-15 09:18:44,Blended,7652,Johnnie Walker 18 Year Old / Gold Label / Centenary Blend / Bot.1990s,Johnnie Walker,70cl / 40%,145.83,(£250 per litre),Blended Scotch Whisky,,In Stock,https://www.thewhiskyexchange.com/p/7652/johnnie-walker-18-year-old-gold-label-centenary-blend-bot1990s,https://img.thewhiskyexchange.com/380/blend_joh44.jpg?v=202407241,,,175,,,,,,,,Scotland,,,Yes
2026-01-15 09:18:44,Blended,7631,Chivas Imperial 18 Year Old / Bot.1990s,Chivas,70cl / 43%,165.83,(£284.29 per litre),Blended Scotch Whisky,,In Stock,https://www.thewhiskyexchange.com/p/7631/chivas-imperial-18-year-old-bot1990s,https://img.thewhiskyexchange.com/380/blend_chi12.jpg?v=202407241,,,199,,,,,,,,Scotland,,,Yes
2026-01-15 09:18:44,Blended,6925,Chivas Regal 12 Year Old / Bot.1980s,Chivas Regal,75cl / 43%,91.67,(£146.67 per litre),Blended Scotch Whisky,,In Stock,https://www.thewhiskyexchange.com/p/6925/chivas-regal-12-year-old-bot1980s,https://img.thewhiskyexchange.com/380/blend_chi10.jpg?v=202407241,,,,,,,,,,,,,,
2026-01-15 09:18:49,Blended,6841,White Horse / Bot.1960,White Horse,75cl / 40%,416.67,(£666.67 per litre),Blended Scotch Whisky,,In Stock,https://www.thewhiskyexchange.com/p/6841/white-horse-bot1960,https://img.thewhiskyexchange.com/380/blend_whi21.jpg?v=202407241,,,500,,,,,,,,Scotland,,,Yes
2026-01-15 09:18:49,Blended,6839,Dimple / Bot.1950s / Spring Cap,Dimple,75cl / 40%,208.33,(£333.33 per litre),Blended Scotch Whisky,,In Stock,https://www.thewhiskyexchange.com/p/6839/dimple-bot1950s-spring-cap,https://img.thewhiskyexchange.com/380/blend_dim12.jpg?v=202407241,,,250,,,,,,,,Scotland,,,Yes
2026-01-15 09:18:49,Blended,6838,Chivas Legend - Special Reserve,Chivas,75cl / 43%,165.83,(£265.33 per litre),Blended Scotch Whisky,,In Stock,https://www.thewhiskyexchange.com/p/6838/chivas-legend-special-reserve,https://img.thewhiskyexchange.com/380/blend_chi11.jpg?v=202407241,,,199,,,,,,,,Scotland,,,Yes
2026-01-15 09:18:49,Blended,6705,House of Commons 12 Year Old / Bot.1980s,House of Commons,75cl / 40%,125.0,(£200 per litre),Blended Scotch Whisky,,In Stock,https://www.thewhiskyexchange.com/p/6705/house-of-commons-12-year-old-bot1980s,https://img.thewhiskyexchange.com/380/blend_hou2.jpg?v=202407241,,,150,,,,,,,,Scotland,,,Yes
2026-01-15 09:18:49,Blended,6184,Whyte & Mackay 25 Year Old / Millennium Blend,Whyte & Mackay,70cl / 45%,165.83,(£284.29 per litre),Blended Scotch Whisky,,In Stock,https://www.thewhiskyexchange.com/p/6184/whyte-mackay-25-year-old-millennium-blend,https://img.thewhiskyexchange.com/380/blend_why21.jpg?v=202407241,,,199,,,,,,,,Scotland,,,Yes
2026-01-15 09:18:49,Blended,6179,White Horse / Bot.1950s / Spring Cap,White Horse,75cl / 43%,833.33,"(£1,333.33 per litre)",Blended Scotch Whisky,,In Stock,https://www.thewhiskyexchange.com/p/6179/white-horse-bot1950s-spring-cap,https://img.thewhiskyexchange.com/380/blend_whi15.jpg?v=202407241,,,1000,,,,,,,,Scotland,,,Yes
2026-01-15 09:18:49,Blended,6172,Sandy Macdonald / Bot.1960s / Spring Cap,Sandy Macdonald,75cl / 43%,291.67,(£466.67 per litre),Blended Scotch Whisky,,In Stock,https://www.thewhiskyexchange.com/p/6172/sandy-macdonald-bot1960s-spring-cap,https://img.thewhiskyexchange.com/380/blend_san1.jpg?v=202407241,,,350,,,,,,,,Scotland,,,Yes
2026-01-15 09:18:49,Blended,6156,Haig & Haig 12 Year Old / Bot.1940s / Spring Cap,Haig,75cl / 43.4%,332.5,(£532 per litre),Blended Scotch Whisky,,In Stock,https://www.thewhiskyexchange.com/p/6156/haig-haig-12-year-old-bot1940s-spring-cap,https://img.thewhiskyexchange.com/380/blend_hai9.jpg?v=202407241,,,399,,,,,,,,Scotland,,,Yes
2026-01-15 09:18:49,Blended,6143,Dewar's Ancestor / Bot.1950s / Spring Cap,Dewar's,75cl / 40%,332.5,(£532 per litre),Blended Scotch Whisky,,In Stock,https://www.thewhiskyexchange.com/p/6143/dewars-ancestor-bot1950s-spring-cap,https://img.thewhiskyexchange.com/380/blend_dew16.jpg?v=202407241,5,2,399,,,,,,,,Scotland,,,Yes
2026-01-15 09:18:49,Blended,6130,Bell's Royal Reserve 21 Year Old,Bell's,75cl / 40%,125.0,(£200 per litre),Blended Scotch Whisky,,In Stock,https://www.thewhiskyexchange.com/p/6130/bells-royal-reserve-21-year-old,https://img.thewhiskyexchange.com/380/blend_bel9.jpg?v=202407241,,,,,,,,,,,,,,
2026-01-15 09:18:49,Blended,6127,Ballantine's 17 Year Old / Bot.1970s,Ballantine's,75cl / 43%,332.5,(£532 per litre),Blended Scotch Whisky,,In Stock,https://www.thewhiskyexchange.com/p/6127/ballantines-17-year-old-bot1970s,https://img.thewhiskyexchange.com/380/blend_bal11.jpg?v=202407241,,,399,,,,,,,,Scotland,,,Yes
2026-01-15 09:18:49,Blended,5737,Johnnie Walker Red Label / Bot.1970s,Johnnie Walker,75cl / 40%,125.0,(£200 per litre),Blended Scotch Whisky,,In Stock,https://www.thewhiskyexchange.com/p/5737/johnnie-walker-red-label-bot1970s,https://img.thewhiskyexchange.com/380/blend_joh36.jpg?v=202407241,,,150,,,,,,,,Scotland,,,Yes
2026-01-15 09:18:49,Blended,5323,Johnnie Walker Swing / Bot.1970s,Johnnie Walker,75cl / 40%,229.17,(£366.67 per litre),Blended Scotch Whisky,,In Stock,https://www.thewhiskyexchange.com/p/5323/johnnie-walker-swing-bot1970s,https://img.thewhiskyexchange.com/380/blend_joh33.jpg?v=202407241,,,275,,,,,,,,Scotland,,,Yes
2026-01-15 09:18:49,Blended,5319,Grant's Castle Grant / 21 Year Old / Bot.1980s,Grant's,75cl / 43%,208.33,(£333.33 per litre),Blended Scotch Whisky,,In Stock,https://www.thewhiskyexchange.com/p/5319/grants-castle-grant-21-year-old-bot1980s,https://img.thewhiskyexchange.com/380/blend_gra10.jpg?v=202407241,,,,,,,,,,,,,,
2026-01-15 09:18:49,Blended,636,Royal Salute LXX 21 Year Old,Royal Salute,70cl / 40%,375.0,(£642.86 per litre),Blended Scotch Whisky,,In Stock,https://www.thewhiskyexchange.com/p/636/royal-salute-lxx-21-year-old,https://img.thewhiskyexchange.com/380/blend_roy8.jpg?v=202407241,5,4,450,,,,,,,,Scotland,,,Yes
2026-01-15 09:18:49,Blended,632,Royal Salute 25 Year Old / Royal Wedding Crown Prince of Japan,Royal Salute,70cl / 40%,2083.33,"(£3,571.43 per litre)",Blended Scotch Whisky,,In Stock,https://www.thewhiskyexchange.com/p/632/royal-salute-25-year-old-royal-wedding-crown-prince-of-japan,https://img.thewhiskyexchange.com/380/blend_roy4.jpg?v=202407241,,,2500,,,,,,,Chivas Brothers,Scotland,,,Yes
2026-01-15 09:18:49,Blended,609,Old Parr Seasons / Winter,Old Parr,50cl / 43%,104.17,(£250 per litre),Blended Scotch Whisky,,In Stock,https://www.thewhiskyexchange.com/p/609/old-parr-seasons-winter,https://img.thewhiskyexchange.com/380/blend_par5.jpg?v=202407241,,,125,,,,,,,,Scotland,,,Yes
2026-01-15 09:18:49,Blended,607,Old Parr Seasons / Summer,Old Parr,50cl / 43%,104.17,(£250 per litre),Blended Scotch Whisky,,In Stock,https://www.thewhiskyexchange.com/p/607/old-parr-seasons-summer,https://img.thewhiskyexchange.com/380/blend_par3.jpg?v=202407241,,,,,,,,,,,,,,
2026-01-15 09:18:49,Blended,605,Old Parr Seasons / Spring,Old Parr,50cl / 43%,104.17,(£250 per litre),Blended Scotch Whisky,,In Stock,https://www.thewhiskyexchange.com/p/605/old-parr-seasons-spring,https://img.thewhiskyexchange.com/380/blend_par1.jpg?v=202407241,,,125,,,,,,,,Scotland,,,Yes
2026-01-15 09:18:49,Blended,575,Johnnie Walker Kilmarnock 400 / 15 Year Old / Bot.1990s,Johnnie Walker,75cl / 43%,666.67,"(£1,066.67 per litre)",Blended Scotch Whisky,,In Stock,https://www.thewhiskyexchange.com/p/575/johnnie-walker-kilmarnock-400-15-year-old-bot1990s,https://img.thewhiskyexchange.com/380/blend_joh32.jpg?v=202407241,,,800,,,,,,,,Scotland,,,Yes
2026-01-15 09:18:49,Blended,574,Johnnie Walker Black Label / Bot.1960s,Johnnie Walker,75cl / 40%,291.67,(£466.67 per litre),Blended Scotch Whisky,,In Stock,https://www.thewhiskyexchange.com/p/574/johnnie-walker-black-label-bot1960s,https://img.thewhiskyexchange.com/380/blend_joh31.jpg?v=202407241,,,350,,,,,,,,Scotland,,,Yes
2026-01-15 09:18:49,Blended,573,Johnnie Walker Old Harmony / Bot.1970s,Johnnie Walker,75cl / 43%,249.17,(£398.67 per litre),Blended Scotch Whisky,,In Stock,https://www.thewhiskyexchange.com/p/573/johnnie-walker-old-harmony-bot1970s,https://img.thewhiskyexchange.com/380/blend_joh30.jpg?v=202407241,,,,,,,,,,,,,,
2026-01-15 09:18:49,Blended,571,Johnnie Walker 15 Year Old / Gold Label / Bot.1990s,Johnnie Walker,75cl / 43%,416.67,(£666.67 per litre),Blended Scotch Whisky,,In Stock,https://www.thewhiskyexchange.com/p/571/johnnie-walker-15-year-old-gold-label-bot1990s,https://img.thewhiskyexchange.com/380/blend_joh28.jpg?v=202407241,,,500,,,,,,,,Scotland,,,Yes
2026-01-15 09:18:49,Blended,568,Johnnie Walker Gold Label 18 Year Old / Litre,Johnnie Walker,100cl / 43%,165.83,,Blended Scotch Whisky,,In Stock,https://www.thewhiskyexchange.com/p/568/johnnie-walker-gold-label-18-year-old-litre,https://img.thewhiskyexchange.com/380/blend_joh25.jpg?v=202407241,,,199,,,,,,,,Scotland,,,Yes
2026-01-15 09:18:53,Blended,566,Johnnie Walker Quest,Johnnie Walker,75cl / 40%,375.0,(£600 per litre),Blended Scotch Whisky,,In Stock,https://www.thewhiskyexchange.com/p/566/johnnie-walker-quest,https://img.thewhiskyexchange.com/380/blend_joh23.jpg?v=202407241,,,450,,,,,,,,Scotland,,,Yes
2026-01-15 09:18:53,Blended,539,Islay Mist 8 Year Old / Bot.1980s,Islay Mist,75cl / 40%,249.17,(£398.67 per litre),Blended Scotch Whisky,,In Stock,https://www.thewhiskyexchange.com/p/539/islay-mist-8-year-old-bot1980s,https://img.thewhiskyexchange.com/380/blend_isl4.jpg?v=202407241,,,,,,,,,,,,,,
2026-01-15 09:18:53,Blended,523,Grants Character Jug 25 Year Old / Royal Doulton,Grant's,75cl / 43%,249.17,(£398.67 per litre),Blended Scotch Whisky,,In Stock,https://www.thewhiskyexchange.com/p/523/grants-character-jug-25-year-old-royal-doulton,https://img.thewhiskyexchange.com/380/blend_gra8.jpg?v=202407241,,,299,,,,,,,,Scotland,,,Yes
2026-01-15 09:18:53,Blended,512,Friar John Cor / Quincentenary / White Box,Friar John Cor,100cl / 43%,291.67,,Blended Scotch Whisky,,In Stock,https://www.thewhiskyexchange.com/p/512/friar-john-cor-quincentenary-white-box,https://img.thewhiskyexchange.com/380/blend_fri3.jpg?v=202407241,,,350,,,,,,,,Scotland,,,Yes
2026-01-15 09:18:53,Blended,510,Friar John Cor / Quincentenary,Friar John Cor,100cl / 43%,291.67,,Blended Scotch Whisky,,In Stock,https://www.thewhiskyexchange.com/p/510/friar-john-cor-quincentenary,https://img.thewhiskyexchange.com/380/blend_fri1.jpg?v=202407241,,,350,,,,,,,,Scotland,,,Yes
2026-01-15 09:18:53,Blended,480,Dimple / Bot.1950s / Spring Cap,Dimple,75cl / 40%,208.33,(£333.33 per litre),Blended Scotch Whisky,,In Stock,https://www.thewhiskyexchange.com/p/480/dimple-bot1950s-spring-cap,https://img.thewhiskyexchange.com/380/blend_dim2.jpg?v=202407241,,,250,,,,,,,,Scotland,,,Yes
2026-01-15 09:18:53,Blended,461,Cutty Sark Golden Jubilee Decanter,Cutty Sark,70cl / 43%,208.33,(£357.14 per litre),Blended Scotch Whisky,,In Stock,https://www.thewhiskyexchange.com/p/461/cutty-sark-golden-jubilee-decanter,https://img.thewhiskyexchange.com/380/blend_cut3.jpg?v=202407241,,,250,,,,,,,,Scotland,,,Yes
2026-01-15 09:18:53,Blended,452,Chivas Regal 12 Year Old / Large Bottle,Chivas Regal,450cl / 40%,206.67,(£55.11 per litre),Blended Scotch Whisky,,In Stock,https://www.thewhiskyexchange.com/p/452/chivas-regal-12-year-old-large-bottle,https://img.thewhiskyexchange.com/380/blend_chi5.jpg?v=202407241,4.5,3,248,,,,,,,,Scotland,,,Yes
2026-01-15 09:18:53,Blended,441,Buchanan's Deluxe / Bot.1950s / Spring Cap,Buchanan's,75cl / 40%,291.67,(£466.67 per litre),Blended Scotch Whisky,,In Stock,https://www.thewhiskyexchange.com/p/441/buchanans-deluxe-bot1950s-spring-cap,https://img.thewhiskyexchange.com/380/blend_buc3.jpg?v=202407241,,,350,,,,,,,,Scotland,,,Yes
2026-01-15 09:18:53,Blended,428,Bell's 12 Year Old / Bot.1970s,Bell's,75cl / 40%,165.83,(£265.33 per litre),Blended Scotch Whisky,,In Stock,https://www.thewhiskyexchange.com/p/428/bells-12-year-old-bot1970s,https://img.thewhiskyexchange.com/380/blend_bel8.jpg?v=202407241,,,,,,,,,,,,,,
2026-01-15 09:18:53,Blended,426,Bell's Royal Reserve 20 Year Old / Bot.1970s,Bell's,75.2cl / 40%,187.5,(£299.20 per litre),Blended Scotch Whisky,,In Stock,https://www.thewhiskyexchange.com/p/426/bells-royal-reserve-20-year-old-bot1970s,https://img.thewhiskyexchange.com/380/blend_bel4.jpg?v=202407241,,,225,,,,,,,,Scotland,,,Yes
2026-01-15 09:18:53,Blended,417,Ballantine's 30 Year Old / Bot.1970s,Ballantine's,75cl / 43%,625.0,"(£1,000 per litre)",Blended Scotch Whisky,,In Stock,https://www.thewhiskyexchange.com/p/417/ballantines-30-year-old-bot1970s,https://img.thewhiskyexchange.com/380/blend_bal3.jpg?v=202407241,,,750,,,,,,,,Scotland,,,Yes
2026-01-15 09:18:53,Blended,416,Ballantine's 21 Year Old / Blue Ceramic Decanter,Ballantine's,70cl / 43%,208.33,(£357.14 per litre),Blended Scotch Whisky,,In Stock,https://www.thewhiskyexchange.com/p/416/ballantines-21-year-old-blue-ceramic-decanter,https://img.thewhiskyexchange.com/380/blend_bal2.jpg?v=202407241,,,250,,,,,,,,Scotland,,,Yes
2026-01-15 09:18:53,Blended,364,Bell's Christmas 1988,Bell's,75cl / 43%,208.33,(£333.33 per litre),Blended Scotch Whisky,,In Stock,https://www.thewhiskyexchange.com/p/364/bells-christmas-1988,https://img.thewhiskyexchange.com/380/bells_xms88.jpg?v=202407241,,,,,,,,,,,,,,
2026-01-15 09:18:53,Blended,338,Bell's Prince Henry (1984),Bell's,50cl / 40%,83.29,(£199.90 per litre),Blended Scotch Whisky,,In Stock,https://www.thewhiskyexchange.com/p/338/bells-prince-henry-1984,https://img.thewhiskyexchange.com/380/bells_hen1.jpg?v=202407241,,,99.95,,,,,,,,Scotland,,,Yes
